INSERT INTO metadb (identifier, namespace, title, abstract, metadata_link, "type", modified, canton, data_responsibility, x_min, y_min, x_max, y_max) VALUES ('010588ab-86e1-41b9-b1f9-94e72d561422', 'http://www.geo.so.ch', 'Amtliche Vermessung - Gemeinde Egerkingen (2401)', 'Amtliche Vermessung der Gemeinde Egerkingen (2401)', 'http://www.geocat.ch/geonetwork/srv/ger/csw?service=CSW&amp;version=2.0.2&amp;request=GetRecordById&amp;elementSetName=full&amp;outputFormat=application/xml&amp;outputSchema=IsoRecord&amp;id=ab7a03e2-4bdd-4a49-bd92-4b0028bfcd51', 100, '2015-04-01 06:00:00', 'so', 'agi', 7.77483068787, 47.3107481378, 7.81947669788, 47.3407178753);
INSERT INTO metadb_relation (metadb_id_parent, metadb_id_child) VALUES ('3d69c24a-3bc0-42fc-a4f1-3aef480fc5b9', '010588ab-86e1-41b9-b1f9-94e72d561422');
INSERT INTO online_dataset (metadb_id, uri, format_mime, format_txt, srs_epsg, srs_txt, modified) VALUES ('010588ab-86e1-41b9-b1f9-94e72d561422', 'http://www.catais.org/geodaten/ch/so/agi/av/dm01avch24d/itf/lv03/ch_240100.itf', 'text/x-interlis1', 'INTERLIS1', 21781, 'CH1903/LV03', '2015-04-01 06:00:00');
INSERT INTO metadb (identifier, namespace, title, abstract, metadata_link, "type", modified, canton, data_responsibility, x_min, y_min, x_max, y_max) VALUES ('1bda8f56-063c-48e4-b926-a4155cd70caf', 'http://www.geo.so.ch', 'Amtliche Vermessung - Gemeinde Härkingen (2402)', 'Amtliche Vermessung der Gemeinde Härkingen (2402)', 'http://www.geocat.ch/geonetwork/srv/ger/csw?service=CSW&amp;version=2.0.2&amp;request=GetRecordById&amp;elementSetName=full&amp;outputFormat=application/xml&amp;outputSchema=IsoRecord&amp;id=ab7a03e2-4bdd-4a49-bd92-4b0028bfcd51', 100, '2015-04-01 06:00:00', 'so', 'agi', 7.80106533084, 47.2861544256, 7.84057026181, 47.3220769378);
INSERT INTO metadb_relation (metadb_id_parent, metadb_id_child) VALUES ('3d69c24a-3bc0-42fc-a4f1-3aef480fc5b9', '1bda8f56-063c-48e4-b926-a4155cd70caf');
INSERT INTO online_dataset (metadb_id, uri, format_mime, format_txt, srs_epsg, srs_txt, modified) VALUES ('1bda8f56-063c-48e4-b926-a4155cd70caf', 'http://www.catais.org/geodaten/ch/so/agi/av/dm01avch24d/itf/lv03/ch_240200.itf', 'text/x-interlis1', 'INTERLIS1', 21781, 'CH1903/LV03', '2015-04-01 06:00:00');
INSERT INTO metadb (identifier, namespace, title, abstract, metadata_link, "type", modified, canton, data_responsibility, x_min, y_min, x_max, y_max) VALUES ('bf1356ff-c223-447a-bf7b-4695b157a8b0', 'http://www.geo.so.ch', 'Amtliche Vermessung - Gemeinde Kestenholz (2403)', 'Amtliche Vermessung der Gemeinde Kestenholz (2403)', 'http://www.geocat.ch/geonetwork/srv/ger/csw?service=CSW&amp;version=2.0.2&amp;request=GetRecordById&amp;elementSetName=full&amp;outputFormat=application/xml&amp;outputSchema=IsoRecord&amp;id=ab7a03e2-4bdd-4a49-bd92-4b0028bfcd51', 100, '2015-04-01 06:00:00', 'so', 'agi', 7.73413564407, 47.2570224606, 7.7764126049, 47.2973138954);
INSERT INTO metadb_relation (metadb_id_parent, metadb_id_child) VALUES ('3d69c24a-3bc0-42fc-a4f1-3aef480fc5b9', 'bf1356ff-c223-447a-bf7b-4695b157a8b0');
INSERT INTO online_dataset (metadb_id, uri, format_mime, format_txt, srs_epsg, srs_txt, modified) VALUES ('bf1356ff-c223-447a-bf7b-4695b157a8b0', 'http://www.catais.org/geodaten/ch/so/agi/av/dm01avch24d/itf/lv03/ch_240300.itf', 'text/x-interlis1', 'INTERLIS1', 21781, 'CH1903/LV03', '2015-04-01 06:00:00');
INSERT INTO metadb (identifier, namespace, title, abstract, metadata_link, "type", modified, canton, data_responsibility, x_min, y_min, x_max, y_max) VALUES ('fffcfdae-082d-48df-ba54-c48df3f7d207', 'http://www.geo.so.ch', 'Amtliche Vermessung - Gemeinde Neuendorf (2404)', 'Amtliche Vermessung der Gemeinde Neuendorf (2404)', 'http://www.geocat.ch/geonetwork/srv/ger/csw?service=CSW&amp;version=2.0.2&amp;request=GetRecordById&amp;elementSetName=full&amp;outputFormat=application/xml&amp;outputSchema=IsoRecord&amp;id=ab7a03e2-4bdd-4a49-bd92-4b0028bfcd51', 100, '2015-04-01 06:00:00', 'so', 'agi', 7.7789956915, 47.2799370261, 7.8224612105, 47.3140732429);
INSERT INTO metadb_relation (metadb_id_parent, metadb_id_child) VALUES ('3d69c24a-3bc0-42fc-a4f1-3aef480fc5b9', 'fffcfdae-082d-48df-ba54-c48df3f7d207');
INSERT INTO online_dataset (metadb_id, uri, format_mime, format_txt, srs_epsg, srs_txt, modified) VALUES ('fffcfdae-082d-48df-ba54-c48df3f7d207', 'http://www.catais.org/geodaten/ch/so/agi/av/dm01avch24d/itf/lv03/ch_240400.itf', 'text/x-interlis1', 'INTERLIS1', 21781, 'CH1903/LV03', '2015-04-01 06:00:00');
INSERT INTO metadb (identifier, namespace, title, abstract, metadata_link, "type", modified, canton, data_responsibility, x_min, y_min, x_max, y_max) VALUES ('4741bd4d-d44d-4114-a5ec-63dab52fc08d', 'http://www.geo.so.ch', 'Amtliche Vermessung - Gemeinde Niederbuchsiten (2405)', 'Amtliche Vermessung der Gemeinde Niederbuchsiten (2405)', 'http://www.geocat.ch/geonetwork/srv/ger/csw?service=CSW&amp;version=2.0.2&amp;request=GetRecordById&amp;elementSetName=full&amp;outputFormat=application/xml&amp;outputSchema=IsoRecord&amp;id=ab7a03e2-4bdd-4a49-bd92-4b0028bfcd51', 100, '2015-04-01 06:00:00', 'so', 'agi', 7.75638982409, 47.2745698371, 7.79997883209, 47.3027946387);
INSERT INTO metadb_relation (metadb_id_parent, metadb_id_child) VALUES ('3d69c24a-3bc0-42fc-a4f1-3aef480fc5b9', '4741bd4d-d44d-4114-a5ec-63dab52fc08d');
INSERT INTO online_dataset (metadb_id, uri, format_mime, format_txt, srs_epsg, srs_txt, modified) VALUES ('4741bd4d-d44d-4114-a5ec-63dab52fc08d', 'http://www.catais.org/geodaten/ch/so/agi/av/dm01avch24d/itf/lv03/ch_240500.itf', 'text/x-interlis1', 'INTERLIS1', 21781, 'CH1903/LV03', '2015-04-01 06:00:00');
INSERT INTO metadb (identifier, namespace, title, abstract, metadata_link, "type", modified, canton, data_responsibility, x_min, y_min, x_max, y_max) VALUES ('c795ee37-38f1-4edf-8719-97a37e317aeb', 'http://www.geo.so.ch', 'Amtliche Vermessung - Gemeinde Oberbuchsiten (2406)', 'Amtliche Vermessung der Gemeinde Oberbuchsiten (2406)', 'http://www.geocat.ch/geonetwork/srv/ger/csw?service=CSW&amp;version=2.0.2&amp;request=GetRecordById&amp;elementSetName=full&amp;outputFormat=application/xml&amp;outputSchema=IsoRecord&amp;id=ab7a03e2-4bdd-4a49-bd92-4b0028bfcd51', 100, '2015-04-01 06:00:00', 'so', 'agi', 7.7298201563, 47.2954702049, 7.78549377386, 47.3297406944);
INSERT INTO metadb_relation (metadb_id_parent, metadb_id_child) VALUES ('3d69c24a-3bc0-42fc-a4f1-3aef480fc5b9', 'c795ee37-38f1-4edf-8719-97a37e317aeb');
INSERT INTO online_dataset (metadb_id, uri, format_mime, format_txt, srs_epsg, srs_txt, modified) VALUES ('c795ee37-38f1-4edf-8719-97a37e317aeb', 'http://www.catais.org/geodaten/ch/so/agi/av/dm01avch24d/itf/lv03/ch_240600.itf', 'text/x-interlis1', 'INTERLIS1', 21781, 'CH1903/LV03', '2015-04-01 06:00:00');
INSERT INTO metadb (identifier, namespace, title, abstract, metadata_link, "type", modified, canton, data_responsibility, x_min, y_min, x_max, y_max) VALUES ('625089df-7bd8-4dcb-970c-075c7ccba8cb', 'http://www.geo.so.ch', 'Amtliche Vermessung - Gemeinde Oensingen (2407)', 'Amtliche Vermessung der Gemeinde Oensingen (2407)', 'http://www.geocat.ch/geonetwork/srv/ger/csw?service=CSW&amp;version=2.0.2&amp;request=GetRecordById&amp;elementSetName=full&amp;outputFormat=application/xml&amp;outputSchema=IsoRecord&amp;id=ab7a03e2-4bdd-4a49-bd92-4b0028bfcd51', 100, '2015-04-01 06:00:00', 'so', 'agi', 7.68476938315, 47.2591127047, 7.75222887843, 47.3089303361);
INSERT INTO metadb_relation (metadb_id_parent, metadb_id_child) VALUES ('3d69c24a-3bc0-42fc-a4f1-3aef480fc5b9', '625089df-7bd8-4dcb-970c-075c7ccba8cb');
INSERT INTO online_dataset (metadb_id, uri, format_mime, format_txt, srs_epsg, srs_txt, modified) VALUES ('625089df-7bd8-4dcb-970c-075c7ccba8cb', 'http://www.catais.org/geodaten/ch/so/agi/av/dm01avch24d/itf/lv03/ch_240700.itf', 'text/x-interlis1', 'INTERLIS1', 21781, 'CH1903/LV03', '2015-04-01 06:00:00');
INSERT INTO metadb (identifier, namespace, title, abstract, metadata_link, "type", modified, canton, data_responsibility, x_min, y_min, x_max, y_max) VALUES ('1758a067-51ef-49a6-955f-bbcafe1eea23', 'http://www.geo.so.ch', 'Amtliche Vermessung - Gemeinde Wolfwil (2408)', 'Amtliche Vermessung der Gemeinde Wolfwil (2408)', 'http://www.geocat.ch/geonetwork/srv/ger/csw?service=CSW&amp;version=2.0.2&amp;request=GetRecordById&amp;elementSetName=full&amp;outputFormat=application/xml&amp;outputSchema=IsoRecord&amp;id=ab7a03e2-4bdd-4a49-bd92-4b0028bfcd51', 100, '2015-04-01 06:00:00', 'so', 'agi', 7.76478651066, 47.2560973836, 7.82813361925, 47.2824867026);
INSERT INTO metadb_relation (metadb_id_parent, metadb_id_child) VALUES ('3d69c24a-3bc0-42fc-a4f1-3aef480fc5b9', '1758a067-51ef-49a6-955f-bbcafe1eea23');
INSERT INTO online_dataset (metadb_id, uri, format_mime, format_txt, srs_epsg, srs_txt, modified) VALUES ('1758a067-51ef-49a6-955f-bbcafe1eea23', 'http://www.catais.org/geodaten/ch/so/agi/av/dm01avch24d/itf/lv03/ch_240800.itf', 'text/x-interlis1', 'INTERLIS1', 21781, 'CH1903/LV03', '2015-04-01 06:00:00');
INSERT INTO metadb (identifier, namespace, title, abstract, metadata_link, "type", modified, canton, data_responsibility, x_min, y_min, x_max, y_max) VALUES ('4bfba8fc-e9fb-4edc-90fd-b23ee6f0eed9', 'http://www.geo.so.ch', 'Amtliche Vermessung - Gemeinde Aedermannsdorf (2421)', 'Amtliche Vermessung der Gemeinde Aedermannsdorf (2421)', 'http://www.geocat.ch/geonetwork/srv/ger/csw?service=CSW&amp;version=2.0.2&amp;request=GetRecordById&amp;elementSetName=full&amp;outputFormat=application/xml&amp;outputSchema=IsoRecord&amp;id=ab7a03e2-4bdd-4a49-bd92-4b0028bfcd51', 100, '2015-04-01 06:00:00', 'so', 'agi', 7.54806451892, 47.2801967293, 7.61933365289, 47.3335932703);
INSERT INTO metadb_relation (metadb_id_parent, metadb_id_child) VALUES ('3d69c24a-3bc0-42fc-a4f1-3aef480fc5b9', '4bfba8fc-e9fb-4edc-90fd-b23ee6f0eed9');
INSERT INTO online_dataset (metadb_id, uri, format_mime, format_txt, srs_epsg, srs_txt, modified) VALUES ('4bfba8fc-e9fb-4edc-90fd-b23ee6f0eed9', 'http://www.catais.org/geodaten/ch/so/agi/av/dm01avch24d/itf/lv03/ch_242100.itf', 'text/x-interlis1', 'INTERLIS1', 21781, 'CH1903/LV03', '2015-04-01 06:00:00');
INSERT INTO metadb (identifier, namespace, title, abstract, metadata_link, "type", modified, canton, data_responsibility, x_min, y_min, x_max, y_max) VALUES ('113ddfff-90ec-460f-9739-1960959a303b', 'http://www.geo.so.ch', 'Amtliche Vermessung - Gemeinde Balsthal (2422)', 'Amtliche Vermessung der Gemeinde Balsthal (2422)', 'http://www.geocat.ch/geonetwork/srv/ger/csw?service=CSW&amp;version=2.0.2&amp;request=GetRecordById&amp;elementSetName=full&amp;outputFormat=application/xml&amp;outputSchema=IsoRecord&amp;id=ab7a03e2-4bdd-4a49-bd92-4b0028bfcd51', 100, '2015-04-01 06:00:00', 'so', 'agi', 7.67040112549, 47.2890113111, 7.74540520807, 47.3369707158);
INSERT INTO metadb_relation (metadb_id_parent, metadb_id_child) VALUES ('3d69c24a-3bc0-42fc-a4f1-3aef480fc5b9', '113ddfff-90ec-460f-9739-1960959a303b');
INSERT INTO online_dataset (metadb_id, uri, format_mime, format_txt, srs_epsg, srs_txt, modified) VALUES ('113ddfff-90ec-460f-9739-1960959a303b', 'http://www.catais.org/geodaten/ch/so/agi/av/dm01avch24d/itf/lv03/ch_242200.itf', 'text/x-interlis1', 'INTERLIS1', 21781, 'CH1903/LV03', '2015-04-01 06:00:00');
INSERT INTO metadb (identifier, namespace, title, abstract, metadata_link, "type", modified, canton, data_responsibility, x_min, y_min, x_max, y_max) VALUES ('f2cd2d51-8af4-469a-bb1f-8e2d2098df99', 'http://www.geo.so.ch', 'Amtliche Vermessung - Gemeinde Gänsbrunnen (2423)', 'Amtliche Vermessung der Gemeinde Gänsbrunnen (2423)', 'http://www.geocat.ch/geonetwork/srv/ger/csw?service=CSW&amp;version=2.0.2&amp;request=GetRecordById&amp;elementSetName=full&amp;outputFormat=application/xml&amp;outputSchema=IsoRecord&amp;id=ab7a03e2-4bdd-4a49-bd92-4b0028bfcd51', 100, '2015-04-01 06:00:00', 'so', 'agi', 7.41618124538, 47.2427278335, 7.5171332675, 47.2925138762);
INSERT INTO metadb_relation (metadb_id_parent, metadb_id_child) VALUES ('3d69c24a-3bc0-42fc-a4f1-3aef480fc5b9', 'f2cd2d51-8af4-469a-bb1f-8e2d2098df99');
INSERT INTO online_dataset (metadb_id, uri, format_mime, format_txt, srs_epsg, srs_txt, modified) VALUES ('f2cd2d51-8af4-469a-bb1f-8e2d2098df99', 'http://www.catais.org/geodaten/ch/so/agi/av/dm01avch24d/itf/lv03/ch_242300.itf', 'text/x-interlis1', 'INTERLIS1', 21781, 'CH1903/LV03', '2015-04-01 06:00:00');
INSERT INTO metadb (identifier, namespace, title, abstract, metadata_link, "type", modified, canton, data_responsibility, x_min, y_min, x_max, y_max) VALUES ('dfdb8f37-ee09-4993-a52a-c4df1e0e6063', 'http://www.geo.so.ch', 'Amtliche Vermessung - Gemeinde Herbetswil (2424)', 'Amtliche Vermessung der Gemeinde Herbetswil (2424)', 'http://www.geocat.ch/geonetwork/srv/ger/csw?service=CSW&amp;version=2.0.2&amp;request=GetRecordById&amp;elementSetName=full&amp;outputFormat=application/xml&amp;outputSchema=IsoRecord&amp;id=ab7a03e2-4bdd-4a49-bd92-4b0028bfcd51', 100, '2015-04-01 06:00:00', 'so', 'agi', 7.51453802343, 47.2721308755, 7.60710466483, 47.3196757957);
INSERT INTO metadb_relation (metadb_id_parent, metadb_id_child) VALUES ('3d69c24a-3bc0-42fc-a4f1-3aef480fc5b9', 'dfdb8f37-ee09-4993-a52a-c4df1e0e6063');
INSERT INTO online_dataset (metadb_id, uri, format_mime, format_txt, srs_epsg, srs_txt, modified) VALUES ('dfdb8f37-ee09-4993-a52a-c4df1e0e6063', 'http://www.catais.org/geodaten/ch/so/agi/av/dm01avch24d/itf/lv03/ch_242400.itf', 'text/x-interlis1', 'INTERLIS1', 21781, 'CH1903/LV03', '2015-04-01 06:00:00');
INSERT INTO metadb (identifier, namespace, title, abstract, metadata_link, "type", modified, canton, data_responsibility, x_min, y_min, x_max, y_max) VALUES ('dea89cbe-930a-4969-95ea-ad5f557132a5', 'http://www.geo.so.ch', 'Amtliche Vermessung - Gemeinde Holderbank (SO) (2425)', 'Amtliche Vermessung der Gemeinde Holderbank (SO) (2425)', 'http://www.geocat.ch/geonetwork/srv/ger/csw?service=CSW&amp;version=2.0.2&amp;request=GetRecordById&amp;elementSetName=full&amp;outputFormat=application/xml&amp;outputSchema=IsoRecord&amp;id=ab7a03e2-4bdd-4a49-bd92-4b0028bfcd51', 100, '2015-04-01 06:00:00', 'so', 'agi', 7.72329327238, 47.3182028541, 7.78859203079, 47.344326785);
INSERT INTO metadb_relation (metadb_id_parent, metadb_id_child) VALUES ('3d69c24a-3bc0-42fc-a4f1-3aef480fc5b9', 'dea89cbe-930a-4969-95ea-ad5f557132a5');
INSERT INTO online_dataset (metadb_id, uri, format_mime, format_txt, srs_epsg, srs_txt, modified) VALUES ('dea89cbe-930a-4969-95ea-ad5f557132a5', 'http://www.catais.org/geodaten/ch/so/agi/av/dm01avch24d/itf/lv03/ch_242500.itf', 'text/x-interlis1', 'INTERLIS1', 21781, 'CH1903/LV03', '2015-04-01 06:00:00');
INSERT INTO metadb (identifier, namespace, title, abstract, metadata_link, "type", modified, canton, data_responsibility, x_min, y_min, x_max, y_max) VALUES ('7e08df73-9110-4baa-bbf0-409923402942', 'http://www.geo.so.ch', 'Amtliche Vermessung - Gemeinde Laupersdorf (2426)', 'Amtliche Vermessung der Gemeinde Laupersdorf (2426)', 'http://www.geocat.ch/geonetwork/srv/ger/csw?service=CSW&amp;version=2.0.2&amp;request=GetRecordById&amp;elementSetName=full&amp;outputFormat=application/xml&amp;outputSchema=IsoRecord&amp;id=ab7a03e2-4bdd-4a49-bd92-4b0028bfcd51', 100, '2015-04-01 06:00:00', 'so', 'agi', 7.62418700699, 47.2828945018, 7.67909720877, 47.3367770912);
INSERT INTO metadb_relation (metadb_id_parent, metadb_id_child) VALUES ('3d69c24a-3bc0-42fc-a4f1-3aef480fc5b9', '7e08df73-9110-4baa-bbf0-409923402942');
INSERT INTO online_dataset (metadb_id, uri, format_mime, format_txt, srs_epsg, srs_txt, modified) VALUES ('7e08df73-9110-4baa-bbf0-409923402942', 'http://www.catais.org/geodaten/ch/so/agi/av/dm01avch24d/itf/lv03/ch_242600.itf', 'text/x-interlis1', 'INTERLIS1', 21781, 'CH1903/LV03', '2015-04-01 06:00:00');
INSERT INTO metadb (identifier, namespace, title, abstract, metadata_link, "type", modified, canton, data_responsibility, x_min, y_min, x_max, y_max) VALUES ('7b8be421-b80e-4c7b-a723-c54a8fd7fc7d', 'http://www.geo.so.ch', 'Amtliche Vermessung - Gemeinde Matzendorf (2427)', 'Amtliche Vermessung der Gemeinde Matzendorf (2427)', 'http://www.geocat.ch/geonetwork/srv/ger/csw?service=CSW&amp;version=2.0.2&amp;request=GetRecordById&amp;elementSetName=full&amp;outputFormat=application/xml&amp;outputSchema=IsoRecord&amp;id=ab7a03e2-4bdd-4a49-bd92-4b0028bfcd51', 100, '2015-04-01 06:00:00', 'so', 'agi', 7.60626936283, 47.2809935305, 7.65127287601, 47.3347591871);
INSERT INTO metadb_relation (metadb_id_parent, metadb_id_child) VALUES ('3d69c24a-3bc0-42fc-a4f1-3aef480fc5b9', '7b8be421-b80e-4c7b-a723-c54a8fd7fc7d');
INSERT INTO online_dataset (metadb_id, uri, format_mime, format_txt, srs_epsg, srs_txt, modified) VALUES ('7b8be421-b80e-4c7b-a723-c54a8fd7fc7d', 'http://www.catais.org/geodaten/ch/so/agi/av/dm01avch24d/itf/lv03/ch_242700.itf', 'text/x-interlis1', 'INTERLIS1', 21781, 'CH1903/LV03', '2015-04-01 06:00:00');
INSERT INTO metadb (identifier, namespace, title, abstract, metadata_link, "type", modified, canton, data_responsibility, x_min, y_min, x_max, y_max) VALUES ('93d46fd7-fafc-4bcc-90eb-5567a51b606b', 'http://www.geo.so.ch', 'Amtliche Vermessung - Gemeinde Mümliswil-Ramiswil (2428)', 'Amtliche Vermessung der Gemeinde Mümliswil-Ramiswil (2428)', 'http://www.geocat.ch/geonetwork/srv/ger/csw?service=CSW&amp;version=2.0.2&amp;request=GetRecordById&amp;elementSetName=full&amp;outputFormat=application/xml&amp;outputSchema=IsoRecord&amp;id=ab7a03e2-4bdd-4a49-bd92-4b0028bfcd51', 100, '2015-04-01 06:00:00', 'so', 'agi', 7.57680279002, 47.325716079, 7.75151933704, 47.3724462394);
INSERT INTO metadb_relation (metadb_id_parent, metadb_id_child) VALUES ('3d69c24a-3bc0-42fc-a4f1-3aef480fc5b9', '93d46fd7-fafc-4bcc-90eb-5567a51b606b');
INSERT INTO online_dataset (metadb_id, uri, format_mime, format_txt, srs_epsg, srs_txt, modified) VALUES ('93d46fd7-fafc-4bcc-90eb-5567a51b606b', 'http://www.catais.org/geodaten/ch/so/agi/av/dm01avch24d/itf/lv03/ch_242800.itf', 'text/x-interlis1', 'INTERLIS1', 21781, 'CH1903/LV03', '2015-04-01 06:00:00');
INSERT INTO metadb (identifier, namespace, title, abstract, metadata_link, "type", modified, canton, data_responsibility, x_min, y_min, x_max, y_max) VALUES ('f03d7e0c-e631-4d51-93d0-9597b559630b', 'http://www.geo.so.ch', 'Amtliche Vermessung - Gemeinde Welschenrohr (2429)', 'Amtliche Vermessung der Gemeinde Welschenrohr (2429)', 'http://www.geocat.ch/geonetwork/srv/ger/csw?service=CSW&amp;version=2.0.2&amp;request=GetRecordById&amp;elementSetName=full&amp;outputFormat=application/xml&amp;outputSchema=IsoRecord&amp;id=ab7a03e2-4bdd-4a49-bd92-4b0028bfcd51', 100, '2015-04-01 06:00:00', 'so', 'agi', 7.48608002548, 47.2536335793, 7.55928847342, 47.2934168638);
INSERT INTO metadb_relation (metadb_id_parent, metadb_id_child) VALUES ('3d69c24a-3bc0-42fc-a4f1-3aef480fc5b9', 'f03d7e0c-e631-4d51-93d0-9597b559630b');
INSERT INTO online_dataset (metadb_id, uri, format_mime, format_txt, srs_epsg, srs_txt, modified) VALUES ('f03d7e0c-e631-4d51-93d0-9597b559630b', 'http://www.catais.org/geodaten/ch/so/agi/av/dm01avch24d/itf/lv03/ch_242900.itf', 'text/x-interlis1', 'INTERLIS1', 21781, 'CH1903/LV03', '2015-04-01 06:00:00');
INSERT INTO metadb (identifier, namespace, title, abstract, metadata_link, "type", modified, canton, data_responsibility, x_min, y_min, x_max, y_max) VALUES ('ce288923-52af-4ce6-98d9-8758a4dec0dd', 'http://www.geo.so.ch', 'Amtliche Vermessung - Gemeinde Biezwil (2445)', 'Amtliche Vermessung der Gemeinde Biezwil (2445)', 'http://www.geocat.ch/geonetwork/srv/ger/csw?service=CSW&amp;version=2.0.2&amp;request=GetRecordById&amp;elementSetName=full&amp;outputFormat=application/xml&amp;outputSchema=IsoRecord&amp;id=ab7a03e2-4bdd-4a49-bd92-4b0028bfcd51', 100, '2015-04-01 06:00:00', 'so', 'agi', 7.40496094192, 47.0976359848, 7.43734902006, 47.12336422);
INSERT INTO metadb_relation (metadb_id_parent, metadb_id_child) VALUES ('3d69c24a-3bc0-42fc-a4f1-3aef480fc5b9', 'ce288923-52af-4ce6-98d9-8758a4dec0dd');
INSERT INTO online_dataset (metadb_id, uri, format_mime, format_txt, srs_epsg, srs_txt, modified) VALUES ('ce288923-52af-4ce6-98d9-8758a4dec0dd', 'http://www.catais.org/geodaten/ch/so/agi/av/dm01avch24d/itf/lv03/ch_244500.itf', 'text/x-interlis1', 'INTERLIS1', 21781, 'CH1903/LV03', '2015-04-01 06:00:00');
INSERT INTO metadb (identifier, namespace, title, abstract, metadata_link, "type", modified, canton, data_responsibility, x_min, y_min, x_max, y_max) VALUES ('732f89bf-ccfe-417c-966f-887be937dae8', 'http://www.geo.so.ch', 'Amtliche Vermessung - Gemeinde Lüterkofen-Ichertswil (2455)', 'Amtliche Vermessung der Gemeinde Lüterkofen-Ichertswil (2455)', 'http://www.geocat.ch/geonetwork/srv/ger/csw?service=CSW&amp;version=2.0.2&amp;request=GetRecordById&amp;elementSetName=full&amp;outputFormat=application/xml&amp;outputSchema=IsoRecord&amp;id=ab7a03e2-4bdd-4a49-bd92-4b0028bfcd51', 100, '2015-04-01 06:00:00', 'so', 'agi', 7.47959510578, 47.1520422364, 7.52292662716, 47.1751464432);
INSERT INTO metadb_relation (metadb_id_parent, metadb_id_child) VALUES ('3d69c24a-3bc0-42fc-a4f1-3aef480fc5b9', '732f89bf-ccfe-417c-966f-887be937dae8');
INSERT INTO online_dataset (metadb_id, uri, format_mime, format_txt, srs_epsg, srs_txt, modified) VALUES ('732f89bf-ccfe-417c-966f-887be937dae8', 'http://www.catais.org/geodaten/ch/so/agi/av/dm01avch24d/itf/lv03/ch_245500.itf', 'text/x-interlis1', 'INTERLIS1', 21781, 'CH1903/LV03', '2015-04-01 06:00:00');
INSERT INTO metadb (identifier, namespace, title, abstract, metadata_link, "type", modified, canton, data_responsibility, x_min, y_min, x_max, y_max) VALUES ('b1ff829f-d5c1-471c-978b-ea15a5b3f0ee', 'http://www.geo.so.ch', 'Amtliche Vermessung - Gemeinde Lüterswil-Gächliwil (2456)', 'Amtliche Vermessung der Gemeinde Lüterswil-Gächliwil (2456)', 'http://www.geocat.ch/geonetwork/srv/ger/csw?service=CSW&amp;version=2.0.2&amp;request=GetRecordById&amp;elementSetName=full&amp;outputFormat=application/xml&amp;outputSchema=IsoRecord&amp;id=ab7a03e2-4bdd-4a49-bd92-4b0028bfcd51', 100, '2015-04-01 06:00:00', 'so', 'agi', 7.42754962354, 47.1089431398, 7.45664564828, 47.1339986236);
INSERT INTO metadb_relation (metadb_id_parent, metadb_id_child) VALUES ('3d69c24a-3bc0-42fc-a4f1-3aef480fc5b9', 'b1ff829f-d5c1-471c-978b-ea15a5b3f0ee');
INSERT INTO online_dataset (metadb_id, uri, format_mime, format_txt, srs_epsg, srs_txt, modified) VALUES ('b1ff829f-d5c1-471c-978b-ea15a5b3f0ee', 'http://www.catais.org/geodaten/ch/so/agi/av/dm01avch24d/itf/lv03/ch_245600.itf', 'text/x-interlis1', 'INTERLIS1', 21781, 'CH1903/LV03', '2015-04-01 06:00:00');
INSERT INTO metadb (identifier, namespace, title, abstract, metadata_link, "type", modified, canton, data_responsibility, x_min, y_min, x_max, y_max) VALUES ('c124351d-ef79-4714-979c-c76df9f1783c', 'http://www.geo.so.ch', 'Amtliche Vermessung - Gemeinde Messen (2457)', 'Amtliche Vermessung der Gemeinde Messen (2457)', 'http://www.geocat.ch/geonetwork/srv/ger/csw?service=CSW&amp;version=2.0.2&amp;request=GetRecordById&amp;elementSetName=full&amp;outputFormat=application/xml&amp;outputSchema=IsoRecord&amp;id=ab7a03e2-4bdd-4a49-bd92-4b0028bfcd51', 100, '2015-04-01 06:00:00', 'so', 'agi', 7.41113909597, 47.0743414366, 7.47509500091, 47.1206048893);
INSERT INTO metadb_relation (metadb_id_parent, metadb_id_child) VALUES ('3d69c24a-3bc0-42fc-a4f1-3aef480fc5b9', 'c124351d-ef79-4714-979c-c76df9f1783c');
INSERT INTO online_dataset (metadb_id, uri, format_mime, format_txt, srs_epsg, srs_txt, modified) VALUES ('c124351d-ef79-4714-979c-c76df9f1783c', 'http://www.catais.org/geodaten/ch/so/agi/av/dm01avch24d/itf/lv03/ch_245700.itf', 'text/x-interlis1', 'INTERLIS1', 21781, 'CH1903/LV03', '2015-04-01 06:00:00');
INSERT INTO metadb (identifier, namespace, title, abstract, metadata_link, "type", modified, canton, data_responsibility, x_min, y_min, x_max, y_max) VALUES ('812e5b40-3e1b-4828-941a-47fca914f4b0', 'http://www.geo.so.ch', 'Amtliche Vermessung - Gemeinde Schnottwil (2461)', 'Amtliche Vermessung der Gemeinde Schnottwil (2461)', 'http://www.geocat.ch/geonetwork/srv/ger/csw?service=CSW&amp;version=2.0.2&amp;request=GetRecordById&amp;elementSetName=full&amp;outputFormat=application/xml&amp;outputSchema=IsoRecord&amp;id=ab7a03e2-4bdd-4a49-bd92-4b0028bfcd51', 100, '2015-04-01 06:00:00', 'so', 'agi', 7.36970460902, 47.0922480556, 7.41220039587, 47.125896784);
INSERT INTO metadb_relation (metadb_id_parent, metadb_id_child) VALUES ('3d69c24a-3bc0-42fc-a4f1-3aef480fc5b9', '812e5b40-3e1b-4828-941a-47fca914f4b0');
INSERT INTO online_dataset (metadb_id, uri, format_mime, format_txt, srs_epsg, srs_txt, modified) VALUES ('812e5b40-3e1b-4828-941a-47fca914f4b0', 'http://www.catais.org/geodaten/ch/so/agi/av/dm01avch24d/itf/lv03/ch_246100.itf', 'text/x-interlis1', 'INTERLIS1', 21781, 'CH1903/LV03', '2015-04-01 06:00:00');
INSERT INTO metadb (identifier, namespace, title, abstract, metadata_link, "type", modified, canton, data_responsibility, x_min, y_min, x_max, y_max) VALUES ('03a7a8e0-68ac-405c-89aa-3f64e8c59455', 'http://www.geo.so.ch', 'Amtliche Vermessung - Gemeinde Unterramsern (2463)', 'Amtliche Vermessung der Gemeinde Unterramsern (2463)', 'http://www.geocat.ch/geonetwork/srv/ger/csw?service=CSW&amp;version=2.0.2&amp;request=GetRecordById&amp;elementSetName=full&amp;outputFormat=application/xml&amp;outputSchema=IsoRecord&amp;id=ab7a03e2-4bdd-4a49-bd92-4b0028bfcd51', 100, '2015-04-01 06:00:00', 'so', 'agi', 7.46899804088, 47.11210353, 7.49232818495, 47.1256620847);
INSERT INTO metadb_relation (metadb_id_parent, metadb_id_child) VALUES ('3d69c24a-3bc0-42fc-a4f1-3aef480fc5b9', '03a7a8e0-68ac-405c-89aa-3f64e8c59455');
INSERT INTO online_dataset (metadb_id, uri, format_mime, format_txt, srs_epsg, srs_txt, modified) VALUES ('03a7a8e0-68ac-405c-89aa-3f64e8c59455', 'http://www.catais.org/geodaten/ch/so/agi/av/dm01avch24d/itf/lv03/ch_246300.itf', 'text/x-interlis1', 'INTERLIS1', 21781, 'CH1903/LV03', '2015-04-01 06:00:00');
INSERT INTO metadb (identifier, namespace, title, abstract, metadata_link, "type", modified, canton, data_responsibility, x_min, y_min, x_max, y_max) VALUES ('697449f4-a46a-48b7-bce8-c4e1f6076307', 'http://www.geo.so.ch', 'Amtliche Vermessung - Gemeinde Lüsslingen-Nennigkofen (2464)', 'Amtliche Vermessung der Gemeinde Lüsslingen-Nennigkofen (2464)', 'http://www.geocat.ch/geonetwork/srv/ger/csw?service=CSW&amp;version=2.0.2&amp;request=GetRecordById&amp;elementSetName=full&amp;outputFormat=application/xml&amp;outputSchema=IsoRecord&amp;id=ab7a03e2-4bdd-4a49-bd92-4b0028bfcd51', 100, '2015-04-01 06:00:00', 'so', 'agi', 7.47085491934, 47.1711296752, 7.51475960985, 47.2045648857);
INSERT INTO metadb_relation (metadb_id_parent, metadb_id_child) VALUES ('3d69c24a-3bc0-42fc-a4f1-3aef480fc5b9', '697449f4-a46a-48b7-bce8-c4e1f6076307');
INSERT INTO online_dataset (metadb_id, uri, format_mime, format_txt, srs_epsg, srs_txt, modified) VALUES ('697449f4-a46a-48b7-bce8-c4e1f6076307', 'http://www.catais.org/geodaten/ch/so/agi/av/dm01avch24d/itf/lv03/ch_246400.itf', 'text/x-interlis1', 'INTERLIS1', 21781, 'CH1903/LV03', '2015-04-01 06:00:00');
INSERT INTO metadb (identifier, namespace, title, abstract, metadata_link, "type", modified, canton, data_responsibility, x_min, y_min, x_max, y_max) VALUES ('c9227f96-ce98-4219-868e-1d6646b40c7b', 'http://www.geo.so.ch', 'Amtliche Vermessung - Gemeinde Buchegg (2465)', 'Amtliche Vermessung der Gemeinde Buchegg (2465)', 'http://www.geocat.ch/geonetwork/srv/ger/csw?service=CSW&amp;version=2.0.2&amp;request=GetRecordById&amp;elementSetName=full&amp;outputFormat=application/xml&amp;outputSchema=IsoRecord&amp;id=ab7a03e2-4bdd-4a49-bd92-4b0028bfcd51', 100, '2015-04-01 06:00:00', 'so', 'agi', 7.421792684, 47.1148882726, 7.5297512183, 47.158644406);
INSERT INTO metadb_relation (metadb_id_parent, metadb_id_child) VALUES ('3d69c24a-3bc0-42fc-a4f1-3aef480fc5b9', 'c9227f96-ce98-4219-868e-1d6646b40c7b');
INSERT INTO online_dataset (metadb_id, uri, format_mime, format_txt, srs_epsg, srs_txt, modified) VALUES ('c9227f96-ce98-4219-868e-1d6646b40c7b', 'http://www.catais.org/geodaten/ch/so/agi/av/dm01avch24d/itf/lv03/ch_246500.itf', 'text/x-interlis1', 'INTERLIS1', 21781, 'CH1903/LV03', '2015-04-01 06:00:00');
INSERT INTO metadb (identifier, namespace, title, abstract, metadata_link, "type", modified, canton, data_responsibility, x_min, y_min, x_max, y_max) VALUES ('7b862a15-7857-466e-8cfa-9d57f00ddf0c', 'http://www.geo.so.ch', 'Amtliche Vermessung - Gemeinde Bättwil (2471)', 'Amtliche Vermessung der Gemeinde Bättwil (2471)', 'http://www.geocat.ch/geonetwork/srv/ger/csw?service=CSW&amp;version=2.0.2&amp;request=GetRecordById&amp;elementSetName=full&amp;outputFormat=application/xml&amp;outputSchema=IsoRecord&amp;id=ab7a03e2-4bdd-4a49-bd92-4b0028bfcd51', 100, '2015-04-01 06:00:00', 'so', 'agi', 7.4980932681, 47.4833428701, 7.51906263417, 47.5026952665);
INSERT INTO metadb_relation (metadb_id_parent, metadb_id_child) VALUES ('3d69c24a-3bc0-42fc-a4f1-3aef480fc5b9', '7b862a15-7857-466e-8cfa-9d57f00ddf0c');
INSERT INTO online_dataset (metadb_id, uri, format_mime, format_txt, srs_epsg, srs_txt, modified) VALUES ('7b862a15-7857-466e-8cfa-9d57f00ddf0c', 'http://www.catais.org/geodaten/ch/so/agi/av/dm01avch24d/itf/lv03/ch_247100.itf', 'text/x-interlis1', 'INTERLIS1', 21781, 'CH1903/LV03', '2015-04-01 06:00:00');
INSERT INTO metadb (identifier, namespace, title, abstract, metadata_link, "type", modified, canton, data_responsibility, x_min, y_min, x_max, y_max) VALUES ('3ce0d9b2-6159-4e97-a946-03bd4f3a3df7', 'http://www.geo.so.ch', 'Amtliche Vermessung - Gemeinde Büren (SO) (2472)', 'Amtliche Vermessung der Gemeinde Büren (SO) (2472)', 'http://www.geocat.ch/geonetwork/srv/ger/csw?service=CSW&amp;version=2.0.2&amp;request=GetRecordById&amp;elementSetName=full&amp;outputFormat=application/xml&amp;outputSchema=IsoRecord&amp;id=ab7a03e2-4bdd-4a49-bd92-4b0028bfcd51', 100, '2015-04-01 06:00:00', 'so', 'agi', 7.65165147318, 47.4286649735, 7.69112104742, 47.466756405);
INSERT INTO metadb_relation (metadb_id_parent, metadb_id_child) VALUES ('3d69c24a-3bc0-42fc-a4f1-3aef480fc5b9', '3ce0d9b2-6159-4e97-a946-03bd4f3a3df7');
INSERT INTO online_dataset (metadb_id, uri, format_mime, format_txt, srs_epsg, srs_txt, modified) VALUES ('3ce0d9b2-6159-4e97-a946-03bd4f3a3df7', 'http://www.catais.org/geodaten/ch/so/agi/av/dm01avch24d/itf/lv03/ch_247200.itf', 'text/x-interlis1', 'INTERLIS1', 21781, 'CH1903/LV03', '2015-04-01 06:00:00');
INSERT INTO metadb (identifier, namespace, title, abstract, metadata_link, "type", modified, canton, data_responsibility, x_min, y_min, x_max, y_max) VALUES ('cced93b8-79f4-43dd-b939-fb2e971cf45d', 'http://www.geo.so.ch', 'Amtliche Vermessung - Gemeinde Dornach (2473)', 'Amtliche Vermessung der Gemeinde Dornach (2473)', 'http://www.geocat.ch/geonetwork/srv/ger/csw?service=CSW&amp;version=2.0.2&amp;request=GetRecordById&amp;elementSetName=full&amp;outputFormat=application/xml&amp;outputSchema=IsoRecord&amp;id=ab7a03e2-4bdd-4a49-bd92-4b0028bfcd51', 100, '2015-04-01 06:00:00', 'so', 'agi', 7.60449540597, 47.4629133298, 7.64701372046, 47.4894040318);
INSERT INTO metadb_relation (metadb_id_parent, metadb_id_child) VALUES ('3d69c24a-3bc0-42fc-a4f1-3aef480fc5b9', 'cced93b8-79f4-43dd-b939-fb2e971cf45d');
INSERT INTO online_dataset (metadb_id, uri, format_mime, format_txt, srs_epsg, srs_txt, modified) VALUES ('cced93b8-79f4-43dd-b939-fb2e971cf45d', 'http://www.catais.org/geodaten/ch/so/agi/av/dm01avch24d/itf/lv03/ch_247300.itf', 'text/x-interlis1', 'INTERLIS1', 21781, 'CH1903/LV03', '2015-04-01 06:00:00');
INSERT INTO metadb (identifier, namespace, title, abstract, metadata_link, "type", modified, canton, data_responsibility, x_min, y_min, x_max, y_max) VALUES ('56446494-195d-4c76-81ec-226d3a1412cc', 'http://www.geo.so.ch', 'Amtliche Vermessung - Gemeinde Gempen (2474)', 'Amtliche Vermessung der Gemeinde Gempen (2474)', 'http://www.geocat.ch/geonetwork/srv/ger/csw?service=CSW&amp;version=2.0.2&amp;request=GetRecordById&amp;elementSetName=full&amp;outputFormat=application/xml&amp;outputSchema=IsoRecord&amp;id=ab7a03e2-4bdd-4a49-bd92-4b0028bfcd51', 100, '2015-04-01 06:00:00', 'so', 'agi', 7.64081414396, 47.4645946472, 7.68228569847, 47.4968675687);
INSERT INTO metadb_relation (metadb_id_parent, metadb_id_child) VALUES ('3d69c24a-3bc0-42fc-a4f1-3aef480fc5b9', '56446494-195d-4c76-81ec-226d3a1412cc');
INSERT INTO online_dataset (metadb_id, uri, format_mime, format_txt, srs_epsg, srs_txt, modified) VALUES ('56446494-195d-4c76-81ec-226d3a1412cc', 'http://www.catais.org/geodaten/ch/so/agi/av/dm01avch24d/itf/lv03/ch_247400.itf', 'text/x-interlis1', 'INTERLIS1', 21781, 'CH1903/LV03', '2015-04-01 06:00:00');
INSERT INTO metadb (identifier, namespace, title, abstract, metadata_link, "type", modified, canton, data_responsibility, x_min, y_min, x_max, y_max) VALUES ('f55dc0ea-25cd-4bf8-bfdf-df79036867eb', 'http://www.geo.so.ch', 'Amtliche Vermessung - Gemeinde Hochwald (2475)', 'Amtliche Vermessung der Gemeinde Hochwald (2475)', 'http://www.geocat.ch/geonetwork/srv/ger/csw?service=CSW&amp;version=2.0.2&amp;request=GetRecordById&amp;elementSetName=full&amp;outputFormat=application/xml&amp;outputSchema=IsoRecord&amp;id=ab7a03e2-4bdd-4a49-bd92-4b0028bfcd51', 100, '2015-04-01 06:00:00', 'so', 'agi', 7.61526246002, 47.4375691413, 7.67091264701, 47.4702298264);
INSERT INTO metadb_relation (metadb_id_parent, metadb_id_child) VALUES ('3d69c24a-3bc0-42fc-a4f1-3aef480fc5b9', 'f55dc0ea-25cd-4bf8-bfdf-df79036867eb');
INSERT INTO online_dataset (metadb_id, uri, format_mime, format_txt, srs_epsg, srs_txt, modified) VALUES ('f55dc0ea-25cd-4bf8-bfdf-df79036867eb', 'http://www.catais.org/geodaten/ch/so/agi/av/dm01avch24d/itf/lv03/ch_247500.itf', 'text/x-interlis1', 'INTERLIS1', 21781, 'CH1903/LV03', '2015-04-01 06:00:00');
INSERT INTO metadb (identifier, namespace, title, abstract, metadata_link, "type", modified, canton, data_responsibility, x_min, y_min, x_max, y_max) VALUES ('c7ccfc16-a5e5-44db-804e-a13334d1cbe5', 'http://www.geo.so.ch', 'Amtliche Vermessung - Gemeinde Hofstetten-Flüh (2476)', 'Amtliche Vermessung der Gemeinde Hofstetten-Flüh (2476)', 'http://www.geocat.ch/geonetwork/srv/ger/csw?service=CSW&amp;version=2.0.2&amp;request=GetRecordById&amp;elementSetName=full&amp;outputFormat=application/xml&amp;outputSchema=IsoRecord&amp;id=ab7a03e2-4bdd-4a49-bd92-4b0028bfcd51', 100, '2015-04-01 06:00:00', 'so', 'agi', 7.48690149128, 47.4586394207, 7.53067950823, 47.4889805419);
INSERT INTO metadb_relation (metadb_id_parent, metadb_id_child) VALUES ('3d69c24a-3bc0-42fc-a4f1-3aef480fc5b9', 'c7ccfc16-a5e5-44db-804e-a13334d1cbe5');
INSERT INTO online_dataset (metadb_id, uri, format_mime, format_txt, srs_epsg, srs_txt, modified) VALUES ('c7ccfc16-a5e5-44db-804e-a13334d1cbe5', 'http://www.catais.org/geodaten/ch/so/agi/av/dm01avch24d/itf/lv03/ch_247600.itf', 'text/x-interlis1', 'INTERLIS1', 21781, 'CH1903/LV03', '2015-04-01 06:00:00');
INSERT INTO metadb (identifier, namespace, title, abstract, metadata_link, "type", modified, canton, data_responsibility, x_min, y_min, x_max, y_max) VALUES ('9b4453e4-5114-42b2-a2cc-d4ca849a35b9', 'http://www.geo.so.ch', 'Amtliche Vermessung - Gemeinde Metzerlen-Mariastein (2477)', 'Amtliche Vermessung der Gemeinde Metzerlen-Mariastein (2477)', 'http://www.geocat.ch/geonetwork/srv/ger/csw?service=CSW&amp;version=2.0.2&amp;request=GetRecordById&amp;elementSetName=full&amp;outputFormat=application/xml&amp;outputSchema=IsoRecord&amp;id=ab7a03e2-4bdd-4a49-bd92-4b0028bfcd51', 100, '2015-04-01 06:00:00', 'so', 'agi', 7.44521448667, 47.4492299944, 7.49514211816, 47.4821586698);
INSERT INTO metadb_relation (metadb_id_parent, metadb_id_child) VALUES ('3d69c24a-3bc0-42fc-a4f1-3aef480fc5b9', '9b4453e4-5114-42b2-a2cc-d4ca849a35b9');
INSERT INTO online_dataset (metadb_id, uri, format_mime, format_txt, srs_epsg, srs_txt, modified) VALUES ('9b4453e4-5114-42b2-a2cc-d4ca849a35b9', 'http://www.catais.org/geodaten/ch/so/agi/av/dm01avch24d/itf/lv03/ch_247700.itf', 'text/x-interlis1', 'INTERLIS1', 21781, 'CH1903/LV03', '2015-04-01 06:00:00');
INSERT INTO metadb (identifier, namespace, title, abstract, metadata_link, "type", modified, canton, data_responsibility, x_min, y_min, x_max, y_max) VALUES ('ed9cd4ae-b485-44d7-b73f-e252a37bf50b', 'http://www.geo.so.ch', 'Amtliche Vermessung - Gemeinde Nuglar-St. Pantaleon (2478)', 'Amtliche Vermessung der Gemeinde Nuglar-St. Pantaleon (2478)', 'http://www.geocat.ch/geonetwork/srv/ger/csw?service=CSW&amp;version=2.0.2&amp;request=GetRecordById&amp;elementSetName=full&amp;outputFormat=application/xml&amp;outputSchema=IsoRecord&amp;id=ab7a03e2-4bdd-4a49-bd92-4b0028bfcd51', 100, '2015-04-01 06:00:00', 'so', 'agi', 7.66655284852, 47.4527733273, 7.70987412085, 47.4862406917);
INSERT INTO metadb_relation (metadb_id_parent, metadb_id_child) VALUES ('3d69c24a-3bc0-42fc-a4f1-3aef480fc5b9', 'ed9cd4ae-b485-44d7-b73f-e252a37bf50b');
INSERT INTO online_dataset (metadb_id, uri, format_mime, format_txt, srs_epsg, srs_txt, modified) VALUES ('ed9cd4ae-b485-44d7-b73f-e252a37bf50b', 'http://www.catais.org/geodaten/ch/so/agi/av/dm01avch24d/itf/lv03/ch_247800.itf', 'text/x-interlis1', 'INTERLIS1', 21781, 'CH1903/LV03', '2015-04-01 06:00:00');
INSERT INTO metadb (identifier, namespace, title, abstract, metadata_link, "type", modified, canton, data_responsibility, x_min, y_min, x_max, y_max) VALUES ('d2e25d43-03b1-4635-909e-6f485fa24f4a', 'http://www.geo.so.ch', 'Amtliche Vermessung - Gemeinde Rodersdorf (2479)', 'Amtliche Vermessung der Gemeinde Rodersdorf (2479)', 'http://www.geocat.ch/geonetwork/srv/ger/csw?service=CSW&amp;version=2.0.2&amp;request=GetRecordById&amp;elementSetName=full&amp;outputFormat=application/xml&amp;outputSchema=IsoRecord&amp;id=ab7a03e2-4bdd-4a49-bd92-4b0028bfcd51', 100, '2015-04-01 06:00:00', 'so', 'agi', 7.42081646195, 47.4707001405, 7.47075880262, 47.4981005094);
INSERT INTO metadb_relation (metadb_id_parent, metadb_id_child) VALUES ('3d69c24a-3bc0-42fc-a4f1-3aef480fc5b9', 'd2e25d43-03b1-4635-909e-6f485fa24f4a');
INSERT INTO online_dataset (metadb_id, uri, format_mime, format_txt, srs_epsg, srs_txt, modified) VALUES ('d2e25d43-03b1-4635-909e-6f485fa24f4a', 'http://www.catais.org/geodaten/ch/so/agi/av/dm01avch24d/itf/lv03/ch_247900.itf', 'text/x-interlis1', 'INTERLIS1', 21781, 'CH1903/LV03', '2015-04-01 06:00:00');
INSERT INTO metadb (identifier, namespace, title, abstract, metadata_link, "type", modified, canton, data_responsibility, x_min, y_min, x_max, y_max) VALUES ('b115f4c3-7ba4-4a0e-92cd-b73bd8c3d941', 'http://www.geo.so.ch', 'Amtliche Vermessung - Gemeinde Seewen (2480)', 'Amtliche Vermessung der Gemeinde Seewen (2480)', 'http://www.geocat.ch/geonetwork/srv/ger/csw?service=CSW&amp;version=2.0.2&amp;request=GetRecordById&amp;elementSetName=full&amp;outputFormat=application/xml&amp;outputSchema=IsoRecord&amp;id=ab7a03e2-4bdd-4a49-bd92-4b0028bfcd51', 100, '2015-04-01 06:00:00', 'so', 'agi', 7.59998441719, 47.4090747764, 7.6846904421, 47.4471287551);
INSERT INTO metadb_relation (metadb_id_parent, metadb_id_child) VALUES ('3d69c24a-3bc0-42fc-a4f1-3aef480fc5b9', 'b115f4c3-7ba4-4a0e-92cd-b73bd8c3d941');
INSERT INTO online_dataset (metadb_id, uri, format_mime, format_txt, srs_epsg, srs_txt, modified) VALUES ('b115f4c3-7ba4-4a0e-92cd-b73bd8c3d941', 'http://www.catais.org/geodaten/ch/so/agi/av/dm01avch24d/itf/lv03/ch_248000.itf', 'text/x-interlis1', 'INTERLIS1', 21781, 'CH1903/LV03', '2015-04-01 06:00:00');
INSERT INTO metadb (identifier, namespace, title, abstract, metadata_link, "type", modified, canton, data_responsibility, x_min, y_min, x_max, y_max) VALUES ('6945dd9e-f1c7-40ac-a5b8-1d6336fc2af8', 'http://www.geo.so.ch', 'Amtliche Vermessung - Gemeinde Witterswil (2481)', 'Amtliche Vermessung der Gemeinde Witterswil (2481)', 'http://www.geocat.ch/geonetwork/srv/ger/csw?service=CSW&amp;version=2.0.2&amp;request=GetRecordById&amp;elementSetName=full&amp;outputFormat=application/xml&amp;outputSchema=IsoRecord&amp;id=ab7a03e2-4bdd-4a49-bd92-4b0028bfcd51', 100, '2015-04-01 06:00:00', 'so', 'agi', 7.51449005374, 47.4779519724, 7.53669684003, 47.4973983214);
INSERT INTO metadb_relation (metadb_id_parent, metadb_id_child) VALUES ('3d69c24a-3bc0-42fc-a4f1-3aef480fc5b9', '6945dd9e-f1c7-40ac-a5b8-1d6336fc2af8');
INSERT INTO online_dataset (metadb_id, uri, format_mime, format_txt, srs_epsg, srs_txt, modified) VALUES ('6945dd9e-f1c7-40ac-a5b8-1d6336fc2af8', 'http://www.catais.org/geodaten/ch/so/agi/av/dm01avch24d/itf/lv03/ch_248100.itf', 'text/x-interlis1', 'INTERLIS1', 21781, 'CH1903/LV03', '2015-04-01 06:00:00');
INSERT INTO metadb (identifier, namespace, title, abstract, metadata_link, "type", modified, canton, data_responsibility, x_min, y_min, x_max, y_max) VALUES ('6a0610dc-94bb-4e21-b66a-777db73a76f2', 'http://www.geo.so.ch', 'Amtliche Vermessung - Gemeinde Hauenstein-Ifenthal (2491)', 'Amtliche Vermessung der Gemeinde Hauenstein-Ifenthal (2491)', 'http://www.geocat.ch/geonetwork/srv/ger/csw?service=CSW&amp;version=2.0.2&amp;request=GetRecordById&amp;elementSetName=full&amp;outputFormat=application/xml&amp;outputSchema=IsoRecord&amp;id=ab7a03e2-4bdd-4a49-bd92-4b0028bfcd51', 100, '2015-04-01 06:00:00', 'so', 'agi', 7.83362561713, 47.3590690754, 7.88034988294, 47.384473422);
INSERT INTO metadb_relation (metadb_id_parent, metadb_id_child) VALUES ('3d69c24a-3bc0-42fc-a4f1-3aef480fc5b9', '6a0610dc-94bb-4e21-b66a-777db73a76f2');
INSERT INTO online_dataset (metadb_id, uri, format_mime, format_txt, srs_epsg, srs_txt, modified) VALUES ('6a0610dc-94bb-4e21-b66a-777db73a76f2', 'http://www.catais.org/geodaten/ch/so/agi/av/dm01avch24d/itf/lv03/ch_249100.itf', 'text/x-interlis1', 'INTERLIS1', 21781, 'CH1903/LV03', '2015-04-01 06:00:00');
INSERT INTO metadb (identifier, namespace, title, abstract, metadata_link, "type", modified, canton, data_responsibility, x_min, y_min, x_max, y_max) VALUES ('a8f91ad0-7c44-4b98-842e-aa586d8805eb', 'http://www.geo.so.ch', 'Amtliche Vermessung - Gemeinde Kienberg (2492)', 'Amtliche Vermessung der Gemeinde Kienberg (2492)', 'http://www.geocat.ch/geonetwork/srv/ger/csw?service=CSW&amp;version=2.0.2&amp;request=GetRecordById&amp;elementSetName=full&amp;outputFormat=application/xml&amp;outputSchema=IsoRecord&amp;id=ab7a03e2-4bdd-4a49-bd92-4b0028bfcd51', 100, '2015-04-01 06:00:00', 'so', 'agi', 7.94678503832, 47.4218336075, 7.9872711142, 47.4628075719);
INSERT INTO metadb_relation (metadb_id_parent, metadb_id_child) VALUES ('3d69c24a-3bc0-42fc-a4f1-3aef480fc5b9', 'a8f91ad0-7c44-4b98-842e-aa586d8805eb');
INSERT INTO online_dataset (metadb_id, uri, format_mime, format_txt, srs_epsg, srs_txt, modified) VALUES ('a8f91ad0-7c44-4b98-842e-aa586d8805eb', 'http://www.catais.org/geodaten/ch/so/agi/av/dm01avch24d/itf/lv03/ch_249200.itf', 'text/x-interlis1', 'INTERLIS1', 21781, 'CH1903/LV03', '2015-04-01 06:00:00');
INSERT INTO metadb (identifier, namespace, title, abstract, metadata_link, "type", modified, canton, data_responsibility, x_min, y_min, x_max, y_max) VALUES ('f8effae9-833f-45fe-8225-055c2952eaa4', 'http://www.geo.so.ch', 'Amtliche Vermessung - Gemeinde Lostorf (2493)', 'Amtliche Vermessung der Gemeinde Lostorf (2493)', 'http://www.geocat.ch/geonetwork/srv/ger/csw?service=CSW&amp;version=2.0.2&amp;request=GetRecordById&amp;elementSetName=full&amp;outputFormat=application/xml&amp;outputSchema=IsoRecord&amp;id=ab7a03e2-4bdd-4a49-bd92-4b0028bfcd51', 100, '2015-04-01 06:00:00', 'so', 'agi', 7.89345630592, 47.370867111, 7.97132678272, 47.4081563499);
INSERT INTO metadb_relation (metadb_id_parent, metadb_id_child) VALUES ('3d69c24a-3bc0-42fc-a4f1-3aef480fc5b9', 'f8effae9-833f-45fe-8225-055c2952eaa4');
INSERT INTO online_dataset (metadb_id, uri, format_mime, format_txt, srs_epsg, srs_txt, modified) VALUES ('f8effae9-833f-45fe-8225-055c2952eaa4', 'http://www.catais.org/geodaten/ch/so/agi/av/dm01avch24d/itf/lv03/ch_249300.itf', 'text/x-interlis1', 'INTERLIS1', 21781, 'CH1903/LV03', '2015-04-01 06:00:00');
INSERT INTO metadb (identifier, namespace, title, abstract, metadata_link, "type", modified, canton, data_responsibility, x_min, y_min, x_max, y_max) VALUES ('cf8d358f-ffe0-4573-b8c1-329a96c7d428', 'http://www.geo.so.ch', 'Amtliche Vermessung - Gemeinde Niedergösgen (2495)', 'Amtliche Vermessung der Gemeinde Niedergösgen (2495)', 'http://www.geocat.ch/geonetwork/srv/ger/csw?service=CSW&amp;version=2.0.2&amp;request=GetRecordById&amp;elementSetName=full&amp;outputFormat=application/xml&amp;outputSchema=IsoRecord&amp;id=ab7a03e2-4bdd-4a49-bd92-4b0028bfcd51', 100, '2015-04-01 06:00:00', 'so', 'agi', 7.96518647879, 47.3625744524, 8.00081165416, 47.3874698755);
INSERT INTO metadb_relation (metadb_id_parent, metadb_id_child) VALUES ('3d69c24a-3bc0-42fc-a4f1-3aef480fc5b9', 'cf8d358f-ffe0-4573-b8c1-329a96c7d428');
INSERT INTO online_dataset (metadb_id, uri, format_mime, format_txt, srs_epsg, srs_txt, modified) VALUES ('cf8d358f-ffe0-4573-b8c1-329a96c7d428', 'http://www.catais.org/geodaten/ch/so/agi/av/dm01avch24d/itf/lv03/ch_249500.itf', 'text/x-interlis1', 'INTERLIS1', 21781, 'CH1903/LV03', '2015-04-01 06:00:00');
INSERT INTO metadb (identifier, namespace, title, abstract, metadata_link, "type", modified, canton, data_responsibility, x_min, y_min, x_max, y_max) VALUES ('f2b2f6bd-a22d-41c7-847f-6923ea78661f', 'http://www.geo.so.ch', 'Amtliche Vermessung - Gemeinde Obergösgen (2497)', 'Amtliche Vermessung der Gemeinde Obergösgen (2497)', 'http://www.geocat.ch/geonetwork/srv/ger/csw?service=CSW&amp;version=2.0.2&amp;request=GetRecordById&amp;elementSetName=full&amp;outputFormat=application/xml&amp;outputSchema=IsoRecord&amp;id=ab7a03e2-4bdd-4a49-bd92-4b0028bfcd51', 100, '2015-04-01 06:00:00', 'so', 'agi', 7.93796563309, 47.3520464646, 7.96749996604, 47.3746384924);
INSERT INTO metadb_relation (metadb_id_parent, metadb_id_child) VALUES ('3d69c24a-3bc0-42fc-a4f1-3aef480fc5b9', 'f2b2f6bd-a22d-41c7-847f-6923ea78661f');
INSERT INTO online_dataset (metadb_id, uri, format_mime, format_txt, srs_epsg, srs_txt, modified) VALUES ('f2b2f6bd-a22d-41c7-847f-6923ea78661f', 'http://www.catais.org/geodaten/ch/so/agi/av/dm01avch24d/itf/lv03/ch_249700.itf', 'text/x-interlis1', 'INTERLIS1', 21781, 'CH1903/LV03', '2015-04-01 06:00:00');
INSERT INTO metadb (identifier, namespace, title, abstract, metadata_link, "type", modified, canton, data_responsibility, x_min, y_min, x_max, y_max) VALUES ('0b028fed-dd7c-4a51-b382-8d7c88367e82', 'http://www.geo.so.ch', 'Amtliche Vermessung - Gemeinde Rohr (SO) (2498)', 'Amtliche Vermessung der Gemeinde Rohr (SO) (2498)', 'http://www.geocat.ch/geonetwork/srv/ger/csw?service=CSW&amp;version=2.0.2&amp;request=GetRecordById&amp;elementSetName=full&amp;outputFormat=application/xml&amp;outputSchema=IsoRecord&amp;id=ab7a03e2-4bdd-4a49-bd92-4b0028bfcd51', 100, '2015-04-01 06:00:00', 'so', 'agi', 7.93492827077, 47.4033493365, 7.9693471833, 47.418833577);
INSERT INTO metadb_relation (metadb_id_parent, metadb_id_child) VALUES ('3d69c24a-3bc0-42fc-a4f1-3aef480fc5b9', '0b028fed-dd7c-4a51-b382-8d7c88367e82');
INSERT INTO online_dataset (metadb_id, uri, format_mime, format_txt, srs_epsg, srs_txt, modified) VALUES ('0b028fed-dd7c-4a51-b382-8d7c88367e82', 'http://www.catais.org/geodaten/ch/so/agi/av/dm01avch24d/itf/lv03/ch_249800.itf', 'text/x-interlis1', 'INTERLIS1', 21781, 'CH1903/LV03', '2015-04-01 06:00:00');
INSERT INTO metadb (identifier, namespace, title, abstract, metadata_link, "type", modified, canton, data_responsibility, x_min, y_min, x_max, y_max) VALUES ('e15e692a-98c8-4def-a196-4413b6792a28', 'http://www.geo.so.ch', 'Amtliche Vermessung - Gemeinde Stüsslingen (2499)', 'Amtliche Vermessung der Gemeinde Stüsslingen (2499)', 'http://www.geocat.ch/geonetwork/srv/ger/csw?service=CSW&amp;version=2.0.2&amp;request=GetRecordById&amp;elementSetName=full&amp;outputFormat=application/xml&amp;outputSchema=IsoRecord&amp;id=ab7a03e2-4bdd-4a49-bd92-4b0028bfcd51', 100, '2015-04-01 06:00:00', 'so', 'agi', 7.95114009936, 47.3784412472, 7.98610404987, 47.4106711647);
INSERT INTO metadb_relation (metadb_id_parent, metadb_id_child) VALUES ('3d69c24a-3bc0-42fc-a4f1-3aef480fc5b9', 'e15e692a-98c8-4def-a196-4413b6792a28');
INSERT INTO online_dataset (metadb_id, uri, format_mime, format_txt, srs_epsg, srs_txt, modified) VALUES ('e15e692a-98c8-4def-a196-4413b6792a28', 'http://www.catais.org/geodaten/ch/so/agi/av/dm01avch24d/itf/lv03/ch_249900.itf', 'text/x-interlis1', 'INTERLIS1', 21781, 'CH1903/LV03', '2015-04-01 06:00:00');
INSERT INTO metadb (identifier, namespace, title, abstract, metadata_link, "type", modified, canton, data_responsibility, x_min, y_min, x_max, y_max) VALUES ('df21a9ef-0eab-4db3-a5b7-9b092a3067a3', 'http://www.geo.so.ch', 'Amtliche Vermessung - Gemeinde Trimbach (2500)', 'Amtliche Vermessung der Gemeinde Trimbach (2500)', 'http://www.geocat.ch/geonetwork/srv/ger/csw?service=CSW&amp;version=2.0.2&amp;request=GetRecordById&amp;elementSetName=full&amp;outputFormat=application/xml&amp;outputSchema=IsoRecord&amp;id=ab7a03e2-4bdd-4a49-bd92-4b0028bfcd51', 100, '2015-04-01 06:00:00', 'so', 'agi', 7.85577085832, 47.3563465002, 7.91865234632, 47.3851678716);
INSERT INTO metadb_relation (metadb_id_parent, metadb_id_child) VALUES ('3d69c24a-3bc0-42fc-a4f1-3aef480fc5b9', 'df21a9ef-0eab-4db3-a5b7-9b092a3067a3');
INSERT INTO online_dataset (metadb_id, uri, format_mime, format_txt, srs_epsg, srs_txt, modified) VALUES ('df21a9ef-0eab-4db3-a5b7-9b092a3067a3', 'http://www.catais.org/geodaten/ch/so/agi/av/dm01avch24d/itf/lv03/ch_250000.itf', 'text/x-interlis1', 'INTERLIS1', 21781, 'CH1903/LV03', '2015-04-01 06:00:00');
INSERT INTO metadb (identifier, namespace, title, abstract, metadata_link, "type", modified, canton, data_responsibility, x_min, y_min, x_max, y_max) VALUES ('35a085dc-f669-4b66-9a57-aafcb77e2254', 'http://www.geo.so.ch', 'Amtliche Vermessung - Gemeinde Winznau (2501)', 'Amtliche Vermessung der Gemeinde Winznau (2501)', 'http://www.geocat.ch/geonetwork/srv/ger/csw?service=CSW&amp;version=2.0.2&amp;request=GetRecordById&amp;elementSetName=full&amp;outputFormat=application/xml&amp;outputSchema=IsoRecord&amp;id=ab7a03e2-4bdd-4a49-bd92-4b0028bfcd51', 100, '2015-04-01 06:00:00', 'so', 'agi', 7.89610384681, 47.3571402693, 7.94246821315, 47.3822820824);
INSERT INTO metadb_relation (metadb_id_parent, metadb_id_child) VALUES ('3d69c24a-3bc0-42fc-a4f1-3aef480fc5b9', '35a085dc-f669-4b66-9a57-aafcb77e2254');
INSERT INTO online_dataset (metadb_id, uri, format_mime, format_txt, srs_epsg, srs_txt, modified) VALUES ('35a085dc-f669-4b66-9a57-aafcb77e2254', 'http://www.catais.org/geodaten/ch/so/agi/av/dm01avch24d/itf/lv03/ch_250100.itf', 'text/x-interlis1', 'INTERLIS1', 21781, 'CH1903/LV03', '2015-04-01 06:00:00');
INSERT INTO metadb (identifier, namespace, title, abstract, metadata_link, "type", modified, canton, data_responsibility, x_min, y_min, x_max, y_max) VALUES ('d321690b-c314-46b4-9516-074ee9aa8b5e', 'http://www.geo.so.ch', 'Amtliche Vermessung - Gemeinde Wisen (SO) (2502)', 'Amtliche Vermessung der Gemeinde Wisen (SO) (2502)', 'http://www.geocat.ch/geonetwork/srv/ger/csw?service=CSW&amp;version=2.0.2&amp;request=GetRecordById&amp;elementSetName=full&amp;outputFormat=application/xml&amp;outputSchema=IsoRecord&amp;id=ab7a03e2-4bdd-4a49-bd92-4b0028bfcd51', 100, '2015-04-01 06:00:00', 'so', 'agi', 7.86913708246, 47.3834396973, 7.90970073572, 47.4072664242);
INSERT INTO metadb_relation (metadb_id_parent, metadb_id_child) VALUES ('3d69c24a-3bc0-42fc-a4f1-3aef480fc5b9', 'd321690b-c314-46b4-9516-074ee9aa8b5e');
INSERT INTO online_dataset (metadb_id, uri, format_mime, format_txt, srs_epsg, srs_txt, modified) VALUES ('d321690b-c314-46b4-9516-074ee9aa8b5e', 'http://www.catais.org/geodaten/ch/so/agi/av/dm01avch24d/itf/lv03/ch_250200.itf', 'text/x-interlis1', 'INTERLIS1', 21781, 'CH1903/LV03', '2015-04-01 06:00:00');
INSERT INTO metadb (identifier, namespace, title, abstract, metadata_link, "type", modified, canton, data_responsibility, x_min, y_min, x_max, y_max) VALUES ('23ea19b9-8e49-4ac5-8bbc-bb4317b2071b', 'http://www.geo.so.ch', 'Amtliche Vermessung - Gemeinde Erlinsbach (SO) (2503)', 'Amtliche Vermessung der Gemeinde Erlinsbach (SO) (2503)', 'http://www.geocat.ch/geonetwork/srv/ger/csw?service=CSW&amp;version=2.0.2&amp;request=GetRecordById&amp;elementSetName=full&amp;outputFormat=application/xml&amp;outputSchema=IsoRecord&amp;id=ab7a03e2-4bdd-4a49-bd92-4b0028bfcd51', 100, '2015-04-01 06:00:00', 'so', 'agi', 7.95630885902, 47.3794266227, 8.02741348369, 47.4223857026);
INSERT INTO metadb_relation (metadb_id_parent, metadb_id_child) VALUES ('3d69c24a-3bc0-42fc-a4f1-3aef480fc5b9', '23ea19b9-8e49-4ac5-8bbc-bb4317b2071b');
INSERT INTO online_dataset (metadb_id, uri, format_mime, format_txt, srs_epsg, srs_txt, modified) VALUES ('23ea19b9-8e49-4ac5-8bbc-bb4317b2071b', 'http://www.catais.org/geodaten/ch/so/agi/av/dm01avch24d/itf/lv03/ch_250300.itf', 'text/x-interlis1', 'INTERLIS1', 21781, 'CH1903/LV03', '2015-04-01 06:00:00');
INSERT INTO metadb (identifier, namespace, title, abstract, metadata_link, "type", modified, canton, data_responsibility, x_min, y_min, x_max, y_max) VALUES ('a5f8c780-d2f5-484d-88ad-711b8a2d615e', 'http://www.geo.so.ch', 'Amtliche Vermessung - Gemeinde Aeschi (SO) (2511)', 'Amtliche Vermessung der Gemeinde Aeschi (SO) (2511)', 'http://www.geocat.ch/geonetwork/srv/ger/csw?service=CSW&amp;version=2.0.2&amp;request=GetRecordById&amp;elementSetName=full&amp;outputFormat=application/xml&amp;outputSchema=IsoRecord&amp;id=ab7a03e2-4bdd-4a49-bd92-4b0028bfcd51', 100, '2015-04-01 06:00:00', 'so', 'agi', 7.64598963095, 47.1525561125, 7.7007989883, 47.1865242341);
INSERT INTO metadb_relation (metadb_id_parent, metadb_id_child) VALUES ('3d69c24a-3bc0-42fc-a4f1-3aef480fc5b9', 'a5f8c780-d2f5-484d-88ad-711b8a2d615e');
INSERT INTO online_dataset (metadb_id, uri, format_mime, format_txt, srs_epsg, srs_txt, modified) VALUES ('a5f8c780-d2f5-484d-88ad-711b8a2d615e', 'http://www.catais.org/geodaten/ch/so/agi/av/dm01avch24d/itf/lv03/ch_251100.itf', 'text/x-interlis1', 'INTERLIS1', 21781, 'CH1903/LV03', '2015-04-01 06:00:00');
INSERT INTO metadb (identifier, namespace, title, abstract, metadata_link, "type", modified, canton, data_responsibility, x_min, y_min, x_max, y_max) VALUES ('6eefe237-691f-46ea-b93f-a108c620ee8a', 'http://www.geo.so.ch', 'Amtliche Vermessung - Gemeinde Biberist (2513)', 'Amtliche Vermessung der Gemeinde Biberist (2513)', 'http://www.geocat.ch/geonetwork/srv/ger/csw?service=CSW&amp;version=2.0.2&amp;request=GetRecordById&amp;elementSetName=full&amp;outputFormat=application/xml&amp;outputSchema=IsoRecord&amp;id=ab7a03e2-4bdd-4a49-bd92-4b0028bfcd51', 100, '2015-04-01 06:00:00', 'so', 'agi', 7.51043871828, 47.1603639164, 7.57827525709, 47.2022645664);
INSERT INTO metadb_relation (metadb_id_parent, metadb_id_child) VALUES ('3d69c24a-3bc0-42fc-a4f1-3aef480fc5b9', '6eefe237-691f-46ea-b93f-a108c620ee8a');
INSERT INTO online_dataset (metadb_id, uri, format_mime, format_txt, srs_epsg, srs_txt, modified) VALUES ('6eefe237-691f-46ea-b93f-a108c620ee8a', 'http://www.catais.org/geodaten/ch/so/agi/av/dm01avch24d/itf/lv03/ch_251300.itf', 'text/x-interlis1', 'INTERLIS1', 21781, 'CH1903/LV03', '2015-04-01 06:00:00');
INSERT INTO metadb (identifier, namespace, title, abstract, metadata_link, "type", modified, canton, data_responsibility, x_min, y_min, x_max, y_max) VALUES ('af50c250-6857-4213-93e7-c1b9753af9e5', 'http://www.geo.so.ch', 'Amtliche Vermessung - Gemeinde Bolken (2514)', 'Amtliche Vermessung der Gemeinde Bolken (2514)', 'http://www.geocat.ch/geonetwork/srv/ger/csw?service=CSW&amp;version=2.0.2&amp;request=GetRecordById&amp;elementSetName=full&amp;outputFormat=application/xml&amp;outputSchema=IsoRecord&amp;id=ab7a03e2-4bdd-4a49-bd92-4b0028bfcd51', 100, '2015-04-01 06:00:00', 'so', 'agi', 7.64583239257, 47.184511381, 7.67462961376, 47.2017817432);
INSERT INTO metadb_relation (metadb_id_parent, metadb_id_child) VALUES ('3d69c24a-3bc0-42fc-a4f1-3aef480fc5b9', 'af50c250-6857-4213-93e7-c1b9753af9e5');
INSERT INTO online_dataset (metadb_id, uri, format_mime, format_txt, srs_epsg, srs_txt, modified) VALUES ('af50c250-6857-4213-93e7-c1b9753af9e5', 'http://www.catais.org/geodaten/ch/so/agi/av/dm01avch24d/itf/lv03/ch_251400.itf', 'text/x-interlis1', 'INTERLIS1', 21781, 'CH1903/LV03', '2015-04-01 06:00:00');
INSERT INTO metadb (identifier, namespace, title, abstract, metadata_link, "type", modified, canton, data_responsibility, x_min, y_min, x_max, y_max) VALUES ('336a7d0f-0e52-43d3-be01-bbce4c8f8f45', 'http://www.geo.so.ch', 'Amtliche Vermessung - Gemeinde Deitingen (2516)', 'Amtliche Vermessung der Gemeinde Deitingen (2516)', 'http://www.geocat.ch/geonetwork/srv/ger/csw?service=CSW&amp;version=2.0.2&amp;request=GetRecordById&amp;elementSetName=full&amp;outputFormat=application/xml&amp;outputSchema=IsoRecord&amp;id=ab7a03e2-4bdd-4a49-bd92-4b0028bfcd51', 100, '2015-04-01 06:00:00', 'so', 'agi', 7.58737316953, 47.2050156424, 7.64862398507, 47.2298048857);
INSERT INTO metadb_relation (metadb_id_parent, metadb_id_child) VALUES ('3d69c24a-3bc0-42fc-a4f1-3aef480fc5b9', '336a7d0f-0e52-43d3-be01-bbce4c8f8f45');
INSERT INTO online_dataset (metadb_id, uri, format_mime, format_txt, srs_epsg, srs_txt, modified) VALUES ('336a7d0f-0e52-43d3-be01-bbce4c8f8f45', 'http://www.catais.org/geodaten/ch/so/agi/av/dm01avch24d/itf/lv03/ch_251600.itf', 'text/x-interlis1', 'INTERLIS1', 21781, 'CH1903/LV03', '2015-04-01 06:00:00');
INSERT INTO metadb (identifier, namespace, title, abstract, metadata_link, "type", modified, canton, data_responsibility, x_min, y_min, x_max, y_max) VALUES ('059594d8-8a7e-4539-8e09-f0ba74bdba30', 'http://www.geo.so.ch', 'Amtliche Vermessung - Gemeinde Derendingen (2517)', 'Amtliche Vermessung der Gemeinde Derendingen (2517)', 'http://www.geocat.ch/geonetwork/srv/ger/csw?service=CSW&amp;version=2.0.2&amp;request=GetRecordById&amp;elementSetName=full&amp;outputFormat=application/xml&amp;outputSchema=IsoRecord&amp;id=ab7a03e2-4bdd-4a49-bd92-4b0028bfcd51', 100, '2015-04-01 06:00:00', 'so', 'agi', 7.57488325523, 47.1741396765, 7.60565456631, 47.2131523641);
INSERT INTO metadb_relation (metadb_id_parent, metadb_id_child) VALUES ('3d69c24a-3bc0-42fc-a4f1-3aef480fc5b9', '059594d8-8a7e-4539-8e09-f0ba74bdba30');
INSERT INTO online_dataset (metadb_id, uri, format_mime, format_txt, srs_epsg, srs_txt, modified) VALUES ('059594d8-8a7e-4539-8e09-f0ba74bdba30', 'http://www.catais.org/geodaten/ch/so/agi/av/dm01avch24d/itf/lv03/ch_251700.itf', 'text/x-interlis1', 'INTERLIS1', 21781, 'CH1903/LV03', '2015-04-01 06:00:00');
INSERT INTO metadb (identifier, namespace, title, abstract, metadata_link, "type", modified, canton, data_responsibility, x_min, y_min, x_max, y_max) VALUES ('33b96592-598a-49d3-94f0-098e5132dd5d', 'http://www.geo.so.ch', 'Amtliche Vermessung - Gemeinde Etziken (2518)', 'Amtliche Vermessung der Gemeinde Etziken (2518)', 'http://www.geocat.ch/geonetwork/srv/ger/csw?service=CSW&amp;version=2.0.2&amp;request=GetRecordById&amp;elementSetName=full&amp;outputFormat=application/xml&amp;outputSchema=IsoRecord&amp;id=ab7a03e2-4bdd-4a49-bd92-4b0028bfcd51', 100, '2015-04-01 06:00:00', 'so', 'agi', 7.63145833571, 47.171741565, 7.65864252233, 47.200358488);
INSERT INTO metadb_relation (metadb_id_parent, metadb_id_child) VALUES ('3d69c24a-3bc0-42fc-a4f1-3aef480fc5b9', '33b96592-598a-49d3-94f0-098e5132dd5d');
INSERT INTO online_dataset (metadb_id, uri, format_mime, format_txt, srs_epsg, srs_txt, modified) VALUES ('33b96592-598a-49d3-94f0-098e5132dd5d', 'http://www.catais.org/geodaten/ch/so/agi/av/dm01avch24d/itf/lv03/ch_251800.itf', 'text/x-interlis1', 'INTERLIS1', 21781, 'CH1903/LV03', '2015-04-01 06:00:00');
INSERT INTO metadb (identifier, namespace, title, abstract, metadata_link, "type", modified, canton, data_responsibility, x_min, y_min, x_max, y_max) VALUES ('688706bb-4541-4f45-b29e-29eaeff5d02e', 'http://www.geo.so.ch', 'Amtliche Vermessung - Gemeinde Gerlafingen (2519)', 'Amtliche Vermessung der Gemeinde Gerlafingen (2519)', 'http://www.geocat.ch/geonetwork/srv/ger/csw?service=CSW&amp;version=2.0.2&amp;request=GetRecordById&amp;elementSetName=full&amp;outputFormat=application/xml&amp;outputSchema=IsoRecord&amp;id=ab7a03e2-4bdd-4a49-bd92-4b0028bfcd51', 100, '2015-04-01 06:00:00', 'so', 'agi', 7.55889773604, 47.1624472959, 7.58670412648, 47.1777782598);
INSERT INTO metadb_relation (metadb_id_parent, metadb_id_child) VALUES ('3d69c24a-3bc0-42fc-a4f1-3aef480fc5b9', '688706bb-4541-4f45-b29e-29eaeff5d02e');
INSERT INTO online_dataset (metadb_id, uri, format_mime, format_txt, srs_epsg, srs_txt, modified) VALUES ('688706bb-4541-4f45-b29e-29eaeff5d02e', 'http://www.catais.org/geodaten/ch/so/agi/av/dm01avch24d/itf/lv03/ch_251900.itf', 'text/x-interlis1', 'INTERLIS1', 21781, 'CH1903/LV03', '2015-04-01 06:00:00');
INSERT INTO metadb (identifier, namespace, title, abstract, metadata_link, "type", modified, canton, data_responsibility, x_min, y_min, x_max, y_max) VALUES ('769f7db6-3899-4082-9919-1397facd496a', 'http://www.geo.so.ch', 'Amtliche Vermessung - Gemeinde Halten (2520)', 'Amtliche Vermessung der Gemeinde Halten (2520)', 'http://www.geocat.ch/geonetwork/srv/ger/csw?service=CSW&amp;version=2.0.2&amp;request=GetRecordById&amp;elementSetName=full&amp;outputFormat=application/xml&amp;outputSchema=IsoRecord&amp;id=ab7a03e2-4bdd-4a49-bd92-4b0028bfcd51', 100, '2015-04-01 06:00:00', 'so', 'agi', 7.59686577307, 47.1620067407, 7.62780594643, 47.1744466141);
INSERT INTO metadb_relation (metadb_id_parent, metadb_id_child) VALUES ('3d69c24a-3bc0-42fc-a4f1-3aef480fc5b9', '769f7db6-3899-4082-9919-1397facd496a');
INSERT INTO online_dataset (metadb_id, uri, format_mime, format_txt, srs_epsg, srs_txt, modified) VALUES ('769f7db6-3899-4082-9919-1397facd496a', 'http://www.catais.org/geodaten/ch/so/agi/av/dm01avch24d/itf/lv03/ch_252000.itf', 'text/x-interlis1', 'INTERLIS1', 21781, 'CH1903/LV03', '2015-04-01 06:00:00');
INSERT INTO metadb (identifier, namespace, title, abstract, metadata_link, "type", modified, canton, data_responsibility, x_min, y_min, x_max, y_max) VALUES ('78c27483-e67f-4578-8a1e-69d146f6c5b3', 'http://www.geo.so.ch', 'Amtliche Vermessung - Gemeinde Horriwil (2523)', 'Amtliche Vermessung der Gemeinde Horriwil (2523)', 'http://www.geocat.ch/geonetwork/srv/ger/csw?service=CSW&amp;version=2.0.2&amp;request=GetRecordById&amp;elementSetName=full&amp;outputFormat=application/xml&amp;outputSchema=IsoRecord&amp;id=ab7a03e2-4bdd-4a49-bd92-4b0028bfcd51', 100, '2015-04-01 06:00:00', 'so', 'agi', 7.61088912729, 47.1708407378, 7.64598963095, 47.1903332193);
INSERT INTO metadb_relation (metadb_id_parent, metadb_id_child) VALUES ('3d69c24a-3bc0-42fc-a4f1-3aef480fc5b9', '78c27483-e67f-4578-8a1e-69d146f6c5b3');
INSERT INTO online_dataset (metadb_id, uri, format_mime, format_txt, srs_epsg, srs_txt, modified) VALUES ('78c27483-e67f-4578-8a1e-69d146f6c5b3', 'http://www.catais.org/geodaten/ch/so/agi/av/dm01avch24d/itf/lv03/ch_252300.itf', 'text/x-interlis1', 'INTERLIS1', 21781, 'CH1903/LV03', '2015-04-01 06:00:00');
INSERT INTO metadb (identifier, namespace, title, abstract, metadata_link, "type", modified, canton, data_responsibility, x_min, y_min, x_max, y_max) VALUES ('0c98aa82-4974-4b65-beb2-c32789b20697', 'http://www.geo.so.ch', 'Amtliche Vermessung - Gemeinde Hüniken (2524)', 'Amtliche Vermessung der Gemeinde Hüniken (2524)', 'http://www.geocat.ch/geonetwork/srv/ger/csw?service=CSW&amp;version=2.0.2&amp;request=GetRecordById&amp;elementSetName=full&amp;outputFormat=application/xml&amp;outputSchema=IsoRecord&amp;id=ab7a03e2-4bdd-4a49-bd92-4b0028bfcd51', 100, '2015-04-01 06:00:00', 'so', 'agi', 7.62688182695, 47.1765648159, 7.64273011297, 47.1896042002);
INSERT INTO metadb_relation (metadb_id_parent, metadb_id_child) VALUES ('3d69c24a-3bc0-42fc-a4f1-3aef480fc5b9', '0c98aa82-4974-4b65-beb2-c32789b20697');
INSERT INTO online_dataset (metadb_id, uri, format_mime, format_txt, srs_epsg, srs_txt, modified) VALUES ('0c98aa82-4974-4b65-beb2-c32789b20697', 'http://www.catais.org/geodaten/ch/so/agi/av/dm01avch24d/itf/lv03/ch_252400.itf', 'text/x-interlis1', 'INTERLIS1', 21781, 'CH1903/LV03', '2015-04-01 06:00:00');
INSERT INTO metadb (identifier, namespace, title, abstract, metadata_link, "type", modified, canton, data_responsibility, x_min, y_min, x_max, y_max) VALUES ('9e4be9e6-4c97-49a1-a8ad-d817f826a133', 'http://www.geo.so.ch', 'Amtliche Vermessung - Gemeinde Kriegstetten (2525)', 'Amtliche Vermessung der Gemeinde Kriegstetten (2525)', 'http://www.geocat.ch/geonetwork/srv/ger/csw?service=CSW&amp;version=2.0.2&amp;request=GetRecordById&amp;elementSetName=full&amp;outputFormat=application/xml&amp;outputSchema=IsoRecord&amp;id=ab7a03e2-4bdd-4a49-bd92-4b0028bfcd51', 100, '2015-04-01 06:00:00', 'so', 'agi', 7.58640099712, 47.1681430034, 7.60292222502, 47.1823335698);
INSERT INTO metadb_relation (metadb_id_parent, metadb_id_child) VALUES ('3d69c24a-3bc0-42fc-a4f1-3aef480fc5b9', '9e4be9e6-4c97-49a1-a8ad-d817f826a133');
INSERT INTO online_dataset (metadb_id, uri, format_mime, format_txt, srs_epsg, srs_txt, modified) VALUES ('9e4be9e6-4c97-49a1-a8ad-d817f826a133', 'http://www.catais.org/geodaten/ch/so/agi/av/dm01avch24d/itf/lv03/ch_252500.itf', 'text/x-interlis1', 'INTERLIS1', 21781, 'CH1903/LV03', '2015-04-01 06:00:00');
INSERT INTO metadb (identifier, namespace, title, abstract, metadata_link, "type", modified, canton, data_responsibility, x_min, y_min, x_max, y_max) VALUES ('c0b8d051-f0d3-4d1a-8ba4-60c6716a71aa', 'http://www.geo.so.ch', 'Amtliche Vermessung - Gemeinde Lohn-Ammannsegg (2526)', 'Amtliche Vermessung der Gemeinde Lohn-Ammannsegg (2526)', 'http://www.geocat.ch/geonetwork/srv/ger/csw?service=CSW&amp;version=2.0.2&amp;request=GetRecordById&amp;elementSetName=full&amp;outputFormat=application/xml&amp;outputSchema=IsoRecord&amp;id=ab7a03e2-4bdd-4a49-bd92-4b0028bfcd51', 100, '2015-04-01 06:00:00', 'so', 'agi', 7.51021648723, 47.1607115358, 7.54537920801, 47.1884820931);
INSERT INTO metadb_relation (metadb_id_parent, metadb_id_child) VALUES ('3d69c24a-3bc0-42fc-a4f1-3aef480fc5b9', 'c0b8d051-f0d3-4d1a-8ba4-60c6716a71aa');
INSERT INTO online_dataset (metadb_id, uri, format_mime, format_txt, srs_epsg, srs_txt, modified) VALUES ('c0b8d051-f0d3-4d1a-8ba4-60c6716a71aa', 'http://www.catais.org/geodaten/ch/so/agi/av/dm01avch24d/itf/lv03/ch_252600.itf', 'text/x-interlis1', 'INTERLIS1', 21781, 'CH1903/LV03', '2015-04-01 06:00:00');
INSERT INTO metadb (identifier, namespace, title, abstract, metadata_link, "type", modified, canton, data_responsibility, x_min, y_min, x_max, y_max) VALUES ('4e5e4c02-e02b-47c1-bb05-5bf4cf812e1d', 'http://www.geo.so.ch', 'Amtliche Vermessung - Gemeinde Luterbach (2527)', 'Amtliche Vermessung der Gemeinde Luterbach (2527)', 'http://www.geocat.ch/geonetwork/srv/ger/csw?service=CSW&amp;version=2.0.2&amp;request=GetRecordById&amp;elementSetName=full&amp;outputFormat=application/xml&amp;outputSchema=IsoRecord&amp;id=ab7a03e2-4bdd-4a49-bd92-4b0028bfcd51', 100, '2015-04-01 06:00:00', 'so', 'agi', 7.57072772948, 47.2003808007, 7.60437959894, 47.2276028418);
INSERT INTO metadb_relation (metadb_id_parent, metadb_id_child) VALUES ('3d69c24a-3bc0-42fc-a4f1-3aef480fc5b9', '4e5e4c02-e02b-47c1-bb05-5bf4cf812e1d');
INSERT INTO online_dataset (metadb_id, uri, format_mime, format_txt, srs_epsg, srs_txt, modified) VALUES ('4e5e4c02-e02b-47c1-bb05-5bf4cf812e1d', 'http://www.catais.org/geodaten/ch/so/agi/av/dm01avch24d/itf/lv03/ch_252700.itf', 'text/x-interlis1', 'INTERLIS1', 21781, 'CH1903/LV03', '2015-04-01 06:00:00');
INSERT INTO metadb (identifier, namespace, title, abstract, metadata_link, "type", modified, canton, data_responsibility, x_min, y_min, x_max, y_max) VALUES ('10bd6172-eae2-4862-ab40-6c84deea5936', 'http://www.geo.so.ch', 'Amtliche Vermessung - Gemeinde Obergerlafingen (2528)', 'Amtliche Vermessung der Gemeinde Obergerlafingen (2528)', 'http://www.geocat.ch/geonetwork/srv/ger/csw?service=CSW&amp;version=2.0.2&amp;request=GetRecordById&amp;elementSetName=full&amp;outputFormat=application/xml&amp;outputSchema=IsoRecord&amp;id=ab7a03e2-4bdd-4a49-bd92-4b0028bfcd51', 100, '2015-04-01 06:00:00', 'so', 'agi', 7.57490925629, 47.1475446834, 7.59154433526, 47.1739773883);
INSERT INTO metadb_relation (metadb_id_parent, metadb_id_child) VALUES ('3d69c24a-3bc0-42fc-a4f1-3aef480fc5b9', '10bd6172-eae2-4862-ab40-6c84deea5936');
INSERT INTO online_dataset (metadb_id, uri, format_mime, format_txt, srs_epsg, srs_txt, modified) VALUES ('10bd6172-eae2-4862-ab40-6c84deea5936', 'http://www.catais.org/geodaten/ch/so/agi/av/dm01avch24d/itf/lv03/ch_252800.itf', 'text/x-interlis1', 'INTERLIS1', 21781, 'CH1903/LV03', '2015-04-01 06:00:00');
INSERT INTO metadb (identifier, namespace, title, abstract, metadata_link, "type", modified, canton, data_responsibility, x_min, y_min, x_max, y_max) VALUES ('cd0db0b2-a486-4fc3-9ff2-3f2b3282c10f', 'http://www.geo.so.ch', 'Amtliche Vermessung - Gemeinde Oekingen (2529)', 'Amtliche Vermessung der Gemeinde Oekingen (2529)', 'http://www.geocat.ch/geonetwork/srv/ger/csw?service=CSW&amp;version=2.0.2&amp;request=GetRecordById&amp;elementSetName=full&amp;outputFormat=application/xml&amp;outputSchema=IsoRecord&amp;id=ab7a03e2-4bdd-4a49-bd92-4b0028bfcd51', 100, '2015-04-01 06:00:00', 'so', 'agi', 7.59940573709, 47.168569832, 7.63722018639, 47.1924099026);
INSERT INTO metadb_relation (metadb_id_parent, metadb_id_child) VALUES ('3d69c24a-3bc0-42fc-a4f1-3aef480fc5b9', 'cd0db0b2-a486-4fc3-9ff2-3f2b3282c10f');
INSERT INTO online_dataset (metadb_id, uri, format_mime, format_txt, srs_epsg, srs_txt, modified) VALUES ('cd0db0b2-a486-4fc3-9ff2-3f2b3282c10f', 'http://www.catais.org/geodaten/ch/so/agi/av/dm01avch24d/itf/lv03/ch_252900.itf', 'text/x-interlis1', 'INTERLIS1', 21781, 'CH1903/LV03', '2015-04-01 06:00:00');
INSERT INTO metadb (identifier, namespace, title, abstract, metadata_link, "type", modified, canton, data_responsibility, x_min, y_min, x_max, y_max) VALUES ('83756d28-db28-45c7-968e-90485b8f31bd', 'http://www.geo.so.ch', 'Amtliche Vermessung - Gemeinde Recherswil (2530)', 'Amtliche Vermessung der Gemeinde Recherswil (2530)', 'http://www.geocat.ch/geonetwork/srv/ger/csw?service=CSW&amp;version=2.0.2&amp;request=GetRecordById&amp;elementSetName=full&amp;outputFormat=application/xml&amp;outputSchema=IsoRecord&amp;id=ab7a03e2-4bdd-4a49-bd92-4b0028bfcd51', 100, '2015-04-01 06:00:00', 'so', 'agi', 7.58364283369, 47.1516018594, 7.62449329784, 47.1701920928);
INSERT INTO metadb_relation (metadb_id_parent, metadb_id_child) VALUES ('3d69c24a-3bc0-42fc-a4f1-3aef480fc5b9', '83756d28-db28-45c7-968e-90485b8f31bd');
INSERT INTO online_dataset (metadb_id, uri, format_mime, format_txt, srs_epsg, srs_txt, modified) VALUES ('83756d28-db28-45c7-968e-90485b8f31bd', 'http://www.catais.org/geodaten/ch/so/agi/av/dm01avch24d/itf/lv03/ch_253000.itf', 'text/x-interlis1', 'INTERLIS1', 21781, 'CH1903/LV03', '2015-04-01 06:00:00');
INSERT INTO metadb (identifier, namespace, title, abstract, metadata_link, "type", modified, canton, data_responsibility, x_min, y_min, x_max, y_max) VALUES ('3371a5e7-df59-48ba-b0e4-7ddf8b084e28', 'http://www.geo.so.ch', 'Amtliche Vermessung - Gemeinde Subingen (2532)', 'Amtliche Vermessung der Gemeinde Subingen (2532)', 'http://www.geocat.ch/geonetwork/srv/ger/csw?service=CSW&amp;version=2.0.2&amp;request=GetRecordById&amp;elementSetName=full&amp;outputFormat=application/xml&amp;outputSchema=IsoRecord&amp;id=ab7a03e2-4bdd-4a49-bd92-4b0028bfcd51', 100, '2015-04-01 06:00:00', 'so', 'agi', 7.59977193771, 47.1867607328, 7.65122172629, 47.2114996651);
INSERT INTO metadb_relation (metadb_id_parent, metadb_id_child) VALUES ('3d69c24a-3bc0-42fc-a4f1-3aef480fc5b9', '3371a5e7-df59-48ba-b0e4-7ddf8b084e28');
INSERT INTO online_dataset (metadb_id, uri, format_mime, format_txt, srs_epsg, srs_txt, modified) VALUES ('3371a5e7-df59-48ba-b0e4-7ddf8b084e28', 'http://www.catais.org/geodaten/ch/so/agi/av/dm01avch24d/itf/lv03/ch_253200.itf', 'text/x-interlis1', 'INTERLIS1', 21781, 'CH1903/LV03', '2015-04-01 06:00:00');
INSERT INTO metadb (identifier, namespace, title, abstract, metadata_link, "type", modified, canton, data_responsibility, x_min, y_min, x_max, y_max) VALUES ('f6f66f9c-7909-4ba1-af2e-221f0105efd1', 'http://www.geo.so.ch', 'Amtliche Vermessung - Gemeinde Zuchwil (2534)', 'Amtliche Vermessung der Gemeinde Zuchwil (2534)', 'http://www.geocat.ch/geonetwork/srv/ger/csw?service=CSW&amp;version=2.0.2&amp;request=GetRecordById&amp;elementSetName=full&amp;outputFormat=application/xml&amp;outputSchema=IsoRecord&amp;id=ab7a03e2-4bdd-4a49-bd92-4b0028bfcd51', 100, '2015-04-01 06:00:00', 'so', 'agi', 7.54495160407, 47.1932257836, 7.58004996214, 47.2191244124);
INSERT INTO metadb_relation (metadb_id_parent, metadb_id_child) VALUES ('3d69c24a-3bc0-42fc-a4f1-3aef480fc5b9', 'f6f66f9c-7909-4ba1-af2e-221f0105efd1');
INSERT INTO online_dataset (metadb_id, uri, format_mime, format_txt, srs_epsg, srs_txt, modified) VALUES ('f6f66f9c-7909-4ba1-af2e-221f0105efd1', 'http://www.catais.org/geodaten/ch/so/agi/av/dm01avch24d/itf/lv03/ch_253400.itf', 'text/x-interlis1', 'INTERLIS1', 21781, 'CH1903/LV03', '2015-04-01 06:00:00');
INSERT INTO metadb (identifier, namespace, title, abstract, metadata_link, "type", modified, canton, data_responsibility, x_min, y_min, x_max, y_max) VALUES ('10337485-bd16-4aa3-8347-5214bb064f4c', 'http://www.geo.so.ch', 'Amtliche Vermessung - Gemeinde Drei Höfe (2535)', 'Amtliche Vermessung der Gemeinde Drei Höfe (2535)', 'http://www.geocat.ch/geonetwork/srv/ger/csw?service=CSW&amp;version=2.0.2&amp;request=GetRecordById&amp;elementSetName=full&amp;outputFormat=application/xml&amp;outputSchema=IsoRecord&amp;id=ab7a03e2-4bdd-4a49-bd92-4b0028bfcd51', 100, '2015-04-01 06:00:00', 'so', 'agi', 7.61542158778, 47.1489201285, 7.65355397521, 47.171741565);
INSERT INTO metadb_relation (metadb_id_parent, metadb_id_child) VALUES ('3d69c24a-3bc0-42fc-a4f1-3aef480fc5b9', '10337485-bd16-4aa3-8347-5214bb064f4c');
INSERT INTO online_dataset (metadb_id, uri, format_mime, format_txt, srs_epsg, srs_txt, modified) VALUES ('10337485-bd16-4aa3-8347-5214bb064f4c', 'http://www.catais.org/geodaten/ch/so/agi/av/dm01avch24d/itf/lv03/ch_253500.itf', 'text/x-interlis1', 'INTERLIS1', 21781, 'CH1903/LV03', '2015-04-01 06:00:00');
INSERT INTO metadb (identifier, namespace, title, abstract, metadata_link, "type", modified, canton, data_responsibility, x_min, y_min, x_max, y_max) VALUES ('61a7737c-8750-4110-be6c-30ccaf80bacc', 'http://www.geo.so.ch', 'Amtliche Vermessung - Gemeinde Balm bei Günsberg (2541)', 'Amtliche Vermessung der Gemeinde Balm bei Günsberg (2541)', 'http://www.geocat.ch/geonetwork/srv/ger/csw?service=CSW&amp;version=2.0.2&amp;request=GetRecordById&amp;elementSetName=full&amp;outputFormat=application/xml&amp;outputSchema=IsoRecord&amp;id=ab7a03e2-4bdd-4a49-bd92-4b0028bfcd51', 100, '2015-04-01 06:00:00', 'so', 'agi', 7.51869749498, 47.2460811576, 7.56861779072, 47.2735484108);
INSERT INTO metadb_relation (metadb_id_parent, metadb_id_child) VALUES ('3d69c24a-3bc0-42fc-a4f1-3aef480fc5b9', '61a7737c-8750-4110-be6c-30ccaf80bacc');
INSERT INTO online_dataset (metadb_id, uri, format_mime, format_txt, srs_epsg, srs_txt, modified) VALUES ('61a7737c-8750-4110-be6c-30ccaf80bacc', 'http://www.catais.org/geodaten/ch/so/agi/av/dm01avch24d/itf/lv03/ch_254100.itf', 'text/x-interlis1', 'INTERLIS1', 21781, 'CH1903/LV03', '2015-04-01 06:00:00');
INSERT INTO metadb (identifier, namespace, title, abstract, metadata_link, "type", modified, canton, data_responsibility, x_min, y_min, x_max, y_max) VALUES ('cf082cd6-4c0a-4015-958a-2010cf4ed8f9', 'http://www.geo.so.ch', 'Amtliche Vermessung - Gemeinde Bellach (2542)', 'Amtliche Vermessung der Gemeinde Bellach (2542)', 'http://www.geocat.ch/geonetwork/srv/ger/csw?service=CSW&amp;version=2.0.2&amp;request=GetRecordById&amp;elementSetName=full&amp;outputFormat=application/xml&amp;outputSchema=IsoRecord&amp;id=ab7a03e2-4bdd-4a49-bd92-4b0028bfcd51', 100, '2015-04-01 06:00:00', 'so', 'agi', 7.47586329757, 47.1962457472, 7.5164539341, 47.2241132311);
INSERT INTO metadb_relation (metadb_id_parent, metadb_id_child) VALUES ('3d69c24a-3bc0-42fc-a4f1-3aef480fc5b9', 'cf082cd6-4c0a-4015-958a-2010cf4ed8f9');
INSERT INTO online_dataset (metadb_id, uri, format_mime, format_txt, srs_epsg, srs_txt, modified) VALUES ('cf082cd6-4c0a-4015-958a-2010cf4ed8f9', 'http://www.catais.org/geodaten/ch/so/agi/av/dm01avch24d/itf/lv03/ch_254200.itf', 'text/x-interlis1', 'INTERLIS1', 21781, 'CH1903/LV03', '2015-04-01 06:00:00');
INSERT INTO metadb (identifier, namespace, title, abstract, metadata_link, "type", modified, canton, data_responsibility, x_min, y_min, x_max, y_max) VALUES ('43228584-a8b0-4baf-a9cf-bb3178802a8f', 'http://www.geo.so.ch', 'Amtliche Vermessung - Gemeinde Bettlach (2543)', 'Amtliche Vermessung der Gemeinde Bettlach (2543)', 'http://www.geocat.ch/geonetwork/srv/ger/csw?service=CSW&amp;version=2.0.2&amp;request=GetRecordById&amp;elementSetName=full&amp;outputFormat=application/xml&amp;outputSchema=IsoRecord&amp;id=ab7a03e2-4bdd-4a49-bd92-4b0028bfcd51', 100, '2015-04-01 06:00:00', 'so', 'agi', 7.38924535299, 47.17923064, 7.44993550598, 47.2323182342);
INSERT INTO metadb_relation (metadb_id_parent, metadb_id_child) VALUES ('3d69c24a-3bc0-42fc-a4f1-3aef480fc5b9', '43228584-a8b0-4baf-a9cf-bb3178802a8f');
INSERT INTO online_dataset (metadb_id, uri, format_mime, format_txt, srs_epsg, srs_txt, modified) VALUES ('43228584-a8b0-4baf-a9cf-bb3178802a8f', 'http://www.catais.org/geodaten/ch/so/agi/av/dm01avch24d/itf/lv03/ch_254300.itf', 'text/x-interlis1', 'INTERLIS1', 21781, 'CH1903/LV03', '2015-04-01 06:00:00');
INSERT INTO metadb (identifier, namespace, title, abstract, metadata_link, "type", modified, canton, data_responsibility, x_min, y_min, x_max, y_max) VALUES ('b17267f3-d901-4e14-b351-f5597c3190de', 'http://www.geo.so.ch', 'Amtliche Vermessung - Gemeinde Feldbrunnen-St. Niklaus (2544)', 'Amtliche Vermessung der Gemeinde Feldbrunnen-St. Niklaus (2544)', 'http://www.geocat.ch/geonetwork/srv/ger/csw?service=CSW&amp;version=2.0.2&amp;request=GetRecordById&amp;elementSetName=full&amp;outputFormat=application/xml&amp;outputSchema=IsoRecord&amp;id=ab7a03e2-4bdd-4a49-bd92-4b0028bfcd51', 100, '2015-04-01 06:00:00', 'so', 'agi', 7.54305511845, 47.2118699494, 7.56483361501, 47.2389948738);
INSERT INTO metadb_relation (metadb_id_parent, metadb_id_child) VALUES ('3d69c24a-3bc0-42fc-a4f1-3aef480fc5b9', 'b17267f3-d901-4e14-b351-f5597c3190de');
INSERT INTO online_dataset (metadb_id, uri, format_mime, format_txt, srs_epsg, srs_txt, modified) VALUES ('b17267f3-d901-4e14-b351-f5597c3190de', 'http://www.catais.org/geodaten/ch/so/agi/av/dm01avch24d/itf/lv03/ch_254400.itf', 'text/x-interlis1', 'INTERLIS1', 21781, 'CH1903/LV03', '2015-04-01 06:00:00');
INSERT INTO metadb (identifier, namespace, title, abstract, metadata_link, "type", modified, canton, data_responsibility, x_min, y_min, x_max, y_max) VALUES ('0ee7b838-b157-49a1-a192-5c450ab36eea', 'http://www.geo.so.ch', 'Amtliche Vermessung - Gemeinde Flumenthal (2545)', 'Amtliche Vermessung der Gemeinde Flumenthal (2545)', 'http://www.geocat.ch/geonetwork/srv/ger/csw?service=CSW&amp;version=2.0.2&amp;request=GetRecordById&amp;elementSetName=full&amp;outputFormat=application/xml&amp;outputSchema=IsoRecord&amp;id=ab7a03e2-4bdd-4a49-bd92-4b0028bfcd51', 100, '2015-04-01 06:00:00', 'so', 'agi', 7.58462523745, 47.224267203, 7.62076911659, 47.2453673266);
INSERT INTO metadb_relation (metadb_id_parent, metadb_id_child) VALUES ('3d69c24a-3bc0-42fc-a4f1-3aef480fc5b9', '0ee7b838-b157-49a1-a192-5c450ab36eea');
INSERT INTO online_dataset (metadb_id, uri, format_mime, format_txt, srs_epsg, srs_txt, modified) VALUES ('0ee7b838-b157-49a1-a192-5c450ab36eea', 'http://www.catais.org/geodaten/ch/so/agi/av/dm01avch24d/itf/lv03/ch_254500.itf', 'text/x-interlis1', 'INTERLIS1', 21781, 'CH1903/LV03', '2015-04-01 06:00:00');
INSERT INTO metadb (identifier, namespace, title, abstract, metadata_link, "type", modified, canton, data_responsibility, x_min, y_min, x_max, y_max) VALUES ('9adb913b-c18a-4efb-90eb-18db2005aed8', 'http://www.geo.so.ch', 'Amtliche Vermessung - Gemeinde Grenchen (2546)', 'Amtliche Vermessung der Gemeinde Grenchen (2546)', 'http://www.geocat.ch/geonetwork/srv/ger/csw?service=CSW&amp;version=2.0.2&amp;request=GetRecordById&amp;elementSetName=full&amp;outputFormat=application/xml&amp;outputSchema=IsoRecord&amp;id=ab7a03e2-4bdd-4a49-bd92-4b0028bfcd51', 100, '2015-04-01 06:00:00', 'so', 'agi', 7.3404130274, 47.1595170135, 7.43179541013, 47.2405542475);
INSERT INTO metadb_relation (metadb_id_parent, metadb_id_child) VALUES ('3d69c24a-3bc0-42fc-a4f1-3aef480fc5b9', '9adb913b-c18a-4efb-90eb-18db2005aed8');
INSERT INTO online_dataset (metadb_id, uri, format_mime, format_txt, srs_epsg, srs_txt, modified) VALUES ('9adb913b-c18a-4efb-90eb-18db2005aed8', 'http://www.catais.org/geodaten/ch/so/agi/av/dm01avch24d/itf/lv03/ch_254600.itf', 'text/x-interlis1', 'INTERLIS1', 21781, 'CH1903/LV03', '2015-04-01 06:00:00');
INSERT INTO metadb (identifier, namespace, title, abstract, metadata_link, "type", modified, canton, data_responsibility, x_min, y_min, x_max, y_max) VALUES ('08a2622a-32a9-4b52-909b-c08a9559e3d5', 'http://www.geo.so.ch', 'Amtliche Vermessung - Gemeinde Günsberg (2547)', 'Amtliche Vermessung der Gemeinde Günsberg (2547)', 'http://www.geocat.ch/geonetwork/srv/ger/csw?service=CSW&amp;version=2.0.2&amp;request=GetRecordById&amp;elementSetName=full&amp;outputFormat=application/xml&amp;outputSchema=IsoRecord&amp;id=ab7a03e2-4bdd-4a49-bd92-4b0028bfcd51', 100, '2015-04-01 06:00:00', 'so', 'agi', 7.5481138955, 47.2492192754, 7.59490336926, 47.2763475554);
INSERT INTO metadb_relation (metadb_id_parent, metadb_id_child) VALUES ('3d69c24a-3bc0-42fc-a4f1-3aef480fc5b9', '08a2622a-32a9-4b52-909b-c08a9559e3d5');
INSERT INTO online_dataset (metadb_id, uri, format_mime, format_txt, srs_epsg, srs_txt, modified) VALUES ('08a2622a-32a9-4b52-909b-c08a9559e3d5', 'http://www.catais.org/geodaten/ch/so/agi/av/dm01avch24d/itf/lv03/ch_254700.itf', 'text/x-interlis1', 'INTERLIS1', 21781, 'CH1903/LV03', '2015-04-01 06:00:00');
INSERT INTO metadb (identifier, namespace, title, abstract, metadata_link, "type", modified, canton, data_responsibility, x_min, y_min, x_max, y_max) VALUES ('d8826c56-68cf-47d8-8dc1-aaa37e19c7d2', 'http://www.geo.so.ch', 'Amtliche Vermessung - Gemeinde Hubersdorf (2548)', 'Amtliche Vermessung der Gemeinde Hubersdorf (2548)', 'http://www.geocat.ch/geonetwork/srv/ger/csw?service=CSW&amp;version=2.0.2&amp;request=GetRecordById&amp;elementSetName=full&amp;outputFormat=application/xml&amp;outputSchema=IsoRecord&amp;id=ab7a03e2-4bdd-4a49-bd92-4b0028bfcd51', 100, '2015-04-01 06:00:00', 'so', 'agi', 7.57965959895, 47.2385126211, 7.59827993826, 47.2512264593);
INSERT INTO metadb_relation (metadb_id_parent, metadb_id_child) VALUES ('3d69c24a-3bc0-42fc-a4f1-3aef480fc5b9', 'd8826c56-68cf-47d8-8dc1-aaa37e19c7d2');
INSERT INTO online_dataset (metadb_id, uri, format_mime, format_txt, srs_epsg, srs_txt, modified) VALUES ('d8826c56-68cf-47d8-8dc1-aaa37e19c7d2', 'http://www.catais.org/geodaten/ch/so/agi/av/dm01avch24d/itf/lv03/ch_254800.itf', 'text/x-interlis1', 'INTERLIS1', 21781, 'CH1903/LV03', '2015-04-01 06:00:00');
INSERT INTO metadb (identifier, namespace, title, abstract, metadata_link, "type", modified, canton, data_responsibility, x_min, y_min, x_max, y_max) VALUES ('51f3f236-9ed5-424e-b201-93998801d7c2', 'http://www.geo.so.ch', 'Amtliche Vermessung - Gemeinde Kammersrohr (2549)', 'Amtliche Vermessung der Gemeinde Kammersrohr (2549)', 'http://www.geocat.ch/geonetwork/srv/ger/csw?service=CSW&amp;version=2.0.2&amp;request=GetRecordById&amp;elementSetName=full&amp;outputFormat=application/xml&amp;outputSchema=IsoRecord&amp;id=ab7a03e2-4bdd-4a49-bd92-4b0028bfcd51', 100, '2015-04-01 06:00:00', 'so', 'agi', 7.58667695777, 47.249741561, 7.59772376392, 47.2637495282);
INSERT INTO metadb_relation (metadb_id_parent, metadb_id_child) VALUES ('3d69c24a-3bc0-42fc-a4f1-3aef480fc5b9', '51f3f236-9ed5-424e-b201-93998801d7c2');
INSERT INTO online_dataset (metadb_id, uri, format_mime, format_txt, srs_epsg, srs_txt, modified) VALUES ('51f3f236-9ed5-424e-b201-93998801d7c2', 'http://www.catais.org/geodaten/ch/so/agi/av/dm01avch24d/itf/lv03/ch_254900.itf', 'text/x-interlis1', 'INTERLIS1', 21781, 'CH1903/LV03', '2015-04-01 06:00:00');
INSERT INTO metadb (identifier, namespace, title, abstract, metadata_link, "type", modified, canton, data_responsibility, x_min, y_min, x_max, y_max) VALUES ('fe2b06cb-2680-4833-9f59-1a1bbf9324a3', 'http://www.geo.so.ch', 'Amtliche Vermessung - Gemeinde Langendorf (2550)', 'Amtliche Vermessung der Gemeinde Langendorf (2550)', 'http://www.geocat.ch/geonetwork/srv/ger/csw?service=CSW&amp;version=2.0.2&amp;request=GetRecordById&amp;elementSetName=full&amp;outputFormat=application/xml&amp;outputSchema=IsoRecord&amp;id=ab7a03e2-4bdd-4a49-bd92-4b0028bfcd51', 100, '2015-04-01 06:00:00', 'so', 'agi', 7.50161168095, 47.2124031089, 7.52818551102, 47.230767702);
INSERT INTO metadb_relation (metadb_id_parent, metadb_id_child) VALUES ('3d69c24a-3bc0-42fc-a4f1-3aef480fc5b9', 'fe2b06cb-2680-4833-9f59-1a1bbf9324a3');
INSERT INTO online_dataset (metadb_id, uri, format_mime, format_txt, srs_epsg, srs_txt, modified) VALUES ('fe2b06cb-2680-4833-9f59-1a1bbf9324a3', 'http://www.catais.org/geodaten/ch/so/agi/av/dm01avch24d/itf/lv03/ch_255000.itf', 'text/x-interlis1', 'INTERLIS1', 21781, 'CH1903/LV03', '2015-04-01 06:00:00');
INSERT INTO metadb (identifier, namespace, title, abstract, metadata_link, "type", modified, canton, data_responsibility, x_min, y_min, x_max, y_max) VALUES ('c1e84240-ae63-458c-8e78-041bbd652993', 'http://www.geo.so.ch', 'Amtliche Vermessung - Gemeinde Lommiswil (2551)', 'Amtliche Vermessung der Gemeinde Lommiswil (2551)', 'http://www.geocat.ch/geonetwork/srv/ger/csw?service=CSW&amp;version=2.0.2&amp;request=GetRecordById&amp;elementSetName=full&amp;outputFormat=application/xml&amp;outputSchema=IsoRecord&amp;id=ab7a03e2-4bdd-4a49-bd92-4b0028bfcd51', 100, '2015-04-01 06:00:00', 'so', 'agi', 7.45059828842, 47.2142160531, 7.48916961465, 47.2437462818);
INSERT INTO metadb_relation (metadb_id_parent, metadb_id_child) VALUES ('3d69c24a-3bc0-42fc-a4f1-3aef480fc5b9', 'c1e84240-ae63-458c-8e78-041bbd652993');
INSERT INTO online_dataset (metadb_id, uri, format_mime, format_txt, srs_epsg, srs_txt, modified) VALUES ('c1e84240-ae63-458c-8e78-041bbd652993', 'http://www.catais.org/geodaten/ch/so/agi/av/dm01avch24d/itf/lv03/ch_255100.itf', 'text/x-interlis1', 'INTERLIS1', 21781, 'CH1903/LV03', '2015-04-01 06:00:00');
INSERT INTO metadb (identifier, namespace, title, abstract, metadata_link, "type", modified, canton, data_responsibility, x_min, y_min, x_max, y_max) VALUES ('903c66da-7e16-4486-a3fc-01d77e2ed31a', 'http://www.geo.so.ch', 'Amtliche Vermessung - Gemeinde Oberdorf (SO) (2553)', 'Amtliche Vermessung der Gemeinde Oberdorf (SO) (2553)', 'http://www.geocat.ch/geonetwork/srv/ger/csw?service=CSW&amp;version=2.0.2&amp;request=GetRecordById&amp;elementSetName=full&amp;outputFormat=application/xml&amp;outputSchema=IsoRecord&amp;id=ab7a03e2-4bdd-4a49-bd92-4b0028bfcd51', 100, '2015-04-01 06:00:00', 'so', 'agi', 7.45297089928, 47.2203073372, 7.52563049213, 47.2576365704);
INSERT INTO metadb_relation (metadb_id_parent, metadb_id_child) VALUES ('3d69c24a-3bc0-42fc-a4f1-3aef480fc5b9', '903c66da-7e16-4486-a3fc-01d77e2ed31a');
INSERT INTO online_dataset (metadb_id, uri, format_mime, format_txt, srs_epsg, srs_txt, modified) VALUES ('903c66da-7e16-4486-a3fc-01d77e2ed31a', 'http://www.catais.org/geodaten/ch/so/agi/av/dm01avch24d/itf/lv03/ch_255300.itf', 'text/x-interlis1', 'INTERLIS1', 21781, 'CH1903/LV03', '2015-04-01 06:00:00');
INSERT INTO metadb (identifier, namespace, title, abstract, metadata_link, "type", modified, canton, data_responsibility, x_min, y_min, x_max, y_max) VALUES ('fdd31067-860b-47b1-806f-4c31885e6582', 'http://www.geo.so.ch', 'Amtliche Vermessung - Gemeinde Riedholz (2554)', 'Amtliche Vermessung der Gemeinde Riedholz (2554)', 'http://www.geocat.ch/geonetwork/srv/ger/csw?service=CSW&amp;version=2.0.2&amp;request=GetRecordById&amp;elementSetName=full&amp;outputFormat=application/xml&amp;outputSchema=IsoRecord&amp;id=ab7a03e2-4bdd-4a49-bd92-4b0028bfcd51', 100, '2015-04-01 06:00:00', 'so', 'agi', 7.55015232516, 47.2170839036, 7.59436851858, 47.2567913575);
INSERT INTO metadb_relation (metadb_id_parent, metadb_id_child) VALUES ('3d69c24a-3bc0-42fc-a4f1-3aef480fc5b9', 'fdd31067-860b-47b1-806f-4c31885e6582');
INSERT INTO online_dataset (metadb_id, uri, format_mime, format_txt, srs_epsg, srs_txt, modified) VALUES ('fdd31067-860b-47b1-806f-4c31885e6582', 'http://www.catais.org/geodaten/ch/so/agi/av/dm01avch24d/itf/lv03/ch_255400.itf', 'text/x-interlis1', 'INTERLIS1', 21781, 'CH1903/LV03', '2015-04-01 06:00:00');
INSERT INTO metadb (identifier, namespace, title, abstract, metadata_link, "type", modified, canton, data_responsibility, x_min, y_min, x_max, y_max) VALUES ('58a2fd90-0e12-4564-aa73-8e161b0a41db', 'http://www.geo.so.ch', 'Amtliche Vermessung - Gemeinde Rüttenen (2555)', 'Amtliche Vermessung der Gemeinde Rüttenen (2555)', 'http://www.geocat.ch/geonetwork/srv/ger/csw?service=CSW&amp;version=2.0.2&amp;request=GetRecordById&amp;elementSetName=full&amp;outputFormat=application/xml&amp;outputSchema=IsoRecord&amp;id=ab7a03e2-4bdd-4a49-bd92-4b0028bfcd51', 100, '2015-04-01 06:00:00', 'so', 'agi', 7.512368399, 47.2183895633, 7.55718547359, 47.2601457291);
INSERT INTO metadb_relation (metadb_id_parent, metadb_id_child) VALUES ('3d69c24a-3bc0-42fc-a4f1-3aef480fc5b9', '58a2fd90-0e12-4564-aa73-8e161b0a41db');
INSERT INTO online_dataset (metadb_id, uri, format_mime, format_txt, srs_epsg, srs_txt, modified) VALUES ('58a2fd90-0e12-4564-aa73-8e161b0a41db', 'http://www.catais.org/geodaten/ch/so/agi/av/dm01avch24d/itf/lv03/ch_255500.itf', 'text/x-interlis1', 'INTERLIS1', 21781, 'CH1903/LV03', '2015-04-01 06:00:00');
INSERT INTO metadb (identifier, namespace, title, abstract, metadata_link, "type", modified, canton, data_responsibility, x_min, y_min, x_max, y_max) VALUES ('a9340864-afbd-4d2a-a01a-f0c254e43b2a', 'http://www.geo.so.ch', 'Amtliche Vermessung - Gemeinde Selzach (2556)', 'Amtliche Vermessung der Gemeinde Selzach (2556)', 'http://www.geocat.ch/geonetwork/srv/ger/csw?service=CSW&amp;version=2.0.2&amp;request=GetRecordById&amp;elementSetName=full&amp;outputFormat=application/xml&amp;outputSchema=IsoRecord&amp;id=ab7a03e2-4bdd-4a49-bd92-4b0028bfcd51', 100, '2015-04-01 06:00:00', 'so', 'agi', 7.40932989536, 47.1839383387, 7.48525687154, 47.2516624244);
INSERT INTO metadb_relation (metadb_id_parent, metadb_id_child) VALUES ('3d69c24a-3bc0-42fc-a4f1-3aef480fc5b9', 'a9340864-afbd-4d2a-a01a-f0c254e43b2a');
INSERT INTO online_dataset (metadb_id, uri, format_mime, format_txt, srs_epsg, srs_txt, modified) VALUES ('a9340864-afbd-4d2a-a01a-f0c254e43b2a', 'http://www.catais.org/geodaten/ch/so/agi/av/dm01avch24d/itf/lv03/ch_255600.itf', 'text/x-interlis1', 'INTERLIS1', 21781, 'CH1903/LV03', '2015-04-01 06:00:00');
INSERT INTO metadb (identifier, namespace, title, abstract, metadata_link, "type", modified, canton, data_responsibility, x_min, y_min, x_max, y_max) VALUES ('c6de9324-5991-4322-ab97-cdd12b268089', 'http://www.geo.so.ch', 'Amtliche Vermessung - Gemeinde Boningen (2571)', 'Amtliche Vermessung der Gemeinde Boningen (2571)', 'http://www.geocat.ch/geonetwork/srv/ger/csw?service=CSW&amp;version=2.0.2&amp;request=GetRecordById&amp;elementSetName=full&amp;outputFormat=application/xml&amp;outputSchema=IsoRecord&amp;id=ab7a03e2-4bdd-4a49-bd92-4b0028bfcd51', 100, '2015-04-01 06:00:00', 'so', 'agi', 7.84057026181, 47.2883718852, 7.88074216103, 47.3138233653);
INSERT INTO metadb_relation (metadb_id_parent, metadb_id_child) VALUES ('3d69c24a-3bc0-42fc-a4f1-3aef480fc5b9', 'c6de9324-5991-4322-ab97-cdd12b268089');
INSERT INTO online_dataset (metadb_id, uri, format_mime, format_txt, srs_epsg, srs_txt, modified) VALUES ('c6de9324-5991-4322-ab97-cdd12b268089', 'http://www.catais.org/geodaten/ch/so/agi/av/dm01avch24d/itf/lv03/ch_257100.itf', 'text/x-interlis1', 'INTERLIS1', 21781, 'CH1903/LV03', '2015-04-01 06:00:00');
INSERT INTO metadb (identifier, namespace, title, abstract, metadata_link, "type", modified, canton, data_responsibility, x_min, y_min, x_max, y_max) VALUES ('e17f11a9-64fd-4d5d-8e49-c40bb738aa27', 'http://www.geo.so.ch', 'Amtliche Vermessung - Gemeinde Däniken (2572)', 'Amtliche Vermessung der Gemeinde Däniken (2572)', 'http://www.geocat.ch/geonetwork/srv/ger/csw?service=CSW&amp;version=2.0.2&amp;request=GetRecordById&amp;elementSetName=full&amp;outputFormat=application/xml&amp;outputSchema=IsoRecord&amp;id=ab7a03e2-4bdd-4a49-bd92-4b0028bfcd51', 100, '2015-04-01 06:00:00', 'so', 'agi', 7.95878142342, 47.3340017989, 7.99182080441, 47.3676921919);
INSERT INTO metadb_relation (metadb_id_parent, metadb_id_child) VALUES ('3d69c24a-3bc0-42fc-a4f1-3aef480fc5b9', 'e17f11a9-64fd-4d5d-8e49-c40bb738aa27');
INSERT INTO online_dataset (metadb_id, uri, format_mime, format_txt, srs_epsg, srs_txt, modified) VALUES ('e17f11a9-64fd-4d5d-8e49-c40bb738aa27', 'http://www.catais.org/geodaten/ch/so/agi/av/dm01avch24d/itf/lv03/ch_257200.itf', 'text/x-interlis1', 'INTERLIS1', 21781, 'CH1903/LV03', '2015-04-01 06:00:00');
INSERT INTO metadb (identifier, namespace, title, abstract, metadata_link, "type", modified, canton, data_responsibility, x_min, y_min, x_max, y_max) VALUES ('d96346c5-79e2-471f-881c-57aa804853f4', 'http://www.geo.so.ch', 'Amtliche Vermessung - Gemeinde Dulliken (2573)', 'Amtliche Vermessung der Gemeinde Dulliken (2573)', 'http://www.geocat.ch/geonetwork/srv/ger/csw?service=CSW&amp;version=2.0.2&amp;request=GetRecordById&amp;elementSetName=full&amp;outputFormat=application/xml&amp;outputSchema=IsoRecord&amp;id=ab7a03e2-4bdd-4a49-bd92-4b0028bfcd51', 100, '2015-04-01 06:00:00', 'so', 'agi', 7.92814969082, 47.3313941096, 7.96467180178, 47.3591210631);
INSERT INTO metadb_relation (metadb_id_parent, metadb_id_child) VALUES ('3d69c24a-3bc0-42fc-a4f1-3aef480fc5b9', 'd96346c5-79e2-471f-881c-57aa804853f4');
INSERT INTO online_dataset (metadb_id, uri, format_mime, format_txt, srs_epsg, srs_txt, modified) VALUES ('d96346c5-79e2-471f-881c-57aa804853f4', 'http://www.catais.org/geodaten/ch/so/agi/av/dm01avch24d/itf/lv03/ch_257300.itf', 'text/x-interlis1', 'INTERLIS1', 21781, 'CH1903/LV03', '2015-04-01 06:00:00');
INSERT INTO metadb (identifier, namespace, title, abstract, metadata_link, "type", modified, canton, data_responsibility, x_min, y_min, x_max, y_max) VALUES ('8d07d5d5-b9c0-4565-9831-70b27b7ac3c0', 'http://www.geo.so.ch', 'Amtliche Vermessung - Gemeinde Eppenberg-Wöschnau (2574)', 'Amtliche Vermessung der Gemeinde Eppenberg-Wöschnau (2574)', 'http://www.geocat.ch/geonetwork/srv/ger/csw?service=CSW&amp;version=2.0.2&amp;request=GetRecordById&amp;elementSetName=full&amp;outputFormat=application/xml&amp;outputSchema=IsoRecord&amp;id=ab7a03e2-4bdd-4a49-bd92-4b0028bfcd51', 100, '2015-04-01 06:00:00', 'so', 'agi', 8.01663351921, 47.3674284747, 8.03136731739, 47.3932152478);
INSERT INTO metadb_relation (metadb_id_parent, metadb_id_child) VALUES ('3d69c24a-3bc0-42fc-a4f1-3aef480fc5b9', '8d07d5d5-b9c0-4565-9831-70b27b7ac3c0');
INSERT INTO online_dataset (metadb_id, uri, format_mime, format_txt, srs_epsg, srs_txt, modified) VALUES ('8d07d5d5-b9c0-4565-9831-70b27b7ac3c0', 'http://www.catais.org/geodaten/ch/so/agi/av/dm01avch24d/itf/lv03/ch_257400.itf', 'text/x-interlis1', 'INTERLIS1', 21781, 'CH1903/LV03', '2015-04-01 06:00:00');
INSERT INTO metadb (identifier, namespace, title, abstract, metadata_link, "type", modified, canton, data_responsibility, x_min, y_min, x_max, y_max) VALUES ('7e41af8d-c23c-4b8b-b73a-db0f0c2d4807', 'http://www.geo.so.ch', 'Amtliche Vermessung - Gemeinde Fulenbach (2575)', 'Amtliche Vermessung der Gemeinde Fulenbach (2575)', 'http://www.geocat.ch/geonetwork/srv/ger/csw?service=CSW&amp;version=2.0.2&amp;request=GetRecordById&amp;elementSetName=full&amp;outputFormat=application/xml&amp;outputSchema=IsoRecord&amp;id=ab7a03e2-4bdd-4a49-bd92-4b0028bfcd51', 100, '2015-04-01 06:00:00', 'so', 'agi', 7.81390690698, 47.2664301462, 7.84954585529, 47.2944692265);
INSERT INTO metadb_relation (metadb_id_parent, metadb_id_child) VALUES ('3d69c24a-3bc0-42fc-a4f1-3aef480fc5b9', '7e41af8d-c23c-4b8b-b73a-db0f0c2d4807');
INSERT INTO online_dataset (metadb_id, uri, format_mime, format_txt, srs_epsg, srs_txt, modified) VALUES ('7e41af8d-c23c-4b8b-b73a-db0f0c2d4807', 'http://www.catais.org/geodaten/ch/so/agi/av/dm01avch24d/itf/lv03/ch_257500.itf', 'text/x-interlis1', 'INTERLIS1', 21781, 'CH1903/LV03', '2015-04-01 06:00:00');
INSERT INTO metadb (identifier, namespace, title, abstract, metadata_link, "type", modified, canton, data_responsibility, x_min, y_min, x_max, y_max) VALUES ('e48898a5-f2f6-49c8-ae76-59c402bbcd49', 'http://www.geo.so.ch', 'Amtliche Vermessung - Gemeinde Gretzenbach (2576)', 'Amtliche Vermessung der Gemeinde Gretzenbach (2576)', 'http://www.geocat.ch/geonetwork/srv/ger/csw?service=CSW&amp;version=2.0.2&amp;request=GetRecordById&amp;elementSetName=full&amp;outputFormat=application/xml&amp;outputSchema=IsoRecord&amp;id=ab7a03e2-4bdd-4a49-bd92-4b0028bfcd51', 100, '2015-04-01 06:00:00', 'so', 'agi', 7.96791230229, 47.3326037379, 8.01914599823, 47.3674357094);
INSERT INTO metadb_relation (metadb_id_parent, metadb_id_child) VALUES ('3d69c24a-3bc0-42fc-a4f1-3aef480fc5b9', 'e48898a5-f2f6-49c8-ae76-59c402bbcd49');
INSERT INTO online_dataset (metadb_id, uri, format_mime, format_txt, srs_epsg, srs_txt, modified) VALUES ('e48898a5-f2f6-49c8-ae76-59c402bbcd49', 'http://www.catais.org/geodaten/ch/so/agi/av/dm01avch24d/itf/lv03/ch_257600.itf', 'text/x-interlis1', 'INTERLIS1', 21781, 'CH1903/LV03', '2015-04-01 06:00:00');
INSERT INTO metadb (identifier, namespace, title, abstract, metadata_link, "type", modified, canton, data_responsibility, x_min, y_min, x_max, y_max) VALUES ('7bad4985-00e0-4202-8db8-ad85080e65fd', 'http://www.geo.so.ch', 'Amtliche Vermessung - Gemeinde Gunzgen (2578)', 'Amtliche Vermessung der Gemeinde Gunzgen (2578)', 'http://www.geocat.ch/geonetwork/srv/ger/csw?service=CSW&amp;version=2.0.2&amp;request=GetRecordById&amp;elementSetName=full&amp;outputFormat=application/xml&amp;outputSchema=IsoRecord&amp;id=ab7a03e2-4bdd-4a49-bd92-4b0028bfcd51', 100, '2015-04-01 06:00:00', 'so', 'agi', 7.81784042652, 47.2938647939, 7.85092087678, 47.327617729);
INSERT INTO metadb_relation (metadb_id_parent, metadb_id_child) VALUES ('3d69c24a-3bc0-42fc-a4f1-3aef480fc5b9', '7bad4985-00e0-4202-8db8-ad85080e65fd');
INSERT INTO online_dataset (metadb_id, uri, format_mime, format_txt, srs_epsg, srs_txt, modified) VALUES ('7bad4985-00e0-4202-8db8-ad85080e65fd', 'http://www.catais.org/geodaten/ch/so/agi/av/dm01avch24d/itf/lv03/ch_257800.itf', 'text/x-interlis1', 'INTERLIS1', 21781, 'CH1903/LV03', '2015-04-01 06:00:00');
INSERT INTO metadb (identifier, namespace, title, abstract, metadata_link, "type", modified, canton, data_responsibility, x_min, y_min, x_max, y_max) VALUES ('69a5328d-f10a-4595-80c9-cb944bd59273', 'http://www.geo.so.ch', 'Amtliche Vermessung - Gemeinde Hägendorf (2579)', 'Amtliche Vermessung der Gemeinde Hägendorf (2579)', 'http://www.geocat.ch/geonetwork/srv/ger/csw?service=CSW&amp;version=2.0.2&amp;request=GetRecordById&amp;elementSetName=full&amp;outputFormat=application/xml&amp;outputSchema=IsoRecord&amp;id=ab7a03e2-4bdd-4a49-bd92-4b0028bfcd51', 100, '2015-04-01 06:00:00', 'so', 'agi', 7.79350215913, 47.3241055972, 7.8573269132, 47.3674828321);
INSERT INTO metadb_relation (metadb_id_parent, metadb_id_child) VALUES ('3d69c24a-3bc0-42fc-a4f1-3aef480fc5b9', '69a5328d-f10a-4595-80c9-cb944bd59273');
INSERT INTO online_dataset (metadb_id, uri, format_mime, format_txt, srs_epsg, srs_txt, modified) VALUES ('69a5328d-f10a-4595-80c9-cb944bd59273', 'http://www.catais.org/geodaten/ch/so/agi/av/dm01avch24d/itf/lv03/ch_257900.itf', 'text/x-interlis1', 'INTERLIS1', 21781, 'CH1903/LV03', '2015-04-01 06:00:00');
INSERT INTO metadb (identifier, namespace, title, abstract, metadata_link, "type", modified, canton, data_responsibility, x_min, y_min, x_max, y_max) VALUES ('44401d5e-396d-48a7-a486-afd2673ff6c8', 'http://www.geo.so.ch', 'Amtliche Vermessung - Gemeinde Kappel (SO) (2580)', 'Amtliche Vermessung der Gemeinde Kappel (SO) (2580)', 'http://www.geocat.ch/geonetwork/srv/ger/csw?service=CSW&amp;version=2.0.2&amp;request=GetRecordById&amp;elementSetName=full&amp;outputFormat=application/xml&amp;outputSchema=IsoRecord&amp;id=ab7a03e2-4bdd-4a49-bd92-4b0028bfcd51', 100, '2015-04-01 06:00:00', 'so', 'agi', 7.83209874592, 47.3108068808, 7.88082440186, 47.3333720058);
INSERT INTO metadb_relation (metadb_id_parent, metadb_id_child) VALUES ('3d69c24a-3bc0-42fc-a4f1-3aef480fc5b9', '44401d5e-396d-48a7-a486-afd2673ff6c8');
INSERT INTO online_dataset (metadb_id, uri, format_mime, format_txt, srs_epsg, srs_txt, modified) VALUES ('44401d5e-396d-48a7-a486-afd2673ff6c8', 'http://www.catais.org/geodaten/ch/so/agi/av/dm01avch24d/itf/lv03/ch_258000.itf', 'text/x-interlis1', 'INTERLIS1', 21781, 'CH1903/LV03', '2015-04-01 06:00:00');
INSERT INTO metadb (identifier, namespace, title, abstract, metadata_link, "type", modified, canton, data_responsibility, x_min, y_min, x_max, y_max) VALUES ('c56467b5-a401-42ad-86ce-5110bfd04299', 'http://www.geo.so.ch', 'Amtliche Vermessung - Gemeinde Olten (2581)', 'Amtliche Vermessung der Gemeinde Olten (2581)', 'http://www.geocat.ch/geonetwork/srv/ger/csw?service=CSW&amp;version=2.0.2&amp;request=GetRecordById&amp;elementSetName=full&amp;outputFormat=application/xml&amp;outputSchema=IsoRecord&amp;id=ab7a03e2-4bdd-4a49-bd92-4b0028bfcd51', 100, '2015-04-01 06:00:00', 'so', 'agi', 7.87485114049, 47.3110251495, 7.92907788573, 47.3689214795);
INSERT INTO metadb_relation (metadb_id_parent, metadb_id_child) VALUES ('3d69c24a-3bc0-42fc-a4f1-3aef480fc5b9', 'c56467b5-a401-42ad-86ce-5110bfd04299');
INSERT INTO online_dataset (metadb_id, uri, format_mime, format_txt, srs_epsg, srs_txt, modified) VALUES ('c56467b5-a401-42ad-86ce-5110bfd04299', 'http://www.catais.org/geodaten/ch/so/agi/av/dm01avch24d/itf/lv03/ch_258100.itf', 'text/x-interlis1', 'INTERLIS1', 21781, 'CH1903/LV03', '2015-04-01 06:00:00');
INSERT INTO metadb (identifier, namespace, title, abstract, metadata_link, "type", modified, canton, data_responsibility, x_min, y_min, x_max, y_max) VALUES ('ce8d397c-9246-47ad-bb9c-441c4b3dfc7d', 'http://www.geo.so.ch', 'Amtliche Vermessung - Gemeinde Rickenbach (SO) (2582)', 'Amtliche Vermessung der Gemeinde Rickenbach (SO) (2582)', 'http://www.geocat.ch/geonetwork/srv/ger/csw?service=CSW&amp;version=2.0.2&amp;request=GetRecordById&amp;elementSetName=full&amp;outputFormat=application/xml&amp;outputSchema=IsoRecord&amp;id=ab7a03e2-4bdd-4a49-bd92-4b0028bfcd51', 100, '2015-04-01 06:00:00', 'so', 'agi', 7.84002648257, 47.3236179382, 7.87331610731, 47.3595246379);
INSERT INTO metadb_relation (metadb_id_parent, metadb_id_child) VALUES ('3d69c24a-3bc0-42fc-a4f1-3aef480fc5b9', 'ce8d397c-9246-47ad-bb9c-441c4b3dfc7d');
INSERT INTO online_dataset (metadb_id, uri, format_mime, format_txt, srs_epsg, srs_txt, modified) VALUES ('ce8d397c-9246-47ad-bb9c-441c4b3dfc7d', 'http://www.catais.org/geodaten/ch/so/agi/av/dm01avch24d/itf/lv03/ch_258200.itf', 'text/x-interlis1', 'INTERLIS1', 21781, 'CH1903/LV03', '2015-04-01 06:00:00');
INSERT INTO metadb (identifier, namespace, title, abstract, metadata_link, "type", modified, canton, data_responsibility, x_min, y_min, x_max, y_max) VALUES ('b4717bd9-4ac5-4a21-becf-c09c0d22a259', 'http://www.geo.so.ch', 'Amtliche Vermessung - Gemeinde Schönenwerd (2583)', 'Amtliche Vermessung der Gemeinde Schönenwerd (2583)', 'http://www.geocat.ch/geonetwork/srv/ger/csw?service=CSW&amp;version=2.0.2&amp;request=GetRecordById&amp;elementSetName=full&amp;outputFormat=application/xml&amp;outputSchema=IsoRecord&amp;id=ab7a03e2-4bdd-4a49-bd92-4b0028bfcd51', 100, '2015-04-01 06:00:00', 'so', 'agi', 7.99428481758, 47.3606034176, 8.025212193, 47.3863917491);
INSERT INTO metadb_relation (metadb_id_parent, metadb_id_child) VALUES ('3d69c24a-3bc0-42fc-a4f1-3aef480fc5b9', 'b4717bd9-4ac5-4a21-becf-c09c0d22a259');
INSERT INTO online_dataset (metadb_id, uri, format_mime, format_txt, srs_epsg, srs_txt, modified) VALUES ('b4717bd9-4ac5-4a21-becf-c09c0d22a259', 'http://www.catais.org/geodaten/ch/so/agi/av/dm01avch24d/itf/lv03/ch_258300.itf', 'text/x-interlis1', 'INTERLIS1', 21781, 'CH1903/LV03', '2015-04-01 06:00:00');
INSERT INTO metadb (identifier, namespace, title, abstract, metadata_link, "type", modified, canton, data_responsibility, x_min, y_min, x_max, y_max) VALUES ('2c2bc0be-65b4-4e4c-9131-2fce17485b9b', 'http://www.geo.so.ch', 'Amtliche Vermessung - Gemeinde Starrkirch-Wil (2584)', 'Amtliche Vermessung der Gemeinde Starrkirch-Wil (2584)', 'http://www.geocat.ch/geonetwork/srv/ger/csw?service=CSW&amp;version=2.0.2&amp;request=GetRecordById&amp;elementSetName=full&amp;outputFormat=application/xml&amp;outputSchema=IsoRecord&amp;id=ab7a03e2-4bdd-4a49-bd92-4b0028bfcd51', 100, '2015-04-01 06:00:00', 'so', 'agi', 7.91582849876, 47.3330356916, 7.93454597273, 47.3568572144);
INSERT INTO metadb_relation (metadb_id_parent, metadb_id_child) VALUES ('3d69c24a-3bc0-42fc-a4f1-3aef480fc5b9', '2c2bc0be-65b4-4e4c-9131-2fce17485b9b');
INSERT INTO online_dataset (metadb_id, uri, format_mime, format_txt, srs_epsg, srs_txt, modified) VALUES ('2c2bc0be-65b4-4e4c-9131-2fce17485b9b', 'http://www.catais.org/geodaten/ch/so/agi/av/dm01avch24d/itf/lv03/ch_258400.itf', 'text/x-interlis1', 'INTERLIS1', 21781, 'CH1903/LV03', '2015-04-01 06:00:00');
INSERT INTO metadb (identifier, namespace, title, abstract, metadata_link, "type", modified, canton, data_responsibility, x_min, y_min, x_max, y_max) VALUES ('93b9b7ba-0917-4af3-b80b-9578e37b7994', 'http://www.geo.so.ch', 'Amtliche Vermessung - Gemeinde Walterswil (SO) (2585)', 'Amtliche Vermessung der Gemeinde Walterswil (SO) (2585)', 'http://www.geocat.ch/geonetwork/srv/ger/csw?service=CSW&amp;version=2.0.2&amp;request=GetRecordById&amp;elementSetName=full&amp;outputFormat=application/xml&amp;outputSchema=IsoRecord&amp;id=ab7a03e2-4bdd-4a49-bd92-4b0028bfcd51', 100, '2015-04-01 06:00:00', 'so', 'agi', 7.94708177258, 47.3171426573, 7.99184088669, 47.3392846022);
INSERT INTO metadb_relation (metadb_id_parent, metadb_id_child) VALUES ('3d69c24a-3bc0-42fc-a4f1-3aef480fc5b9', '93b9b7ba-0917-4af3-b80b-9578e37b7994');
INSERT INTO online_dataset (metadb_id, uri, format_mime, format_txt, srs_epsg, srs_txt, modified) VALUES ('93b9b7ba-0917-4af3-b80b-9578e37b7994', 'http://www.catais.org/geodaten/ch/so/agi/av/dm01avch24d/itf/lv03/ch_258500.itf', 'text/x-interlis1', 'INTERLIS1', 21781, 'CH1903/LV03', '2015-04-01 06:00:00');
INSERT INTO metadb (identifier, namespace, title, abstract, metadata_link, "type", modified, canton, data_responsibility, x_min, y_min, x_max, y_max) VALUES ('d2938155-a583-41c6-bd64-97c0562c7a6b', 'http://www.geo.so.ch', 'Amtliche Vermessung - Gemeinde Wangen bei Olten (2586)', 'Amtliche Vermessung der Gemeinde Wangen bei Olten (2586)', 'http://www.geocat.ch/geonetwork/srv/ger/csw?service=CSW&amp;version=2.0.2&amp;request=GetRecordById&amp;elementSetName=full&amp;outputFormat=application/xml&amp;outputSchema=IsoRecord&amp;id=ab7a03e2-4bdd-4a49-bd92-4b0028bfcd51', 100, '2015-04-01 06:00:00', 'so', 'agi', 7.84876584888, 47.3176525173, 7.88927919475, 47.3611193823);
INSERT INTO metadb_relation (metadb_id_parent, metadb_id_child) VALUES ('3d69c24a-3bc0-42fc-a4f1-3aef480fc5b9', 'd2938155-a583-41c6-bd64-97c0562c7a6b');
INSERT INTO online_dataset (metadb_id, uri, format_mime, format_txt, srs_epsg, srs_txt, modified) VALUES ('d2938155-a583-41c6-bd64-97c0562c7a6b', 'http://www.catais.org/geodaten/ch/so/agi/av/dm01avch24d/itf/lv03/ch_258600.itf', 'text/x-interlis1', 'INTERLIS1', 21781, 'CH1903/LV03', '2015-04-01 06:00:00');
INSERT INTO metadb (identifier, namespace, title, abstract, metadata_link, "type", modified, canton, data_responsibility, x_min, y_min, x_max, y_max) VALUES ('6faf4f49-8c86-4dca-a763-f44b65471d91', 'http://www.geo.so.ch', 'Amtliche Vermessung - Gemeinde Solothurn (2601)', 'Amtliche Vermessung der Gemeinde Solothurn (2601)', 'http://www.geocat.ch/geonetwork/srv/ger/csw?service=CSW&amp;version=2.0.2&amp;request=GetRecordById&amp;elementSetName=full&amp;outputFormat=application/xml&amp;outputSchema=IsoRecord&amp;id=ab7a03e2-4bdd-4a49-bd92-4b0028bfcd51', 100, '2015-04-01 06:00:00', 'so', 'agi', 7.50930601952, 47.1959407405, 7.55230554931, 47.2202200426);
INSERT INTO metadb_relation (metadb_id_parent, metadb_id_child) VALUES ('3d69c24a-3bc0-42fc-a4f1-3aef480fc5b9', '6faf4f49-8c86-4dca-a763-f44b65471d91');
INSERT INTO online_dataset (metadb_id, uri, format_mime, format_txt, srs_epsg, srs_txt, modified) VALUES ('6faf4f49-8c86-4dca-a763-f44b65471d91', 'http://www.catais.org/geodaten/ch/so/agi/av/dm01avch24d/itf/lv03/ch_260100.itf', 'text/x-interlis1', 'INTERLIS1', 21781, 'CH1903/LV03', '2015-04-01 06:00:00');
INSERT INTO metadb (identifier, namespace, title, abstract, metadata_link, "type", modified, canton, data_responsibility, x_min, y_min, x_max, y_max) VALUES ('ca45c3c4-29f2-4c36-93c3-325d73b38032', 'http://www.geo.so.ch', 'Amtliche Vermessung - Gemeinde Bärschwil (2611)', 'Amtliche Vermessung der Gemeinde Bärschwil (2611)', 'http://www.geocat.ch/geonetwork/srv/ger/csw?service=CSW&amp;version=2.0.2&amp;request=GetRecordById&amp;elementSetName=full&amp;outputFormat=application/xml&amp;outputSchema=IsoRecord&amp;id=ab7a03e2-4bdd-4a49-bd92-4b0028bfcd51', 100, '2015-04-01 06:00:00', 'so', 'agi', 7.43612705233, 47.3696850317, 7.49722631367, 47.4041967152);
INSERT INTO metadb_relation (metadb_id_parent, metadb_id_child) VALUES ('3d69c24a-3bc0-42fc-a4f1-3aef480fc5b9', 'ca45c3c4-29f2-4c36-93c3-325d73b38032');
INSERT INTO online_dataset (metadb_id, uri, format_mime, format_txt, srs_epsg, srs_txt, modified) VALUES ('ca45c3c4-29f2-4c36-93c3-325d73b38032', 'http://www.catais.org/geodaten/ch/so/agi/av/dm01avch24d/itf/lv03/ch_261100.itf', 'text/x-interlis1', 'INTERLIS1', 21781, 'CH1903/LV03', '2015-04-01 06:00:00');
INSERT INTO metadb (identifier, namespace, title, abstract, metadata_link, "type", modified, canton, data_responsibility, x_min, y_min, x_max, y_max) VALUES ('98f8f5bd-93ba-4838-a05e-eba8cac8ebc4', 'http://www.geo.so.ch', 'Amtliche Vermessung - Gemeinde Beinwil (SO) (2612)', 'Amtliche Vermessung der Gemeinde Beinwil (SO) (2612)', 'http://www.geocat.ch/geonetwork/srv/ger/csw?service=CSW&amp;version=2.0.2&amp;request=GetRecordById&amp;elementSetName=full&amp;outputFormat=application/xml&amp;outputSchema=IsoRecord&amp;id=ab7a03e2-4bdd-4a49-bd92-4b0028bfcd51', 100, '2015-04-01 06:00:00', 'so', 'agi', 7.53686471943, 47.3293449245, 7.64442481125, 47.3790704868);
INSERT INTO metadb_relation (metadb_id_parent, metadb_id_child) VALUES ('3d69c24a-3bc0-42fc-a4f1-3aef480fc5b9', '98f8f5bd-93ba-4838-a05e-eba8cac8ebc4');
INSERT INTO online_dataset (metadb_id, uri, format_mime, format_txt, srs_epsg, srs_txt, modified) VALUES ('98f8f5bd-93ba-4838-a05e-eba8cac8ebc4', 'http://www.catais.org/geodaten/ch/so/agi/av/dm01avch24d/itf/lv03/ch_261200.itf', 'text/x-interlis1', 'INTERLIS1', 21781, 'CH1903/LV03', '2015-04-01 06:00:00');
INSERT INTO metadb (identifier, namespace, title, abstract, metadata_link, "type", modified, canton, data_responsibility, x_min, y_min, x_max, y_max) VALUES ('6fcb6385-489e-4786-8556-a3969a7515b1', 'http://www.geo.so.ch', 'Amtliche Vermessung - Gemeinde Breitenbach (2613)', 'Amtliche Vermessung der Gemeinde Breitenbach (2613)', 'http://www.geocat.ch/geonetwork/srv/ger/csw?service=CSW&amp;version=2.0.2&amp;request=GetRecordById&amp;elementSetName=full&amp;outputFormat=application/xml&amp;outputSchema=IsoRecord&amp;id=ab7a03e2-4bdd-4a49-bd92-4b0028bfcd51', 100, '2015-04-01 06:00:00', 'so', 'agi', 7.52523562358, 47.3945708106, 7.58771303707, 47.4147033683);
INSERT INTO metadb_relation (metadb_id_parent, metadb_id_child) VALUES ('3d69c24a-3bc0-42fc-a4f1-3aef480fc5b9', '6fcb6385-489e-4786-8556-a3969a7515b1');
INSERT INTO online_dataset (metadb_id, uri, format_mime, format_txt, srs_epsg, srs_txt, modified) VALUES ('6fcb6385-489e-4786-8556-a3969a7515b1', 'http://www.catais.org/geodaten/ch/so/agi/av/dm01avch24d/itf/lv03/ch_261300.itf', 'text/x-interlis1', 'INTERLIS1', 21781, 'CH1903/LV03', '2015-04-01 06:00:00');
INSERT INTO metadb (identifier, namespace, title, abstract, metadata_link, "type", modified, canton, data_responsibility, x_min, y_min, x_max, y_max) VALUES ('e155b3e9-6c83-456c-ab80-f3416e9db7ff', 'http://www.geo.so.ch', 'Amtliche Vermessung - Gemeinde Büsserach (2614)', 'Amtliche Vermessung der Gemeinde Büsserach (2614)', 'http://www.geocat.ch/geonetwork/srv/ger/csw?service=CSW&amp;version=2.0.2&amp;request=GetRecordById&amp;elementSetName=full&amp;outputFormat=application/xml&amp;outputSchema=IsoRecord&amp;id=ab7a03e2-4bdd-4a49-bd92-4b0028bfcd51', 100, '2015-04-01 06:00:00', 'so', 'agi', 7.51722447887, 47.3788282077, 7.57801699535, 47.4009875844);
INSERT INTO metadb_relation (metadb_id_parent, metadb_id_child) VALUES ('3d69c24a-3bc0-42fc-a4f1-3aef480fc5b9', 'e155b3e9-6c83-456c-ab80-f3416e9db7ff');
INSERT INTO online_dataset (metadb_id, uri, format_mime, format_txt, srs_epsg, srs_txt, modified) VALUES ('e155b3e9-6c83-456c-ab80-f3416e9db7ff', 'http://www.catais.org/geodaten/ch/so/agi/av/dm01avch24d/itf/lv03/ch_261400.itf', 'text/x-interlis1', 'INTERLIS1', 21781, 'CH1903/LV03', '2015-04-01 06:00:00');
INSERT INTO metadb (identifier, namespace, title, abstract, metadata_link, "type", modified, canton, data_responsibility, x_min, y_min, x_max, y_max) VALUES ('990c7e32-3d45-4ba1-855b-aee14f2cab3e', 'http://www.geo.so.ch', 'Amtliche Vermessung - Gemeinde Erschwil (2615)', 'Amtliche Vermessung der Gemeinde Erschwil (2615)', 'http://www.geocat.ch/geonetwork/srv/ger/csw?service=CSW&amp;version=2.0.2&amp;request=GetRecordById&amp;elementSetName=full&amp;outputFormat=application/xml&amp;outputSchema=IsoRecord&amp;id=ab7a03e2-4bdd-4a49-bd92-4b0028bfcd51', 100, '2015-04-01 06:00:00', 'so', 'agi', 7.51771267994, 47.3583047427, 7.57062322063, 47.3849092018);
INSERT INTO metadb_relation (metadb_id_parent, metadb_id_child) VALUES ('3d69c24a-3bc0-42fc-a4f1-3aef480fc5b9', '990c7e32-3d45-4ba1-855b-aee14f2cab3e');
INSERT INTO online_dataset (metadb_id, uri, format_mime, format_txt, srs_epsg, srs_txt, modified) VALUES ('990c7e32-3d45-4ba1-855b-aee14f2cab3e', 'http://www.catais.org/geodaten/ch/so/agi/av/dm01avch24d/itf/lv03/ch_261500.itf', 'text/x-interlis1', 'INTERLIS1', 21781, 'CH1903/LV03', '2015-04-01 06:00:00');
INSERT INTO metadb (identifier, namespace, title, abstract, metadata_link, "type", modified, canton, data_responsibility, x_min, y_min, x_max, y_max) VALUES ('c7142f9e-1c4c-47ec-8b87-b3e417574266', 'http://www.geo.so.ch', 'Amtliche Vermessung - Gemeinde Fehren (2616)', 'Amtliche Vermessung der Gemeinde Fehren (2616)', 'http://www.geocat.ch/geonetwork/srv/ger/csw?service=CSW&amp;version=2.0.2&amp;request=GetRecordById&amp;elementSetName=full&amp;outputFormat=application/xml&amp;outputSchema=IsoRecord&amp;id=ab7a03e2-4bdd-4a49-bd92-4b0028bfcd51', 100, '2015-04-01 06:00:00', 'so', 'agi', 7.56926557934, 47.3903636784, 7.5901339279, 47.4051413637);
INSERT INTO metadb_relation (metadb_id_parent, metadb_id_child) VALUES ('3d69c24a-3bc0-42fc-a4f1-3aef480fc5b9', 'c7142f9e-1c4c-47ec-8b87-b3e417574266');
INSERT INTO online_dataset (metadb_id, uri, format_mime, format_txt, srs_epsg, srs_txt, modified) VALUES ('c7142f9e-1c4c-47ec-8b87-b3e417574266', 'http://www.catais.org/geodaten/ch/so/agi/av/dm01avch24d/itf/lv03/ch_261600.itf', 'text/x-interlis1', 'INTERLIS1', 21781, 'CH1903/LV03', '2015-04-01 06:00:00');
INSERT INTO metadb (identifier, namespace, title, abstract, metadata_link, "type", modified, canton, data_responsibility, x_min, y_min, x_max, y_max) VALUES ('8765ecf7-915d-4674-bd29-ec25f3ef9bee', 'http://www.geo.so.ch', 'Amtliche Vermessung - Gemeinde Grindel (2617)', 'Amtliche Vermessung der Gemeinde Grindel (2617)', 'http://www.geocat.ch/geonetwork/srv/ger/csw?service=CSW&amp;version=2.0.2&amp;request=GetRecordById&amp;elementSetName=full&amp;outputFormat=application/xml&amp;outputSchema=IsoRecord&amp;id=ab7a03e2-4bdd-4a49-bd92-4b0028bfcd51', 100, '2015-04-01 06:00:00', 'so', 'agi', 7.48869536773, 47.370647528, 7.52134062445, 47.3897430558);
INSERT INTO metadb_relation (metadb_id_parent, metadb_id_child) VALUES ('3d69c24a-3bc0-42fc-a4f1-3aef480fc5b9', '8765ecf7-915d-4674-bd29-ec25f3ef9bee');
INSERT INTO online_dataset (metadb_id, uri, format_mime, format_txt, srs_epsg, srs_txt, modified) VALUES ('8765ecf7-915d-4674-bd29-ec25f3ef9bee', 'http://www.catais.org/geodaten/ch/so/agi/av/dm01avch24d/itf/lv03/ch_261700.itf', 'text/x-interlis1', 'INTERLIS1', 21781, 'CH1903/LV03', '2015-04-01 06:00:00');
INSERT INTO metadb (identifier, namespace, title, abstract, metadata_link, "type", modified, canton, data_responsibility, x_min, y_min, x_max, y_max) VALUES ('0c51328e-a3cc-42a2-b3b1-657fb53db1f0', 'http://www.geo.so.ch', 'Amtliche Vermessung - Gemeinde Himmelried (2618)', 'Amtliche Vermessung der Gemeinde Himmelried (2618)', 'http://www.geocat.ch/geonetwork/srv/ger/csw?service=CSW&amp;version=2.0.2&amp;request=GetRecordById&amp;elementSetName=full&amp;outputFormat=application/xml&amp;outputSchema=IsoRecord&amp;id=ab7a03e2-4bdd-4a49-bd92-4b0028bfcd51', 100, '2015-04-01 06:00:00', 'so', 'agi', 7.56746303281, 47.4113421892, 7.6175395681, 47.4369000863);
INSERT INTO metadb_relation (metadb_id_parent, metadb_id_child) VALUES ('3d69c24a-3bc0-42fc-a4f1-3aef480fc5b9', '0c51328e-a3cc-42a2-b3b1-657fb53db1f0');
INSERT INTO online_dataset (metadb_id, uri, format_mime, format_txt, srs_epsg, srs_txt, modified) VALUES ('0c51328e-a3cc-42a2-b3b1-657fb53db1f0', 'http://www.catais.org/geodaten/ch/so/agi/av/dm01avch24d/itf/lv03/ch_261800.itf', 'text/x-interlis1', 'INTERLIS1', 21781, 'CH1903/LV03', '2015-04-01 06:00:00');
INSERT INTO metadb (identifier, namespace, title, abstract, metadata_link, "type", modified, canton, data_responsibility, x_min, y_min, x_max, y_max) VALUES ('3b832efd-a3c0-4a32-9866-08777e1a3c0b', 'http://www.geo.so.ch', 'Amtliche Vermessung - Gemeinde Kleinlützel (2619)', 'Amtliche Vermessung der Gemeinde Kleinlützel (2619)', 'http://www.geocat.ch/geonetwork/srv/ger/csw?service=CSW&amp;version=2.0.2&amp;request=GetRecordById&amp;elementSetName=full&amp;outputFormat=application/xml&amp;outputSchema=IsoRecord&amp;id=ab7a03e2-4bdd-4a49-bd92-4b0028bfcd51', 100, '2015-04-01 06:00:00', 'so', 'agi', 7.37594626537, 47.4109286737, 7.45558670963, 47.4463252567);
INSERT INTO metadb_relation (metadb_id_parent, metadb_id_child) VALUES ('3d69c24a-3bc0-42fc-a4f1-3aef480fc5b9', '3b832efd-a3c0-4a32-9866-08777e1a3c0b');
INSERT INTO online_dataset (metadb_id, uri, format_mime, format_txt, srs_epsg, srs_txt, modified) VALUES ('3b832efd-a3c0-4a32-9866-08777e1a3c0b', 'http://www.catais.org/geodaten/ch/so/agi/av/dm01avch24d/itf/lv03/ch_261900.itf', 'text/x-interlis1', 'INTERLIS1', 21781, 'CH1903/LV03', '2015-04-01 06:00:00');
INSERT INTO metadb (identifier, namespace, title, abstract, metadata_link, "type", modified, canton, data_responsibility, x_min, y_min, x_max, y_max) VALUES ('af455150-6d4a-4cc4-830c-362a9a8cf996', 'http://www.geo.so.ch', 'Amtliche Vermessung - Gemeinde Meltingen (2620)', 'Amtliche Vermessung der Gemeinde Meltingen (2620)', 'http://www.geocat.ch/geonetwork/srv/ger/csw?service=CSW&amp;version=2.0.2&amp;request=GetRecordById&amp;elementSetName=full&amp;outputFormat=application/xml&amp;outputSchema=IsoRecord&amp;id=ab7a03e2-4bdd-4a49-bd92-4b0028bfcd51', 100, '2015-04-01 06:00:00', 'so', 'agi', 7.56845376641, 47.3667840165, 7.61509708165, 47.3951669154);
INSERT INTO metadb_relation (metadb_id_parent, metadb_id_child) VALUES ('3d69c24a-3bc0-42fc-a4f1-3aef480fc5b9', 'af455150-6d4a-4cc4-830c-362a9a8cf996');
INSERT INTO online_dataset (metadb_id, uri, format_mime, format_txt, srs_epsg, srs_txt, modified) VALUES ('af455150-6d4a-4cc4-830c-362a9a8cf996', 'http://www.catais.org/geodaten/ch/so/agi/av/dm01avch24d/itf/lv03/ch_262000.itf', 'text/x-interlis1', 'INTERLIS1', 21781, 'CH1903/LV03', '2015-04-01 06:00:00');
INSERT INTO metadb (identifier, namespace, title, abstract, metadata_link, "type", modified, canton, data_responsibility, x_min, y_min, x_max, y_max) VALUES ('c5c2a941-3e28-4d80-aa4c-5b99bac77e8f', 'http://www.geo.so.ch', 'Amtliche Vermessung - Gemeinde Nunningen (2621)', 'Amtliche Vermessung der Gemeinde Nunningen (2621)', 'http://www.geocat.ch/geonetwork/srv/ger/csw?service=CSW&amp;version=2.0.2&amp;request=GetRecordById&amp;elementSetName=full&amp;outputFormat=application/xml&amp;outputSchema=IsoRecord&amp;id=ab7a03e2-4bdd-4a49-bd92-4b0028bfcd51', 100, '2015-04-01 06:00:00', 'so', 'agi', 7.58468037359, 47.3684123663, 7.64176142822, 47.4158468141);
INSERT INTO metadb_relation (metadb_id_parent, metadb_id_child) VALUES ('3d69c24a-3bc0-42fc-a4f1-3aef480fc5b9', 'c5c2a941-3e28-4d80-aa4c-5b99bac77e8f');
INSERT INTO online_dataset (metadb_id, uri, format_mime, format_txt, srs_epsg, srs_txt, modified) VALUES ('c5c2a941-3e28-4d80-aa4c-5b99bac77e8f', 'http://www.catais.org/geodaten/ch/so/agi/av/dm01avch24d/itf/lv03/ch_262100.itf', 'text/x-interlis1', 'INTERLIS1', 21781, 'CH1903/LV03', '2015-04-01 06:00:00');
INSERT INTO metadb (identifier, namespace, title, abstract, metadata_link, "type", modified, canton, data_responsibility, x_min, y_min, x_max, y_max) VALUES ('a4788bbc-ec96-4beb-a119-f7a5cea9f068', 'http://www.geo.so.ch', 'Amtliche Vermessung - Gemeinde Zullwil (2622)', 'Amtliche Vermessung der Gemeinde Zullwil (2622)', 'http://www.geocat.ch/geonetwork/srv/ger/csw?service=CSW&amp;version=2.0.2&amp;request=GetRecordById&amp;elementSetName=full&amp;outputFormat=application/xml&amp;outputSchema=IsoRecord&amp;id=ab7a03e2-4bdd-4a49-bd92-4b0028bfcd51', 100, '2015-04-01 06:00:00', 'so', 'agi', 7.58606410589, 47.3713055914, 7.61951082749, 47.4045952933);
INSERT INTO metadb_relation (metadb_id_parent, metadb_id_child) VALUES ('3d69c24a-3bc0-42fc-a4f1-3aef480fc5b9', 'a4788bbc-ec96-4beb-a119-f7a5cea9f068');
INSERT INTO online_dataset (metadb_id, uri, format_mime, format_txt, srs_epsg, srs_txt, modified) VALUES ('a4788bbc-ec96-4beb-a119-f7a5cea9f068', 'http://www.catais.org/geodaten/ch/so/agi/av/dm01avch24d/itf/lv03/ch_262200.itf', 'text/x-interlis1', 'INTERLIS1', 21781, 'CH1903/LV03', '2015-04-01 06:00:00');
