INSERT INTO metadb (identifier, title, abstract, "type", canton, data_responsibility) VALUES ('3d69c24a-3bc0-42fc-a4f1-3aef480fc5b9', 'Amtliche Vermessung Kanton Solothurn', 'Amtliche Vermessung des Kantons Solothurn.', 1, 'so', 'agi');
INSERT INTO metadb (identifier, namespace, title, abstract, metadata_link, "type", modified, canton, data_responsibility, x_min, y_min, x_max, y_max) VALUES ('a08df010-1dc2-4fbb-b6f4-e26fdd0e5a6e', 'http://www.geo.so.ch', 'Amtliche Vermessung - Gemeinde Egerkingen (2401)', 'Amtliche Vermessung der Gemeinde Egerkingen (2401)', 'http://www.geocat.ch/geonetwork/srv/ger/csw?service=CSW&amp;version=2.0.2&amp;request=GetRecordById&amp;elementSetName=full&amp;outputFormat=application/xml&amp;outputSchema=IsoRecord&amp;id=ab7a03e2-4bdd-4a49-bd92-4b0028bfcd51', 100, '2015-04-01 06:00:00', 'so', 'agi', 7.77483068787, 47.3107481378, 7.81947669788, 47.3407178753);
INSERT INTO metadb_relation (metadb_id_parent, metadb_id_child) VALUES ('3d69c24a-3bc0-42fc-a4f1-3aef480fc5b9', 'a08df010-1dc2-4fbb-b6f4-e26fdd0e5a6e');
INSERT INTO online_dataset (metadb_id, uri, format_mime, format_txt, srs_epsg, srs_txt, modified) VALUES ('a08df010-1dc2-4fbb-b6f4-e26fdd0e5a6e', 'http://www.catais.org/geodaten/ch/so/agi/av/dm01avch24d/itf/lv03/ch_240100.itf', 'text/x-interlis1', 'INTERLIS1', 21781, 'CH1903/LV03', '2015-04-01 06:00:00');
INSERT INTO online_dataset (metadb_id, uri, format_mime, format_txt, srs_epsg, srs_txt, modified) VALUES ('a08df010-1dc2-4fbb-b6f4-e26fdd0e5a6e', 'http://www.catais.org/geodaten/ch/so/agi/av/dm01avch24d/itf/lv95/ch_lv95_240100.itf', 'text/x-interlis1', 'INTERLIS1', 2056, 'CH1903+/LV95', '2015-04-01 06:00:00');
INSERT INTO online_dataset (metadb_id, uri, format_mime, format_txt, srs_epsg, srs_txt, modified) VALUES ('a08df010-1dc2-4fbb-b6f4-e26fdd0e5a6e', 'http://www.catais.org/geodaten/ch/so/agi/av/geobau/dxf/2401.dxf', 'application/x-dxf', 'DXF-GEOBAU', 21781, 'CH1903/LV03', '2015-04-01 06:00:00');
INSERT INTO online_dataset (metadb_id, uri, format_mime, format_txt, srs_epsg, srs_txt, modified) VALUES ('a08df010-1dc2-4fbb-b6f4-e26fdd0e5a6e', 'http://www.catais.org/geodaten/ch/so/agi/av/mopublic/gpkg/lv03/d/2401.gpkg', 'application/x-sqlite3', 'GeoPackage', 21781, 'CH1903/LV03', '2015-04-01 06:00:00');
INSERT INTO metadb (identifier, namespace, title, abstract, metadata_link, "type", modified, canton, data_responsibility, x_min, y_min, x_max, y_max) VALUES ('0ed80a50-a777-43f1-9453-6a3e9aac777e', 'http://www.geo.so.ch', 'Amtliche Vermessung - Gemeinde Härkingen (2402)', 'Amtliche Vermessung der Gemeinde Härkingen (2402)', 'http://www.geocat.ch/geonetwork/srv/ger/csw?service=CSW&amp;version=2.0.2&amp;request=GetRecordById&amp;elementSetName=full&amp;outputFormat=application/xml&amp;outputSchema=IsoRecord&amp;id=ab7a03e2-4bdd-4a49-bd92-4b0028bfcd51', 100, '2015-04-01 06:00:00', 'so', 'agi', 7.80106533084, 47.2861544256, 7.84057026181, 47.3220769378);
INSERT INTO metadb_relation (metadb_id_parent, metadb_id_child) VALUES ('3d69c24a-3bc0-42fc-a4f1-3aef480fc5b9', '0ed80a50-a777-43f1-9453-6a3e9aac777e');
INSERT INTO online_dataset (metadb_id, uri, format_mime, format_txt, srs_epsg, srs_txt, modified) VALUES ('0ed80a50-a777-43f1-9453-6a3e9aac777e', 'http://www.catais.org/geodaten/ch/so/agi/av/dm01avch24d/itf/lv03/ch_240200.itf', 'text/x-interlis1', 'INTERLIS1', 21781, 'CH1903/LV03', '2015-04-01 06:00:00');
INSERT INTO online_dataset (metadb_id, uri, format_mime, format_txt, srs_epsg, srs_txt, modified) VALUES ('0ed80a50-a777-43f1-9453-6a3e9aac777e', 'http://www.catais.org/geodaten/ch/so/agi/av/dm01avch24d/itf/lv95/ch_lv95_240200.itf', 'text/x-interlis1', 'INTERLIS1', 2056, 'CH1903+/LV95', '2015-04-01 06:00:00');
INSERT INTO online_dataset (metadb_id, uri, format_mime, format_txt, srs_epsg, srs_txt, modified) VALUES ('0ed80a50-a777-43f1-9453-6a3e9aac777e', 'http://www.catais.org/geodaten/ch/so/agi/av/geobau/dxf/2402.dxf', 'application/x-dxf', 'DXF-GEOBAU', 21781, 'CH1903/LV03', '2015-04-01 06:00:00');
INSERT INTO online_dataset (metadb_id, uri, format_mime, format_txt, srs_epsg, srs_txt, modified) VALUES ('0ed80a50-a777-43f1-9453-6a3e9aac777e', 'http://www.catais.org/geodaten/ch/so/agi/av/mopublic/gpkg/lv03/d/2402.gpkg', 'application/x-sqlite3', 'GeoPackage', 21781, 'CH1903/LV03', '2015-04-01 06:00:00');
INSERT INTO metadb (identifier, namespace, title, abstract, metadata_link, "type", modified, canton, data_responsibility, x_min, y_min, x_max, y_max) VALUES ('92cc5a31-0125-4c75-bdc5-06267e8f1c90', 'http://www.geo.so.ch', 'Amtliche Vermessung - Gemeinde Kestenholz (2403)', 'Amtliche Vermessung der Gemeinde Kestenholz (2403)', 'http://www.geocat.ch/geonetwork/srv/ger/csw?service=CSW&amp;version=2.0.2&amp;request=GetRecordById&amp;elementSetName=full&amp;outputFormat=application/xml&amp;outputSchema=IsoRecord&amp;id=ab7a03e2-4bdd-4a49-bd92-4b0028bfcd51', 100, '2015-04-01 06:00:00', 'so', 'agi', 7.73413564407, 47.2570224606, 7.7764126049, 47.2973138954);
INSERT INTO metadb_relation (metadb_id_parent, metadb_id_child) VALUES ('3d69c24a-3bc0-42fc-a4f1-3aef480fc5b9', '92cc5a31-0125-4c75-bdc5-06267e8f1c90');
INSERT INTO online_dataset (metadb_id, uri, format_mime, format_txt, srs_epsg, srs_txt, modified) VALUES ('92cc5a31-0125-4c75-bdc5-06267e8f1c90', 'http://www.catais.org/geodaten/ch/so/agi/av/dm01avch24d/itf/lv03/ch_240300.itf', 'text/x-interlis1', 'INTERLIS1', 21781, 'CH1903/LV03', '2015-04-01 06:00:00');
INSERT INTO online_dataset (metadb_id, uri, format_mime, format_txt, srs_epsg, srs_txt, modified) VALUES ('92cc5a31-0125-4c75-bdc5-06267e8f1c90', 'http://www.catais.org/geodaten/ch/so/agi/av/dm01avch24d/itf/lv95/ch_lv95_240300.itf', 'text/x-interlis1', 'INTERLIS1', 2056, 'CH1903+/LV95', '2015-04-01 06:00:00');
INSERT INTO online_dataset (metadb_id, uri, format_mime, format_txt, srs_epsg, srs_txt, modified) VALUES ('92cc5a31-0125-4c75-bdc5-06267e8f1c90', 'http://www.catais.org/geodaten/ch/so/agi/av/geobau/dxf/2403.dxf', 'application/x-dxf', 'DXF-GEOBAU', 21781, 'CH1903/LV03', '2015-04-01 06:00:00');
INSERT INTO online_dataset (metadb_id, uri, format_mime, format_txt, srs_epsg, srs_txt, modified) VALUES ('92cc5a31-0125-4c75-bdc5-06267e8f1c90', 'http://www.catais.org/geodaten/ch/so/agi/av/mopublic/gpkg/lv03/d/2403.gpkg', 'application/x-sqlite3', 'GeoPackage', 21781, 'CH1903/LV03', '2015-04-01 06:00:00');
INSERT INTO metadb (identifier, namespace, title, abstract, metadata_link, "type", modified, canton, data_responsibility, x_min, y_min, x_max, y_max) VALUES ('5effa489-b711-448b-8625-2d6171343dda', 'http://www.geo.so.ch', 'Amtliche Vermessung - Gemeinde Neuendorf (2404)', 'Amtliche Vermessung der Gemeinde Neuendorf (2404)', 'http://www.geocat.ch/geonetwork/srv/ger/csw?service=CSW&amp;version=2.0.2&amp;request=GetRecordById&amp;elementSetName=full&amp;outputFormat=application/xml&amp;outputSchema=IsoRecord&amp;id=ab7a03e2-4bdd-4a49-bd92-4b0028bfcd51', 100, '2015-04-01 06:00:00', 'so', 'agi', 7.7789956915, 47.2799370261, 7.8224612105, 47.3140732429);
INSERT INTO metadb_relation (metadb_id_parent, metadb_id_child) VALUES ('3d69c24a-3bc0-42fc-a4f1-3aef480fc5b9', '5effa489-b711-448b-8625-2d6171343dda');
INSERT INTO online_dataset (metadb_id, uri, format_mime, format_txt, srs_epsg, srs_txt, modified) VALUES ('5effa489-b711-448b-8625-2d6171343dda', 'http://www.catais.org/geodaten/ch/so/agi/av/dm01avch24d/itf/lv03/ch_240400.itf', 'text/x-interlis1', 'INTERLIS1', 21781, 'CH1903/LV03', '2015-04-01 06:00:00');
INSERT INTO online_dataset (metadb_id, uri, format_mime, format_txt, srs_epsg, srs_txt, modified) VALUES ('5effa489-b711-448b-8625-2d6171343dda', 'http://www.catais.org/geodaten/ch/so/agi/av/dm01avch24d/itf/lv95/ch_lv95_240400.itf', 'text/x-interlis1', 'INTERLIS1', 2056, 'CH1903+/LV95', '2015-04-01 06:00:00');
INSERT INTO online_dataset (metadb_id, uri, format_mime, format_txt, srs_epsg, srs_txt, modified) VALUES ('5effa489-b711-448b-8625-2d6171343dda', 'http://www.catais.org/geodaten/ch/so/agi/av/geobau/dxf/2404.dxf', 'application/x-dxf', 'DXF-GEOBAU', 21781, 'CH1903/LV03', '2015-04-01 06:00:00');
INSERT INTO online_dataset (metadb_id, uri, format_mime, format_txt, srs_epsg, srs_txt, modified) VALUES ('5effa489-b711-448b-8625-2d6171343dda', 'http://www.catais.org/geodaten/ch/so/agi/av/mopublic/gpkg/lv03/d/2404.gpkg', 'application/x-sqlite3', 'GeoPackage', 21781, 'CH1903/LV03', '2015-04-01 06:00:00');
INSERT INTO metadb (identifier, namespace, title, abstract, metadata_link, "type", modified, canton, data_responsibility, x_min, y_min, x_max, y_max) VALUES ('3398beb7-2785-4df5-833c-8ef281ec173b', 'http://www.geo.so.ch', 'Amtliche Vermessung - Gemeinde Niederbuchsiten (2405)', 'Amtliche Vermessung der Gemeinde Niederbuchsiten (2405)', 'http://www.geocat.ch/geonetwork/srv/ger/csw?service=CSW&amp;version=2.0.2&amp;request=GetRecordById&amp;elementSetName=full&amp;outputFormat=application/xml&amp;outputSchema=IsoRecord&amp;id=ab7a03e2-4bdd-4a49-bd92-4b0028bfcd51', 100, '2015-04-01 06:00:00', 'so', 'agi', 7.75638982409, 47.2745698371, 7.79997883209, 47.3027946387);
INSERT INTO metadb_relation (metadb_id_parent, metadb_id_child) VALUES ('3d69c24a-3bc0-42fc-a4f1-3aef480fc5b9', '3398beb7-2785-4df5-833c-8ef281ec173b');
INSERT INTO online_dataset (metadb_id, uri, format_mime, format_txt, srs_epsg, srs_txt, modified) VALUES ('3398beb7-2785-4df5-833c-8ef281ec173b', 'http://www.catais.org/geodaten/ch/so/agi/av/dm01avch24d/itf/lv03/ch_240500.itf', 'text/x-interlis1', 'INTERLIS1', 21781, 'CH1903/LV03', '2015-04-01 06:00:00');
INSERT INTO online_dataset (metadb_id, uri, format_mime, format_txt, srs_epsg, srs_txt, modified) VALUES ('3398beb7-2785-4df5-833c-8ef281ec173b', 'http://www.catais.org/geodaten/ch/so/agi/av/dm01avch24d/itf/lv95/ch_lv95_240500.itf', 'text/x-interlis1', 'INTERLIS1', 2056, 'CH1903+/LV95', '2015-04-01 06:00:00');
INSERT INTO online_dataset (metadb_id, uri, format_mime, format_txt, srs_epsg, srs_txt, modified) VALUES ('3398beb7-2785-4df5-833c-8ef281ec173b', 'http://www.catais.org/geodaten/ch/so/agi/av/geobau/dxf/2405.dxf', 'application/x-dxf', 'DXF-GEOBAU', 21781, 'CH1903/LV03', '2015-04-01 06:00:00');
INSERT INTO online_dataset (metadb_id, uri, format_mime, format_txt, srs_epsg, srs_txt, modified) VALUES ('3398beb7-2785-4df5-833c-8ef281ec173b', 'http://www.catais.org/geodaten/ch/so/agi/av/mopublic/gpkg/lv03/d/2405.gpkg', 'application/x-sqlite3', 'GeoPackage', 21781, 'CH1903/LV03', '2015-04-01 06:00:00');
INSERT INTO metadb (identifier, namespace, title, abstract, metadata_link, "type", modified, canton, data_responsibility, x_min, y_min, x_max, y_max) VALUES ('eaa301b1-4cae-4c89-96be-5d62a3d1f24e', 'http://www.geo.so.ch', 'Amtliche Vermessung - Gemeinde Oberbuchsiten (2406)', 'Amtliche Vermessung der Gemeinde Oberbuchsiten (2406)', 'http://www.geocat.ch/geonetwork/srv/ger/csw?service=CSW&amp;version=2.0.2&amp;request=GetRecordById&amp;elementSetName=full&amp;outputFormat=application/xml&amp;outputSchema=IsoRecord&amp;id=ab7a03e2-4bdd-4a49-bd92-4b0028bfcd51', 100, '2015-04-01 06:00:00', 'so', 'agi', 7.7298201563, 47.2954702049, 7.78549377386, 47.3297406944);
INSERT INTO metadb_relation (metadb_id_parent, metadb_id_child) VALUES ('3d69c24a-3bc0-42fc-a4f1-3aef480fc5b9', 'eaa301b1-4cae-4c89-96be-5d62a3d1f24e');
INSERT INTO online_dataset (metadb_id, uri, format_mime, format_txt, srs_epsg, srs_txt, modified) VALUES ('eaa301b1-4cae-4c89-96be-5d62a3d1f24e', 'http://www.catais.org/geodaten/ch/so/agi/av/dm01avch24d/itf/lv03/ch_240600.itf', 'text/x-interlis1', 'INTERLIS1', 21781, 'CH1903/LV03', '2015-04-01 06:00:00');
INSERT INTO online_dataset (metadb_id, uri, format_mime, format_txt, srs_epsg, srs_txt, modified) VALUES ('eaa301b1-4cae-4c89-96be-5d62a3d1f24e', 'http://www.catais.org/geodaten/ch/so/agi/av/dm01avch24d/itf/lv95/ch_lv95_240600.itf', 'text/x-interlis1', 'INTERLIS1', 2056, 'CH1903+/LV95', '2015-04-01 06:00:00');
INSERT INTO online_dataset (metadb_id, uri, format_mime, format_txt, srs_epsg, srs_txt, modified) VALUES ('eaa301b1-4cae-4c89-96be-5d62a3d1f24e', 'http://www.catais.org/geodaten/ch/so/agi/av/geobau/dxf/2406.dxf', 'application/x-dxf', 'DXF-GEOBAU', 21781, 'CH1903/LV03', '2015-04-01 06:00:00');
INSERT INTO online_dataset (metadb_id, uri, format_mime, format_txt, srs_epsg, srs_txt, modified) VALUES ('eaa301b1-4cae-4c89-96be-5d62a3d1f24e', 'http://www.catais.org/geodaten/ch/so/agi/av/mopublic/gpkg/lv03/d/2406.gpkg', 'application/x-sqlite3', 'GeoPackage', 21781, 'CH1903/LV03', '2015-04-01 06:00:00');
INSERT INTO metadb (identifier, namespace, title, abstract, metadata_link, "type", modified, canton, data_responsibility, x_min, y_min, x_max, y_max) VALUES ('167d444a-e430-45eb-a480-edffff167602', 'http://www.geo.so.ch', 'Amtliche Vermessung - Gemeinde Oensingen (2407)', 'Amtliche Vermessung der Gemeinde Oensingen (2407)', 'http://www.geocat.ch/geonetwork/srv/ger/csw?service=CSW&amp;version=2.0.2&amp;request=GetRecordById&amp;elementSetName=full&amp;outputFormat=application/xml&amp;outputSchema=IsoRecord&amp;id=ab7a03e2-4bdd-4a49-bd92-4b0028bfcd51', 100, '2015-04-01 06:00:00', 'so', 'agi', 7.68476938315, 47.2591127047, 7.75222887843, 47.3089303361);
INSERT INTO metadb_relation (metadb_id_parent, metadb_id_child) VALUES ('3d69c24a-3bc0-42fc-a4f1-3aef480fc5b9', '167d444a-e430-45eb-a480-edffff167602');
INSERT INTO online_dataset (metadb_id, uri, format_mime, format_txt, srs_epsg, srs_txt, modified) VALUES ('167d444a-e430-45eb-a480-edffff167602', 'http://www.catais.org/geodaten/ch/so/agi/av/dm01avch24d/itf/lv03/ch_240700.itf', 'text/x-interlis1', 'INTERLIS1', 21781, 'CH1903/LV03', '2015-04-01 06:00:00');
INSERT INTO online_dataset (metadb_id, uri, format_mime, format_txt, srs_epsg, srs_txt, modified) VALUES ('167d444a-e430-45eb-a480-edffff167602', 'http://www.catais.org/geodaten/ch/so/agi/av/dm01avch24d/itf/lv95/ch_lv95_240700.itf', 'text/x-interlis1', 'INTERLIS1', 2056, 'CH1903+/LV95', '2015-04-01 06:00:00');
INSERT INTO online_dataset (metadb_id, uri, format_mime, format_txt, srs_epsg, srs_txt, modified) VALUES ('167d444a-e430-45eb-a480-edffff167602', 'http://www.catais.org/geodaten/ch/so/agi/av/geobau/dxf/2407.dxf', 'application/x-dxf', 'DXF-GEOBAU', 21781, 'CH1903/LV03', '2015-04-01 06:00:00');
INSERT INTO online_dataset (metadb_id, uri, format_mime, format_txt, srs_epsg, srs_txt, modified) VALUES ('167d444a-e430-45eb-a480-edffff167602', 'http://www.catais.org/geodaten/ch/so/agi/av/mopublic/gpkg/lv03/d/2407.gpkg', 'application/x-sqlite3', 'GeoPackage', 21781, 'CH1903/LV03', '2015-04-01 06:00:00');
INSERT INTO metadb (identifier, namespace, title, abstract, metadata_link, "type", modified, canton, data_responsibility, x_min, y_min, x_max, y_max) VALUES ('8019c8b3-51c1-4884-90cf-68de88938df0', 'http://www.geo.so.ch', 'Amtliche Vermessung - Gemeinde Wolfwil (2408)', 'Amtliche Vermessung der Gemeinde Wolfwil (2408)', 'http://www.geocat.ch/geonetwork/srv/ger/csw?service=CSW&amp;version=2.0.2&amp;request=GetRecordById&amp;elementSetName=full&amp;outputFormat=application/xml&amp;outputSchema=IsoRecord&amp;id=ab7a03e2-4bdd-4a49-bd92-4b0028bfcd51', 100, '2015-04-01 06:00:00', 'so', 'agi', 7.76478651066, 47.2560973836, 7.82813361925, 47.2824867026);
INSERT INTO metadb_relation (metadb_id_parent, metadb_id_child) VALUES ('3d69c24a-3bc0-42fc-a4f1-3aef480fc5b9', '8019c8b3-51c1-4884-90cf-68de88938df0');
INSERT INTO online_dataset (metadb_id, uri, format_mime, format_txt, srs_epsg, srs_txt, modified) VALUES ('8019c8b3-51c1-4884-90cf-68de88938df0', 'http://www.catais.org/geodaten/ch/so/agi/av/dm01avch24d/itf/lv03/ch_240800.itf', 'text/x-interlis1', 'INTERLIS1', 21781, 'CH1903/LV03', '2015-04-01 06:00:00');
INSERT INTO online_dataset (metadb_id, uri, format_mime, format_txt, srs_epsg, srs_txt, modified) VALUES ('8019c8b3-51c1-4884-90cf-68de88938df0', 'http://www.catais.org/geodaten/ch/so/agi/av/dm01avch24d/itf/lv95/ch_lv95_240800.itf', 'text/x-interlis1', 'INTERLIS1', 2056, 'CH1903+/LV95', '2015-04-01 06:00:00');
INSERT INTO online_dataset (metadb_id, uri, format_mime, format_txt, srs_epsg, srs_txt, modified) VALUES ('8019c8b3-51c1-4884-90cf-68de88938df0', 'http://www.catais.org/geodaten/ch/so/agi/av/geobau/dxf/2408.dxf', 'application/x-dxf', 'DXF-GEOBAU', 21781, 'CH1903/LV03', '2015-04-01 06:00:00');
INSERT INTO online_dataset (metadb_id, uri, format_mime, format_txt, srs_epsg, srs_txt, modified) VALUES ('8019c8b3-51c1-4884-90cf-68de88938df0', 'http://www.catais.org/geodaten/ch/so/agi/av/mopublic/gpkg/lv03/d/2408.gpkg', 'application/x-sqlite3', 'GeoPackage', 21781, 'CH1903/LV03', '2015-04-01 06:00:00');
INSERT INTO metadb (identifier, namespace, title, abstract, metadata_link, "type", modified, canton, data_responsibility, x_min, y_min, x_max, y_max) VALUES ('f8cfc5fa-85cb-4d40-b8f9-72f2f1f39d68', 'http://www.geo.so.ch', 'Amtliche Vermessung - Gemeinde Aedermannsdorf (2421)', 'Amtliche Vermessung der Gemeinde Aedermannsdorf (2421)', 'http://www.geocat.ch/geonetwork/srv/ger/csw?service=CSW&amp;version=2.0.2&amp;request=GetRecordById&amp;elementSetName=full&amp;outputFormat=application/xml&amp;outputSchema=IsoRecord&amp;id=ab7a03e2-4bdd-4a49-bd92-4b0028bfcd51', 100, '2015-04-01 06:00:00', 'so', 'agi', 7.54806451892, 47.2801967293, 7.61933365289, 47.3335932703);
INSERT INTO metadb_relation (metadb_id_parent, metadb_id_child) VALUES ('3d69c24a-3bc0-42fc-a4f1-3aef480fc5b9', 'f8cfc5fa-85cb-4d40-b8f9-72f2f1f39d68');
INSERT INTO online_dataset (metadb_id, uri, format_mime, format_txt, srs_epsg, srs_txt, modified) VALUES ('f8cfc5fa-85cb-4d40-b8f9-72f2f1f39d68', 'http://www.catais.org/geodaten/ch/so/agi/av/dm01avch24d/itf/lv03/ch_242100.itf', 'text/x-interlis1', 'INTERLIS1', 21781, 'CH1903/LV03', '2015-04-01 06:00:00');
INSERT INTO online_dataset (metadb_id, uri, format_mime, format_txt, srs_epsg, srs_txt, modified) VALUES ('f8cfc5fa-85cb-4d40-b8f9-72f2f1f39d68', 'http://www.catais.org/geodaten/ch/so/agi/av/dm01avch24d/itf/lv95/ch_lv95_242100.itf', 'text/x-interlis1', 'INTERLIS1', 2056, 'CH1903+/LV95', '2015-04-01 06:00:00');
INSERT INTO online_dataset (metadb_id, uri, format_mime, format_txt, srs_epsg, srs_txt, modified) VALUES ('f8cfc5fa-85cb-4d40-b8f9-72f2f1f39d68', 'http://www.catais.org/geodaten/ch/so/agi/av/geobau/dxf/2421.dxf', 'application/x-dxf', 'DXF-GEOBAU', 21781, 'CH1903/LV03', '2015-04-01 06:00:00');
INSERT INTO online_dataset (metadb_id, uri, format_mime, format_txt, srs_epsg, srs_txt, modified) VALUES ('f8cfc5fa-85cb-4d40-b8f9-72f2f1f39d68', 'http://www.catais.org/geodaten/ch/so/agi/av/mopublic/gpkg/lv03/d/2421.gpkg', 'application/x-sqlite3', 'GeoPackage', 21781, 'CH1903/LV03', '2015-04-01 06:00:00');
INSERT INTO metadb (identifier, namespace, title, abstract, metadata_link, "type", modified, canton, data_responsibility, x_min, y_min, x_max, y_max) VALUES ('54c849f4-97a3-41fb-9dc0-86114a3f1850', 'http://www.geo.so.ch', 'Amtliche Vermessung - Gemeinde Balsthal (2422)', 'Amtliche Vermessung der Gemeinde Balsthal (2422)', 'http://www.geocat.ch/geonetwork/srv/ger/csw?service=CSW&amp;version=2.0.2&amp;request=GetRecordById&amp;elementSetName=full&amp;outputFormat=application/xml&amp;outputSchema=IsoRecord&amp;id=ab7a03e2-4bdd-4a49-bd92-4b0028bfcd51', 100, '2015-04-01 06:00:00', 'so', 'agi', 7.67040112549, 47.2890113111, 7.74540520807, 47.3369707158);
INSERT INTO metadb_relation (metadb_id_parent, metadb_id_child) VALUES ('3d69c24a-3bc0-42fc-a4f1-3aef480fc5b9', '54c849f4-97a3-41fb-9dc0-86114a3f1850');
INSERT INTO online_dataset (metadb_id, uri, format_mime, format_txt, srs_epsg, srs_txt, modified) VALUES ('54c849f4-97a3-41fb-9dc0-86114a3f1850', 'http://www.catais.org/geodaten/ch/so/agi/av/dm01avch24d/itf/lv03/ch_242200.itf', 'text/x-interlis1', 'INTERLIS1', 21781, 'CH1903/LV03', '2015-04-01 06:00:00');
INSERT INTO online_dataset (metadb_id, uri, format_mime, format_txt, srs_epsg, srs_txt, modified) VALUES ('54c849f4-97a3-41fb-9dc0-86114a3f1850', 'http://www.catais.org/geodaten/ch/so/agi/av/dm01avch24d/itf/lv95/ch_lv95_242200.itf', 'text/x-interlis1', 'INTERLIS1', 2056, 'CH1903+/LV95', '2015-04-01 06:00:00');
INSERT INTO online_dataset (metadb_id, uri, format_mime, format_txt, srs_epsg, srs_txt, modified) VALUES ('54c849f4-97a3-41fb-9dc0-86114a3f1850', 'http://www.catais.org/geodaten/ch/so/agi/av/geobau/dxf/2422.dxf', 'application/x-dxf', 'DXF-GEOBAU', 21781, 'CH1903/LV03', '2015-04-01 06:00:00');
INSERT INTO online_dataset (metadb_id, uri, format_mime, format_txt, srs_epsg, srs_txt, modified) VALUES ('54c849f4-97a3-41fb-9dc0-86114a3f1850', 'http://www.catais.org/geodaten/ch/so/agi/av/mopublic/gpkg/lv03/d/2422.gpkg', 'application/x-sqlite3', 'GeoPackage', 21781, 'CH1903/LV03', '2015-04-01 06:00:00');
INSERT INTO metadb (identifier, namespace, title, abstract, metadata_link, "type", modified, canton, data_responsibility, x_min, y_min, x_max, y_max) VALUES ('9a2ab8c2-c2da-499f-a988-628678be6654', 'http://www.geo.so.ch', 'Amtliche Vermessung - Gemeinde Gänsbrunnen (2423)', 'Amtliche Vermessung der Gemeinde Gänsbrunnen (2423)', 'http://www.geocat.ch/geonetwork/srv/ger/csw?service=CSW&amp;version=2.0.2&amp;request=GetRecordById&amp;elementSetName=full&amp;outputFormat=application/xml&amp;outputSchema=IsoRecord&amp;id=ab7a03e2-4bdd-4a49-bd92-4b0028bfcd51', 100, '2015-04-01 06:00:00', 'so', 'agi', 7.41618124538, 47.2427278335, 7.5171332675, 47.2925138762);
INSERT INTO metadb_relation (metadb_id_parent, metadb_id_child) VALUES ('3d69c24a-3bc0-42fc-a4f1-3aef480fc5b9', '9a2ab8c2-c2da-499f-a988-628678be6654');
INSERT INTO online_dataset (metadb_id, uri, format_mime, format_txt, srs_epsg, srs_txt, modified) VALUES ('9a2ab8c2-c2da-499f-a988-628678be6654', 'http://www.catais.org/geodaten/ch/so/agi/av/dm01avch24d/itf/lv03/ch_242300.itf', 'text/x-interlis1', 'INTERLIS1', 21781, 'CH1903/LV03', '2015-04-01 06:00:00');
INSERT INTO online_dataset (metadb_id, uri, format_mime, format_txt, srs_epsg, srs_txt, modified) VALUES ('9a2ab8c2-c2da-499f-a988-628678be6654', 'http://www.catais.org/geodaten/ch/so/agi/av/dm01avch24d/itf/lv95/ch_lv95_242300.itf', 'text/x-interlis1', 'INTERLIS1', 2056, 'CH1903+/LV95', '2015-04-01 06:00:00');
INSERT INTO online_dataset (metadb_id, uri, format_mime, format_txt, srs_epsg, srs_txt, modified) VALUES ('9a2ab8c2-c2da-499f-a988-628678be6654', 'http://www.catais.org/geodaten/ch/so/agi/av/geobau/dxf/2423.dxf', 'application/x-dxf', 'DXF-GEOBAU', 21781, 'CH1903/LV03', '2015-04-01 06:00:00');
INSERT INTO online_dataset (metadb_id, uri, format_mime, format_txt, srs_epsg, srs_txt, modified) VALUES ('9a2ab8c2-c2da-499f-a988-628678be6654', 'http://www.catais.org/geodaten/ch/so/agi/av/mopublic/gpkg/lv03/d/2423.gpkg', 'application/x-sqlite3', 'GeoPackage', 21781, 'CH1903/LV03', '2015-04-01 06:00:00');
INSERT INTO metadb (identifier, namespace, title, abstract, metadata_link, "type", modified, canton, data_responsibility, x_min, y_min, x_max, y_max) VALUES ('d6328832-4dab-4e1e-90c0-7c31e733c1c0', 'http://www.geo.so.ch', 'Amtliche Vermessung - Gemeinde Herbetswil (2424)', 'Amtliche Vermessung der Gemeinde Herbetswil (2424)', 'http://www.geocat.ch/geonetwork/srv/ger/csw?service=CSW&amp;version=2.0.2&amp;request=GetRecordById&amp;elementSetName=full&amp;outputFormat=application/xml&amp;outputSchema=IsoRecord&amp;id=ab7a03e2-4bdd-4a49-bd92-4b0028bfcd51', 100, '2015-04-01 06:00:00', 'so', 'agi', 7.51453802343, 47.2721308755, 7.60710466483, 47.3196757957);
INSERT INTO metadb_relation (metadb_id_parent, metadb_id_child) VALUES ('3d69c24a-3bc0-42fc-a4f1-3aef480fc5b9', 'd6328832-4dab-4e1e-90c0-7c31e733c1c0');
INSERT INTO online_dataset (metadb_id, uri, format_mime, format_txt, srs_epsg, srs_txt, modified) VALUES ('d6328832-4dab-4e1e-90c0-7c31e733c1c0', 'http://www.catais.org/geodaten/ch/so/agi/av/dm01avch24d/itf/lv03/ch_242400.itf', 'text/x-interlis1', 'INTERLIS1', 21781, 'CH1903/LV03', '2015-04-01 06:00:00');
INSERT INTO online_dataset (metadb_id, uri, format_mime, format_txt, srs_epsg, srs_txt, modified) VALUES ('d6328832-4dab-4e1e-90c0-7c31e733c1c0', 'http://www.catais.org/geodaten/ch/so/agi/av/dm01avch24d/itf/lv95/ch_lv95_242400.itf', 'text/x-interlis1', 'INTERLIS1', 2056, 'CH1903+/LV95', '2015-04-01 06:00:00');
INSERT INTO online_dataset (metadb_id, uri, format_mime, format_txt, srs_epsg, srs_txt, modified) VALUES ('d6328832-4dab-4e1e-90c0-7c31e733c1c0', 'http://www.catais.org/geodaten/ch/so/agi/av/geobau/dxf/2424.dxf', 'application/x-dxf', 'DXF-GEOBAU', 21781, 'CH1903/LV03', '2015-04-01 06:00:00');
INSERT INTO online_dataset (metadb_id, uri, format_mime, format_txt, srs_epsg, srs_txt, modified) VALUES ('d6328832-4dab-4e1e-90c0-7c31e733c1c0', 'http://www.catais.org/geodaten/ch/so/agi/av/mopublic/gpkg/lv03/d/2424.gpkg', 'application/x-sqlite3', 'GeoPackage', 21781, 'CH1903/LV03', '2015-04-01 06:00:00');
INSERT INTO metadb (identifier, namespace, title, abstract, metadata_link, "type", modified, canton, data_responsibility, x_min, y_min, x_max, y_max) VALUES ('ec19965c-ff26-47f3-8f86-90382ea1ed6c', 'http://www.geo.so.ch', 'Amtliche Vermessung - Gemeinde Holderbank (SO) (2425)', 'Amtliche Vermessung der Gemeinde Holderbank (SO) (2425)', 'http://www.geocat.ch/geonetwork/srv/ger/csw?service=CSW&amp;version=2.0.2&amp;request=GetRecordById&amp;elementSetName=full&amp;outputFormat=application/xml&amp;outputSchema=IsoRecord&amp;id=ab7a03e2-4bdd-4a49-bd92-4b0028bfcd51', 100, '2015-04-01 06:00:00', 'so', 'agi', 7.72329327238, 47.3182028541, 7.78859203079, 47.344326785);
INSERT INTO metadb_relation (metadb_id_parent, metadb_id_child) VALUES ('3d69c24a-3bc0-42fc-a4f1-3aef480fc5b9', 'ec19965c-ff26-47f3-8f86-90382ea1ed6c');
INSERT INTO online_dataset (metadb_id, uri, format_mime, format_txt, srs_epsg, srs_txt, modified) VALUES ('ec19965c-ff26-47f3-8f86-90382ea1ed6c', 'http://www.catais.org/geodaten/ch/so/agi/av/dm01avch24d/itf/lv03/ch_242500.itf', 'text/x-interlis1', 'INTERLIS1', 21781, 'CH1903/LV03', '2015-04-01 06:00:00');
INSERT INTO online_dataset (metadb_id, uri, format_mime, format_txt, srs_epsg, srs_txt, modified) VALUES ('ec19965c-ff26-47f3-8f86-90382ea1ed6c', 'http://www.catais.org/geodaten/ch/so/agi/av/dm01avch24d/itf/lv95/ch_lv95_242500.itf', 'text/x-interlis1', 'INTERLIS1', 2056, 'CH1903+/LV95', '2015-04-01 06:00:00');
INSERT INTO online_dataset (metadb_id, uri, format_mime, format_txt, srs_epsg, srs_txt, modified) VALUES ('ec19965c-ff26-47f3-8f86-90382ea1ed6c', 'http://www.catais.org/geodaten/ch/so/agi/av/geobau/dxf/2425.dxf', 'application/x-dxf', 'DXF-GEOBAU', 21781, 'CH1903/LV03', '2015-04-01 06:00:00');
INSERT INTO online_dataset (metadb_id, uri, format_mime, format_txt, srs_epsg, srs_txt, modified) VALUES ('ec19965c-ff26-47f3-8f86-90382ea1ed6c', 'http://www.catais.org/geodaten/ch/so/agi/av/mopublic/gpkg/lv03/d/2425.gpkg', 'application/x-sqlite3', 'GeoPackage', 21781, 'CH1903/LV03', '2015-04-01 06:00:00');
INSERT INTO metadb (identifier, namespace, title, abstract, metadata_link, "type", modified, canton, data_responsibility, x_min, y_min, x_max, y_max) VALUES ('5422cd4e-2996-4dc5-8565-eadc6dc49d44', 'http://www.geo.so.ch', 'Amtliche Vermessung - Gemeinde Laupersdorf (2426)', 'Amtliche Vermessung der Gemeinde Laupersdorf (2426)', 'http://www.geocat.ch/geonetwork/srv/ger/csw?service=CSW&amp;version=2.0.2&amp;request=GetRecordById&amp;elementSetName=full&amp;outputFormat=application/xml&amp;outputSchema=IsoRecord&amp;id=ab7a03e2-4bdd-4a49-bd92-4b0028bfcd51', 100, '2015-04-01 06:00:00', 'so', 'agi', 7.62418700699, 47.2828945018, 7.67909720877, 47.3367770912);
INSERT INTO metadb_relation (metadb_id_parent, metadb_id_child) VALUES ('3d69c24a-3bc0-42fc-a4f1-3aef480fc5b9', '5422cd4e-2996-4dc5-8565-eadc6dc49d44');
INSERT INTO online_dataset (metadb_id, uri, format_mime, format_txt, srs_epsg, srs_txt, modified) VALUES ('5422cd4e-2996-4dc5-8565-eadc6dc49d44', 'http://www.catais.org/geodaten/ch/so/agi/av/dm01avch24d/itf/lv03/ch_242600.itf', 'text/x-interlis1', 'INTERLIS1', 21781, 'CH1903/LV03', '2015-04-01 06:00:00');
INSERT INTO online_dataset (metadb_id, uri, format_mime, format_txt, srs_epsg, srs_txt, modified) VALUES ('5422cd4e-2996-4dc5-8565-eadc6dc49d44', 'http://www.catais.org/geodaten/ch/so/agi/av/dm01avch24d/itf/lv95/ch_lv95_242600.itf', 'text/x-interlis1', 'INTERLIS1', 2056, 'CH1903+/LV95', '2015-04-01 06:00:00');
INSERT INTO online_dataset (metadb_id, uri, format_mime, format_txt, srs_epsg, srs_txt, modified) VALUES ('5422cd4e-2996-4dc5-8565-eadc6dc49d44', 'http://www.catais.org/geodaten/ch/so/agi/av/geobau/dxf/2426.dxf', 'application/x-dxf', 'DXF-GEOBAU', 21781, 'CH1903/LV03', '2015-04-01 06:00:00');
INSERT INTO online_dataset (metadb_id, uri, format_mime, format_txt, srs_epsg, srs_txt, modified) VALUES ('5422cd4e-2996-4dc5-8565-eadc6dc49d44', 'http://www.catais.org/geodaten/ch/so/agi/av/mopublic/gpkg/lv03/d/2426.gpkg', 'application/x-sqlite3', 'GeoPackage', 21781, 'CH1903/LV03', '2015-04-01 06:00:00');
INSERT INTO metadb (identifier, namespace, title, abstract, metadata_link, "type", modified, canton, data_responsibility, x_min, y_min, x_max, y_max) VALUES ('81c8c38c-bf09-4a4a-9ae0-fa556e09bbab', 'http://www.geo.so.ch', 'Amtliche Vermessung - Gemeinde Matzendorf (2427)', 'Amtliche Vermessung der Gemeinde Matzendorf (2427)', 'http://www.geocat.ch/geonetwork/srv/ger/csw?service=CSW&amp;version=2.0.2&amp;request=GetRecordById&amp;elementSetName=full&amp;outputFormat=application/xml&amp;outputSchema=IsoRecord&amp;id=ab7a03e2-4bdd-4a49-bd92-4b0028bfcd51', 100, '2015-04-01 06:00:00', 'so', 'agi', 7.60626936283, 47.2809935305, 7.65127287601, 47.3347591871);
INSERT INTO metadb_relation (metadb_id_parent, metadb_id_child) VALUES ('3d69c24a-3bc0-42fc-a4f1-3aef480fc5b9', '81c8c38c-bf09-4a4a-9ae0-fa556e09bbab');
INSERT INTO online_dataset (metadb_id, uri, format_mime, format_txt, srs_epsg, srs_txt, modified) VALUES ('81c8c38c-bf09-4a4a-9ae0-fa556e09bbab', 'http://www.catais.org/geodaten/ch/so/agi/av/dm01avch24d/itf/lv03/ch_242700.itf', 'text/x-interlis1', 'INTERLIS1', 21781, 'CH1903/LV03', '2015-04-01 06:00:00');
INSERT INTO online_dataset (metadb_id, uri, format_mime, format_txt, srs_epsg, srs_txt, modified) VALUES ('81c8c38c-bf09-4a4a-9ae0-fa556e09bbab', 'http://www.catais.org/geodaten/ch/so/agi/av/dm01avch24d/itf/lv95/ch_lv95_242700.itf', 'text/x-interlis1', 'INTERLIS1', 2056, 'CH1903+/LV95', '2015-04-01 06:00:00');
INSERT INTO online_dataset (metadb_id, uri, format_mime, format_txt, srs_epsg, srs_txt, modified) VALUES ('81c8c38c-bf09-4a4a-9ae0-fa556e09bbab', 'http://www.catais.org/geodaten/ch/so/agi/av/geobau/dxf/2427.dxf', 'application/x-dxf', 'DXF-GEOBAU', 21781, 'CH1903/LV03', '2015-04-01 06:00:00');
INSERT INTO online_dataset (metadb_id, uri, format_mime, format_txt, srs_epsg, srs_txt, modified) VALUES ('81c8c38c-bf09-4a4a-9ae0-fa556e09bbab', 'http://www.catais.org/geodaten/ch/so/agi/av/mopublic/gpkg/lv03/d/2427.gpkg', 'application/x-sqlite3', 'GeoPackage', 21781, 'CH1903/LV03', '2015-04-01 06:00:00');
INSERT INTO metadb (identifier, namespace, title, abstract, metadata_link, "type", modified, canton, data_responsibility, x_min, y_min, x_max, y_max) VALUES ('b14e3490-5e85-438c-866f-bf7bbbc72d39', 'http://www.geo.so.ch', 'Amtliche Vermessung - Gemeinde Mümliswil-Ramiswil (2428)', 'Amtliche Vermessung der Gemeinde Mümliswil-Ramiswil (2428)', 'http://www.geocat.ch/geonetwork/srv/ger/csw?service=CSW&amp;version=2.0.2&amp;request=GetRecordById&amp;elementSetName=full&amp;outputFormat=application/xml&amp;outputSchema=IsoRecord&amp;id=ab7a03e2-4bdd-4a49-bd92-4b0028bfcd51', 100, '2015-04-01 06:00:00', 'so', 'agi', 7.57680279002, 47.325716079, 7.75151933704, 47.3724462394);
INSERT INTO metadb_relation (metadb_id_parent, metadb_id_child) VALUES ('3d69c24a-3bc0-42fc-a4f1-3aef480fc5b9', 'b14e3490-5e85-438c-866f-bf7bbbc72d39');
INSERT INTO online_dataset (metadb_id, uri, format_mime, format_txt, srs_epsg, srs_txt, modified) VALUES ('b14e3490-5e85-438c-866f-bf7bbbc72d39', 'http://www.catais.org/geodaten/ch/so/agi/av/dm01avch24d/itf/lv03/ch_242800.itf', 'text/x-interlis1', 'INTERLIS1', 21781, 'CH1903/LV03', '2015-04-01 06:00:00');
INSERT INTO online_dataset (metadb_id, uri, format_mime, format_txt, srs_epsg, srs_txt, modified) VALUES ('b14e3490-5e85-438c-866f-bf7bbbc72d39', 'http://www.catais.org/geodaten/ch/so/agi/av/dm01avch24d/itf/lv95/ch_lv95_242800.itf', 'text/x-interlis1', 'INTERLIS1', 2056, 'CH1903+/LV95', '2015-04-01 06:00:00');
INSERT INTO online_dataset (metadb_id, uri, format_mime, format_txt, srs_epsg, srs_txt, modified) VALUES ('b14e3490-5e85-438c-866f-bf7bbbc72d39', 'http://www.catais.org/geodaten/ch/so/agi/av/geobau/dxf/2428.dxf', 'application/x-dxf', 'DXF-GEOBAU', 21781, 'CH1903/LV03', '2015-04-01 06:00:00');
INSERT INTO online_dataset (metadb_id, uri, format_mime, format_txt, srs_epsg, srs_txt, modified) VALUES ('b14e3490-5e85-438c-866f-bf7bbbc72d39', 'http://www.catais.org/geodaten/ch/so/agi/av/mopublic/gpkg/lv03/d/2428.gpkg', 'application/x-sqlite3', 'GeoPackage', 21781, 'CH1903/LV03', '2015-04-01 06:00:00');
INSERT INTO metadb (identifier, namespace, title, abstract, metadata_link, "type", modified, canton, data_responsibility, x_min, y_min, x_max, y_max) VALUES ('cb8530d5-3b56-41e4-b470-79d7766ca738', 'http://www.geo.so.ch', 'Amtliche Vermessung - Gemeinde Welschenrohr (2429)', 'Amtliche Vermessung der Gemeinde Welschenrohr (2429)', 'http://www.geocat.ch/geonetwork/srv/ger/csw?service=CSW&amp;version=2.0.2&amp;request=GetRecordById&amp;elementSetName=full&amp;outputFormat=application/xml&amp;outputSchema=IsoRecord&amp;id=ab7a03e2-4bdd-4a49-bd92-4b0028bfcd51', 100, '2015-04-01 06:00:00', 'so', 'agi', 7.48608002548, 47.2536335793, 7.55928847342, 47.2934168638);
INSERT INTO metadb_relation (metadb_id_parent, metadb_id_child) VALUES ('3d69c24a-3bc0-42fc-a4f1-3aef480fc5b9', 'cb8530d5-3b56-41e4-b470-79d7766ca738');
INSERT INTO online_dataset (metadb_id, uri, format_mime, format_txt, srs_epsg, srs_txt, modified) VALUES ('cb8530d5-3b56-41e4-b470-79d7766ca738', 'http://www.catais.org/geodaten/ch/so/agi/av/dm01avch24d/itf/lv03/ch_242900.itf', 'text/x-interlis1', 'INTERLIS1', 21781, 'CH1903/LV03', '2015-04-01 06:00:00');
INSERT INTO online_dataset (metadb_id, uri, format_mime, format_txt, srs_epsg, srs_txt, modified) VALUES ('cb8530d5-3b56-41e4-b470-79d7766ca738', 'http://www.catais.org/geodaten/ch/so/agi/av/dm01avch24d/itf/lv95/ch_lv95_242900.itf', 'text/x-interlis1', 'INTERLIS1', 2056, 'CH1903+/LV95', '2015-04-01 06:00:00');
INSERT INTO online_dataset (metadb_id, uri, format_mime, format_txt, srs_epsg, srs_txt, modified) VALUES ('cb8530d5-3b56-41e4-b470-79d7766ca738', 'http://www.catais.org/geodaten/ch/so/agi/av/geobau/dxf/2429.dxf', 'application/x-dxf', 'DXF-GEOBAU', 21781, 'CH1903/LV03', '2015-04-01 06:00:00');
INSERT INTO online_dataset (metadb_id, uri, format_mime, format_txt, srs_epsg, srs_txt, modified) VALUES ('cb8530d5-3b56-41e4-b470-79d7766ca738', 'http://www.catais.org/geodaten/ch/so/agi/av/mopublic/gpkg/lv03/d/2429.gpkg', 'application/x-sqlite3', 'GeoPackage', 21781, 'CH1903/LV03', '2015-04-01 06:00:00');
INSERT INTO metadb (identifier, namespace, title, abstract, metadata_link, "type", modified, canton, data_responsibility, x_min, y_min, x_max, y_max) VALUES ('ce56f544-456f-4716-aa6e-fd9cfab743e1', 'http://www.geo.so.ch', 'Amtliche Vermessung - Gemeinde Biezwil (2445)', 'Amtliche Vermessung der Gemeinde Biezwil (2445)', 'http://www.geocat.ch/geonetwork/srv/ger/csw?service=CSW&amp;version=2.0.2&amp;request=GetRecordById&amp;elementSetName=full&amp;outputFormat=application/xml&amp;outputSchema=IsoRecord&amp;id=ab7a03e2-4bdd-4a49-bd92-4b0028bfcd51', 100, '2015-04-01 06:00:00', 'so', 'agi', 7.40496094192, 47.0976359848, 7.43734902006, 47.12336422);
INSERT INTO metadb_relation (metadb_id_parent, metadb_id_child) VALUES ('3d69c24a-3bc0-42fc-a4f1-3aef480fc5b9', 'ce56f544-456f-4716-aa6e-fd9cfab743e1');
INSERT INTO online_dataset (metadb_id, uri, format_mime, format_txt, srs_epsg, srs_txt, modified) VALUES ('ce56f544-456f-4716-aa6e-fd9cfab743e1', 'http://www.catais.org/geodaten/ch/so/agi/av/dm01avch24d/itf/lv03/ch_244500.itf', 'text/x-interlis1', 'INTERLIS1', 21781, 'CH1903/LV03', '2015-04-01 06:00:00');
INSERT INTO online_dataset (metadb_id, uri, format_mime, format_txt, srs_epsg, srs_txt, modified) VALUES ('ce56f544-456f-4716-aa6e-fd9cfab743e1', 'http://www.catais.org/geodaten/ch/so/agi/av/dm01avch24d/itf/lv95/ch_lv95_244500.itf', 'text/x-interlis1', 'INTERLIS1', 2056, 'CH1903+/LV95', '2015-04-01 06:00:00');
INSERT INTO online_dataset (metadb_id, uri, format_mime, format_txt, srs_epsg, srs_txt, modified) VALUES ('ce56f544-456f-4716-aa6e-fd9cfab743e1', 'http://www.catais.org/geodaten/ch/so/agi/av/geobau/dxf/2445.dxf', 'application/x-dxf', 'DXF-GEOBAU', 21781, 'CH1903/LV03', '2015-04-01 06:00:00');
INSERT INTO online_dataset (metadb_id, uri, format_mime, format_txt, srs_epsg, srs_txt, modified) VALUES ('ce56f544-456f-4716-aa6e-fd9cfab743e1', 'http://www.catais.org/geodaten/ch/so/agi/av/mopublic/gpkg/lv03/d/2445.gpkg', 'application/x-sqlite3', 'GeoPackage', 21781, 'CH1903/LV03', '2015-04-01 06:00:00');
INSERT INTO metadb (identifier, namespace, title, abstract, metadata_link, "type", modified, canton, data_responsibility, x_min, y_min, x_max, y_max) VALUES ('058fe88f-365e-4b30-adda-6cdfcb34dbbf', 'http://www.geo.so.ch', 'Amtliche Vermessung - Gemeinde Lüterkofen-Ichertswil (2455)', 'Amtliche Vermessung der Gemeinde Lüterkofen-Ichertswil (2455)', 'http://www.geocat.ch/geonetwork/srv/ger/csw?service=CSW&amp;version=2.0.2&amp;request=GetRecordById&amp;elementSetName=full&amp;outputFormat=application/xml&amp;outputSchema=IsoRecord&amp;id=ab7a03e2-4bdd-4a49-bd92-4b0028bfcd51', 100, '2015-04-01 06:00:00', 'so', 'agi', 7.47959510578, 47.1520422364, 7.52292662716, 47.1751464432);
INSERT INTO metadb_relation (metadb_id_parent, metadb_id_child) VALUES ('3d69c24a-3bc0-42fc-a4f1-3aef480fc5b9', '058fe88f-365e-4b30-adda-6cdfcb34dbbf');
INSERT INTO online_dataset (metadb_id, uri, format_mime, format_txt, srs_epsg, srs_txt, modified) VALUES ('058fe88f-365e-4b30-adda-6cdfcb34dbbf', 'http://www.catais.org/geodaten/ch/so/agi/av/dm01avch24d/itf/lv03/ch_245500.itf', 'text/x-interlis1', 'INTERLIS1', 21781, 'CH1903/LV03', '2015-04-01 06:00:00');
INSERT INTO online_dataset (metadb_id, uri, format_mime, format_txt, srs_epsg, srs_txt, modified) VALUES ('058fe88f-365e-4b30-adda-6cdfcb34dbbf', 'http://www.catais.org/geodaten/ch/so/agi/av/dm01avch24d/itf/lv95/ch_lv95_245500.itf', 'text/x-interlis1', 'INTERLIS1', 2056, 'CH1903+/LV95', '2015-04-01 06:00:00');
INSERT INTO online_dataset (metadb_id, uri, format_mime, format_txt, srs_epsg, srs_txt, modified) VALUES ('058fe88f-365e-4b30-adda-6cdfcb34dbbf', 'http://www.catais.org/geodaten/ch/so/agi/av/geobau/dxf/2455.dxf', 'application/x-dxf', 'DXF-GEOBAU', 21781, 'CH1903/LV03', '2015-04-01 06:00:00');
INSERT INTO online_dataset (metadb_id, uri, format_mime, format_txt, srs_epsg, srs_txt, modified) VALUES ('058fe88f-365e-4b30-adda-6cdfcb34dbbf', 'http://www.catais.org/geodaten/ch/so/agi/av/mopublic/gpkg/lv03/d/2455.gpkg', 'application/x-sqlite3', 'GeoPackage', 21781, 'CH1903/LV03', '2015-04-01 06:00:00');
INSERT INTO metadb (identifier, namespace, title, abstract, metadata_link, "type", modified, canton, data_responsibility, x_min, y_min, x_max, y_max) VALUES ('b73da207-e179-47eb-8bba-bc3c3bd0428c', 'http://www.geo.so.ch', 'Amtliche Vermessung - Gemeinde Lüterswil-Gächliwil (2456)', 'Amtliche Vermessung der Gemeinde Lüterswil-Gächliwil (2456)', 'http://www.geocat.ch/geonetwork/srv/ger/csw?service=CSW&amp;version=2.0.2&amp;request=GetRecordById&amp;elementSetName=full&amp;outputFormat=application/xml&amp;outputSchema=IsoRecord&amp;id=ab7a03e2-4bdd-4a49-bd92-4b0028bfcd51', 100, '2015-04-01 06:00:00', 'so', 'agi', 7.42754962354, 47.1089431398, 7.45664564828, 47.1339986236);
INSERT INTO metadb_relation (metadb_id_parent, metadb_id_child) VALUES ('3d69c24a-3bc0-42fc-a4f1-3aef480fc5b9', 'b73da207-e179-47eb-8bba-bc3c3bd0428c');
INSERT INTO online_dataset (metadb_id, uri, format_mime, format_txt, srs_epsg, srs_txt, modified) VALUES ('b73da207-e179-47eb-8bba-bc3c3bd0428c', 'http://www.catais.org/geodaten/ch/so/agi/av/dm01avch24d/itf/lv03/ch_245600.itf', 'text/x-interlis1', 'INTERLIS1', 21781, 'CH1903/LV03', '2015-04-01 06:00:00');
INSERT INTO online_dataset (metadb_id, uri, format_mime, format_txt, srs_epsg, srs_txt, modified) VALUES ('b73da207-e179-47eb-8bba-bc3c3bd0428c', 'http://www.catais.org/geodaten/ch/so/agi/av/dm01avch24d/itf/lv95/ch_lv95_245600.itf', 'text/x-interlis1', 'INTERLIS1', 2056, 'CH1903+/LV95', '2015-04-01 06:00:00');
INSERT INTO online_dataset (metadb_id, uri, format_mime, format_txt, srs_epsg, srs_txt, modified) VALUES ('b73da207-e179-47eb-8bba-bc3c3bd0428c', 'http://www.catais.org/geodaten/ch/so/agi/av/geobau/dxf/2456.dxf', 'application/x-dxf', 'DXF-GEOBAU', 21781, 'CH1903/LV03', '2015-04-01 06:00:00');
INSERT INTO online_dataset (metadb_id, uri, format_mime, format_txt, srs_epsg, srs_txt, modified) VALUES ('b73da207-e179-47eb-8bba-bc3c3bd0428c', 'http://www.catais.org/geodaten/ch/so/agi/av/mopublic/gpkg/lv03/d/2456.gpkg', 'application/x-sqlite3', 'GeoPackage', 21781, 'CH1903/LV03', '2015-04-01 06:00:00');
INSERT INTO metadb (identifier, namespace, title, abstract, metadata_link, "type", modified, canton, data_responsibility, x_min, y_min, x_max, y_max) VALUES ('582084ec-7a39-4494-9d16-52b1471d1eac', 'http://www.geo.so.ch', 'Amtliche Vermessung - Gemeinde Messen (2457)', 'Amtliche Vermessung der Gemeinde Messen (2457)', 'http://www.geocat.ch/geonetwork/srv/ger/csw?service=CSW&amp;version=2.0.2&amp;request=GetRecordById&amp;elementSetName=full&amp;outputFormat=application/xml&amp;outputSchema=IsoRecord&amp;id=ab7a03e2-4bdd-4a49-bd92-4b0028bfcd51', 100, '2015-04-01 06:00:00', 'so', 'agi', 7.41113909597, 47.0743414366, 7.47509500091, 47.1206048893);
INSERT INTO metadb_relation (metadb_id_parent, metadb_id_child) VALUES ('3d69c24a-3bc0-42fc-a4f1-3aef480fc5b9', '582084ec-7a39-4494-9d16-52b1471d1eac');
INSERT INTO online_dataset (metadb_id, uri, format_mime, format_txt, srs_epsg, srs_txt, modified) VALUES ('582084ec-7a39-4494-9d16-52b1471d1eac', 'http://www.catais.org/geodaten/ch/so/agi/av/dm01avch24d/itf/lv03/ch_245700.itf', 'text/x-interlis1', 'INTERLIS1', 21781, 'CH1903/LV03', '2015-04-01 06:00:00');
INSERT INTO online_dataset (metadb_id, uri, format_mime, format_txt, srs_epsg, srs_txt, modified) VALUES ('582084ec-7a39-4494-9d16-52b1471d1eac', 'http://www.catais.org/geodaten/ch/so/agi/av/dm01avch24d/itf/lv95/ch_lv95_245700.itf', 'text/x-interlis1', 'INTERLIS1', 2056, 'CH1903+/LV95', '2015-04-01 06:00:00');
INSERT INTO online_dataset (metadb_id, uri, format_mime, format_txt, srs_epsg, srs_txt, modified) VALUES ('582084ec-7a39-4494-9d16-52b1471d1eac', 'http://www.catais.org/geodaten/ch/so/agi/av/geobau/dxf/2457.dxf', 'application/x-dxf', 'DXF-GEOBAU', 21781, 'CH1903/LV03', '2015-04-01 06:00:00');
INSERT INTO online_dataset (metadb_id, uri, format_mime, format_txt, srs_epsg, srs_txt, modified) VALUES ('582084ec-7a39-4494-9d16-52b1471d1eac', 'http://www.catais.org/geodaten/ch/so/agi/av/mopublic/gpkg/lv03/d/2457.gpkg', 'application/x-sqlite3', 'GeoPackage', 21781, 'CH1903/LV03', '2015-04-01 06:00:00');
INSERT INTO metadb (identifier, namespace, title, abstract, metadata_link, "type", modified, canton, data_responsibility, x_min, y_min, x_max, y_max) VALUES ('192addbd-b336-45db-8e80-74213ff7b3a1', 'http://www.geo.so.ch', 'Amtliche Vermessung - Gemeinde Schnottwil (2461)', 'Amtliche Vermessung der Gemeinde Schnottwil (2461)', 'http://www.geocat.ch/geonetwork/srv/ger/csw?service=CSW&amp;version=2.0.2&amp;request=GetRecordById&amp;elementSetName=full&amp;outputFormat=application/xml&amp;outputSchema=IsoRecord&amp;id=ab7a03e2-4bdd-4a49-bd92-4b0028bfcd51', 100, '2015-04-01 06:00:00', 'so', 'agi', 7.36970460902, 47.0922480556, 7.41220039587, 47.125896784);
INSERT INTO metadb_relation (metadb_id_parent, metadb_id_child) VALUES ('3d69c24a-3bc0-42fc-a4f1-3aef480fc5b9', '192addbd-b336-45db-8e80-74213ff7b3a1');
INSERT INTO online_dataset (metadb_id, uri, format_mime, format_txt, srs_epsg, srs_txt, modified) VALUES ('192addbd-b336-45db-8e80-74213ff7b3a1', 'http://www.catais.org/geodaten/ch/so/agi/av/dm01avch24d/itf/lv03/ch_246100.itf', 'text/x-interlis1', 'INTERLIS1', 21781, 'CH1903/LV03', '2015-04-01 06:00:00');
INSERT INTO online_dataset (metadb_id, uri, format_mime, format_txt, srs_epsg, srs_txt, modified) VALUES ('192addbd-b336-45db-8e80-74213ff7b3a1', 'http://www.catais.org/geodaten/ch/so/agi/av/dm01avch24d/itf/lv95/ch_lv95_246100.itf', 'text/x-interlis1', 'INTERLIS1', 2056, 'CH1903+/LV95', '2015-04-01 06:00:00');
INSERT INTO online_dataset (metadb_id, uri, format_mime, format_txt, srs_epsg, srs_txt, modified) VALUES ('192addbd-b336-45db-8e80-74213ff7b3a1', 'http://www.catais.org/geodaten/ch/so/agi/av/geobau/dxf/2461.dxf', 'application/x-dxf', 'DXF-GEOBAU', 21781, 'CH1903/LV03', '2015-04-01 06:00:00');
INSERT INTO online_dataset (metadb_id, uri, format_mime, format_txt, srs_epsg, srs_txt, modified) VALUES ('192addbd-b336-45db-8e80-74213ff7b3a1', 'http://www.catais.org/geodaten/ch/so/agi/av/mopublic/gpkg/lv03/d/2461.gpkg', 'application/x-sqlite3', 'GeoPackage', 21781, 'CH1903/LV03', '2015-04-01 06:00:00');
INSERT INTO metadb (identifier, namespace, title, abstract, metadata_link, "type", modified, canton, data_responsibility, x_min, y_min, x_max, y_max) VALUES ('350dd105-eb41-4f60-ada5-177049fcb906', 'http://www.geo.so.ch', 'Amtliche Vermessung - Gemeinde Unterramsern (2463)', 'Amtliche Vermessung der Gemeinde Unterramsern (2463)', 'http://www.geocat.ch/geonetwork/srv/ger/csw?service=CSW&amp;version=2.0.2&amp;request=GetRecordById&amp;elementSetName=full&amp;outputFormat=application/xml&amp;outputSchema=IsoRecord&amp;id=ab7a03e2-4bdd-4a49-bd92-4b0028bfcd51', 100, '2015-04-01 06:00:00', 'so', 'agi', 7.46899804088, 47.11210353, 7.49232818495, 47.1256620847);
INSERT INTO metadb_relation (metadb_id_parent, metadb_id_child) VALUES ('3d69c24a-3bc0-42fc-a4f1-3aef480fc5b9', '350dd105-eb41-4f60-ada5-177049fcb906');
INSERT INTO online_dataset (metadb_id, uri, format_mime, format_txt, srs_epsg, srs_txt, modified) VALUES ('350dd105-eb41-4f60-ada5-177049fcb906', 'http://www.catais.org/geodaten/ch/so/agi/av/dm01avch24d/itf/lv03/ch_246300.itf', 'text/x-interlis1', 'INTERLIS1', 21781, 'CH1903/LV03', '2015-04-01 06:00:00');
INSERT INTO online_dataset (metadb_id, uri, format_mime, format_txt, srs_epsg, srs_txt, modified) VALUES ('350dd105-eb41-4f60-ada5-177049fcb906', 'http://www.catais.org/geodaten/ch/so/agi/av/dm01avch24d/itf/lv95/ch_lv95_246300.itf', 'text/x-interlis1', 'INTERLIS1', 2056, 'CH1903+/LV95', '2015-04-01 06:00:00');
INSERT INTO online_dataset (metadb_id, uri, format_mime, format_txt, srs_epsg, srs_txt, modified) VALUES ('350dd105-eb41-4f60-ada5-177049fcb906', 'http://www.catais.org/geodaten/ch/so/agi/av/geobau/dxf/2463.dxf', 'application/x-dxf', 'DXF-GEOBAU', 21781, 'CH1903/LV03', '2015-04-01 06:00:00');
INSERT INTO online_dataset (metadb_id, uri, format_mime, format_txt, srs_epsg, srs_txt, modified) VALUES ('350dd105-eb41-4f60-ada5-177049fcb906', 'http://www.catais.org/geodaten/ch/so/agi/av/mopublic/gpkg/lv03/d/2463.gpkg', 'application/x-sqlite3', 'GeoPackage', 21781, 'CH1903/LV03', '2015-04-01 06:00:00');
INSERT INTO metadb (identifier, namespace, title, abstract, metadata_link, "type", modified, canton, data_responsibility, x_min, y_min, x_max, y_max) VALUES ('84dc1569-d3bd-4784-b52c-7e29aa6df5ba', 'http://www.geo.so.ch', 'Amtliche Vermessung - Gemeinde Lüsslingen-Nennigkofen (2464)', 'Amtliche Vermessung der Gemeinde Lüsslingen-Nennigkofen (2464)', 'http://www.geocat.ch/geonetwork/srv/ger/csw?service=CSW&amp;version=2.0.2&amp;request=GetRecordById&amp;elementSetName=full&amp;outputFormat=application/xml&amp;outputSchema=IsoRecord&amp;id=ab7a03e2-4bdd-4a49-bd92-4b0028bfcd51', 100, '2015-04-01 06:00:00', 'so', 'agi', 7.47085491934, 47.1711296752, 7.51475960985, 47.2045648857);
INSERT INTO metadb_relation (metadb_id_parent, metadb_id_child) VALUES ('3d69c24a-3bc0-42fc-a4f1-3aef480fc5b9', '84dc1569-d3bd-4784-b52c-7e29aa6df5ba');
INSERT INTO online_dataset (metadb_id, uri, format_mime, format_txt, srs_epsg, srs_txt, modified) VALUES ('84dc1569-d3bd-4784-b52c-7e29aa6df5ba', 'http://www.catais.org/geodaten/ch/so/agi/av/dm01avch24d/itf/lv03/ch_246400.itf', 'text/x-interlis1', 'INTERLIS1', 21781, 'CH1903/LV03', '2015-04-01 06:00:00');
INSERT INTO online_dataset (metadb_id, uri, format_mime, format_txt, srs_epsg, srs_txt, modified) VALUES ('84dc1569-d3bd-4784-b52c-7e29aa6df5ba', 'http://www.catais.org/geodaten/ch/so/agi/av/dm01avch24d/itf/lv95/ch_lv95_246400.itf', 'text/x-interlis1', 'INTERLIS1', 2056, 'CH1903+/LV95', '2015-04-01 06:00:00');
INSERT INTO online_dataset (metadb_id, uri, format_mime, format_txt, srs_epsg, srs_txt, modified) VALUES ('84dc1569-d3bd-4784-b52c-7e29aa6df5ba', 'http://www.catais.org/geodaten/ch/so/agi/av/geobau/dxf/2464.dxf', 'application/x-dxf', 'DXF-GEOBAU', 21781, 'CH1903/LV03', '2015-04-01 06:00:00');
INSERT INTO online_dataset (metadb_id, uri, format_mime, format_txt, srs_epsg, srs_txt, modified) VALUES ('84dc1569-d3bd-4784-b52c-7e29aa6df5ba', 'http://www.catais.org/geodaten/ch/so/agi/av/mopublic/gpkg/lv03/d/2464.gpkg', 'application/x-sqlite3', 'GeoPackage', 21781, 'CH1903/LV03', '2015-04-01 06:00:00');
INSERT INTO metadb (identifier, namespace, title, abstract, metadata_link, "type", modified, canton, data_responsibility, x_min, y_min, x_max, y_max) VALUES ('b7e3a169-b8d4-4279-a4cc-271b3c687b90', 'http://www.geo.so.ch', 'Amtliche Vermessung - Gemeinde Buchegg (2465)', 'Amtliche Vermessung der Gemeinde Buchegg (2465)', 'http://www.geocat.ch/geonetwork/srv/ger/csw?service=CSW&amp;version=2.0.2&amp;request=GetRecordById&amp;elementSetName=full&amp;outputFormat=application/xml&amp;outputSchema=IsoRecord&amp;id=ab7a03e2-4bdd-4a49-bd92-4b0028bfcd51', 100, '2015-04-01 06:00:00', 'so', 'agi', 7.421792684, 47.1148882726, 7.5297512183, 47.158644406);
INSERT INTO metadb_relation (metadb_id_parent, metadb_id_child) VALUES ('3d69c24a-3bc0-42fc-a4f1-3aef480fc5b9', 'b7e3a169-b8d4-4279-a4cc-271b3c687b90');
INSERT INTO online_dataset (metadb_id, uri, format_mime, format_txt, srs_epsg, srs_txt, modified) VALUES ('b7e3a169-b8d4-4279-a4cc-271b3c687b90', 'http://www.catais.org/geodaten/ch/so/agi/av/dm01avch24d/itf/lv03/ch_246500.itf', 'text/x-interlis1', 'INTERLIS1', 21781, 'CH1903/LV03', '2015-04-01 06:00:00');
INSERT INTO online_dataset (metadb_id, uri, format_mime, format_txt, srs_epsg, srs_txt, modified) VALUES ('b7e3a169-b8d4-4279-a4cc-271b3c687b90', 'http://www.catais.org/geodaten/ch/so/agi/av/dm01avch24d/itf/lv95/ch_lv95_246500.itf', 'text/x-interlis1', 'INTERLIS1', 2056, 'CH1903+/LV95', '2015-04-01 06:00:00');
INSERT INTO online_dataset (metadb_id, uri, format_mime, format_txt, srs_epsg, srs_txt, modified) VALUES ('b7e3a169-b8d4-4279-a4cc-271b3c687b90', 'http://www.catais.org/geodaten/ch/so/agi/av/geobau/dxf/2465.dxf', 'application/x-dxf', 'DXF-GEOBAU', 21781, 'CH1903/LV03', '2015-04-01 06:00:00');
INSERT INTO online_dataset (metadb_id, uri, format_mime, format_txt, srs_epsg, srs_txt, modified) VALUES ('b7e3a169-b8d4-4279-a4cc-271b3c687b90', 'http://www.catais.org/geodaten/ch/so/agi/av/mopublic/gpkg/lv03/d/2465.gpkg', 'application/x-sqlite3', 'GeoPackage', 21781, 'CH1903/LV03', '2015-04-01 06:00:00');
INSERT INTO metadb (identifier, namespace, title, abstract, metadata_link, "type", modified, canton, data_responsibility, x_min, y_min, x_max, y_max) VALUES ('7a8ae16f-5c42-42c3-9454-e08c9d98aef0', 'http://www.geo.so.ch', 'Amtliche Vermessung - Gemeinde Bättwil (2471)', 'Amtliche Vermessung der Gemeinde Bättwil (2471)', 'http://www.geocat.ch/geonetwork/srv/ger/csw?service=CSW&amp;version=2.0.2&amp;request=GetRecordById&amp;elementSetName=full&amp;outputFormat=application/xml&amp;outputSchema=IsoRecord&amp;id=ab7a03e2-4bdd-4a49-bd92-4b0028bfcd51', 100, '2015-04-01 06:00:00', 'so', 'agi', 7.4980932681, 47.4833428701, 7.51906263417, 47.5026952665);
INSERT INTO metadb_relation (metadb_id_parent, metadb_id_child) VALUES ('3d69c24a-3bc0-42fc-a4f1-3aef480fc5b9', '7a8ae16f-5c42-42c3-9454-e08c9d98aef0');
INSERT INTO online_dataset (metadb_id, uri, format_mime, format_txt, srs_epsg, srs_txt, modified) VALUES ('7a8ae16f-5c42-42c3-9454-e08c9d98aef0', 'http://www.catais.org/geodaten/ch/so/agi/av/dm01avch24d/itf/lv03/ch_247100.itf', 'text/x-interlis1', 'INTERLIS1', 21781, 'CH1903/LV03', '2015-04-01 06:00:00');
INSERT INTO online_dataset (metadb_id, uri, format_mime, format_txt, srs_epsg, srs_txt, modified) VALUES ('7a8ae16f-5c42-42c3-9454-e08c9d98aef0', 'http://www.catais.org/geodaten/ch/so/agi/av/dm01avch24d/itf/lv95/ch_lv95_247100.itf', 'text/x-interlis1', 'INTERLIS1', 2056, 'CH1903+/LV95', '2015-04-01 06:00:00');
INSERT INTO online_dataset (metadb_id, uri, format_mime, format_txt, srs_epsg, srs_txt, modified) VALUES ('7a8ae16f-5c42-42c3-9454-e08c9d98aef0', 'http://www.catais.org/geodaten/ch/so/agi/av/geobau/dxf/2471.dxf', 'application/x-dxf', 'DXF-GEOBAU', 21781, 'CH1903/LV03', '2015-04-01 06:00:00');
INSERT INTO online_dataset (metadb_id, uri, format_mime, format_txt, srs_epsg, srs_txt, modified) VALUES ('7a8ae16f-5c42-42c3-9454-e08c9d98aef0', 'http://www.catais.org/geodaten/ch/so/agi/av/mopublic/gpkg/lv03/d/2471.gpkg', 'application/x-sqlite3', 'GeoPackage', 21781, 'CH1903/LV03', '2015-04-01 06:00:00');
INSERT INTO metadb (identifier, namespace, title, abstract, metadata_link, "type", modified, canton, data_responsibility, x_min, y_min, x_max, y_max) VALUES ('a7c10a27-7138-406e-9193-d0a57567b69a', 'http://www.geo.so.ch', 'Amtliche Vermessung - Gemeinde Büren (SO) (2472)', 'Amtliche Vermessung der Gemeinde Büren (SO) (2472)', 'http://www.geocat.ch/geonetwork/srv/ger/csw?service=CSW&amp;version=2.0.2&amp;request=GetRecordById&amp;elementSetName=full&amp;outputFormat=application/xml&amp;outputSchema=IsoRecord&amp;id=ab7a03e2-4bdd-4a49-bd92-4b0028bfcd51', 100, '2015-04-01 06:00:00', 'so', 'agi', 7.65165147318, 47.4286649735, 7.69112104742, 47.466756405);
INSERT INTO metadb_relation (metadb_id_parent, metadb_id_child) VALUES ('3d69c24a-3bc0-42fc-a4f1-3aef480fc5b9', 'a7c10a27-7138-406e-9193-d0a57567b69a');
INSERT INTO online_dataset (metadb_id, uri, format_mime, format_txt, srs_epsg, srs_txt, modified) VALUES ('a7c10a27-7138-406e-9193-d0a57567b69a', 'http://www.catais.org/geodaten/ch/so/agi/av/dm01avch24d/itf/lv03/ch_247200.itf', 'text/x-interlis1', 'INTERLIS1', 21781, 'CH1903/LV03', '2015-04-01 06:00:00');
INSERT INTO online_dataset (metadb_id, uri, format_mime, format_txt, srs_epsg, srs_txt, modified) VALUES ('a7c10a27-7138-406e-9193-d0a57567b69a', 'http://www.catais.org/geodaten/ch/so/agi/av/dm01avch24d/itf/lv95/ch_lv95_247200.itf', 'text/x-interlis1', 'INTERLIS1', 2056, 'CH1903+/LV95', '2015-04-01 06:00:00');
INSERT INTO online_dataset (metadb_id, uri, format_mime, format_txt, srs_epsg, srs_txt, modified) VALUES ('a7c10a27-7138-406e-9193-d0a57567b69a', 'http://www.catais.org/geodaten/ch/so/agi/av/geobau/dxf/2472.dxf', 'application/x-dxf', 'DXF-GEOBAU', 21781, 'CH1903/LV03', '2015-04-01 06:00:00');
INSERT INTO online_dataset (metadb_id, uri, format_mime, format_txt, srs_epsg, srs_txt, modified) VALUES ('a7c10a27-7138-406e-9193-d0a57567b69a', 'http://www.catais.org/geodaten/ch/so/agi/av/mopublic/gpkg/lv03/d/2472.gpkg', 'application/x-sqlite3', 'GeoPackage', 21781, 'CH1903/LV03', '2015-04-01 06:00:00');
INSERT INTO metadb (identifier, namespace, title, abstract, metadata_link, "type", modified, canton, data_responsibility, x_min, y_min, x_max, y_max) VALUES ('e27991a8-655d-47b9-b471-2ad91a4fb587', 'http://www.geo.so.ch', 'Amtliche Vermessung - Gemeinde Dornach (2473)', 'Amtliche Vermessung der Gemeinde Dornach (2473)', 'http://www.geocat.ch/geonetwork/srv/ger/csw?service=CSW&amp;version=2.0.2&amp;request=GetRecordById&amp;elementSetName=full&amp;outputFormat=application/xml&amp;outputSchema=IsoRecord&amp;id=ab7a03e2-4bdd-4a49-bd92-4b0028bfcd51', 100, '2015-04-01 06:00:00', 'so', 'agi', 7.60449540597, 47.4629133298, 7.64701372046, 47.4894040318);
INSERT INTO metadb_relation (metadb_id_parent, metadb_id_child) VALUES ('3d69c24a-3bc0-42fc-a4f1-3aef480fc5b9', 'e27991a8-655d-47b9-b471-2ad91a4fb587');
INSERT INTO online_dataset (metadb_id, uri, format_mime, format_txt, srs_epsg, srs_txt, modified) VALUES ('e27991a8-655d-47b9-b471-2ad91a4fb587', 'http://www.catais.org/geodaten/ch/so/agi/av/dm01avch24d/itf/lv03/ch_247300.itf', 'text/x-interlis1', 'INTERLIS1', 21781, 'CH1903/LV03', '2015-04-01 06:00:00');
INSERT INTO online_dataset (metadb_id, uri, format_mime, format_txt, srs_epsg, srs_txt, modified) VALUES ('e27991a8-655d-47b9-b471-2ad91a4fb587', 'http://www.catais.org/geodaten/ch/so/agi/av/dm01avch24d/itf/lv95/ch_lv95_247300.itf', 'text/x-interlis1', 'INTERLIS1', 2056, 'CH1903+/LV95', '2015-04-01 06:00:00');
INSERT INTO online_dataset (metadb_id, uri, format_mime, format_txt, srs_epsg, srs_txt, modified) VALUES ('e27991a8-655d-47b9-b471-2ad91a4fb587', 'http://www.catais.org/geodaten/ch/so/agi/av/geobau/dxf/2473.dxf', 'application/x-dxf', 'DXF-GEOBAU', 21781, 'CH1903/LV03', '2015-04-01 06:00:00');
INSERT INTO online_dataset (metadb_id, uri, format_mime, format_txt, srs_epsg, srs_txt, modified) VALUES ('e27991a8-655d-47b9-b471-2ad91a4fb587', 'http://www.catais.org/geodaten/ch/so/agi/av/mopublic/gpkg/lv03/d/2473.gpkg', 'application/x-sqlite3', 'GeoPackage', 21781, 'CH1903/LV03', '2015-04-01 06:00:00');
INSERT INTO metadb (identifier, namespace, title, abstract, metadata_link, "type", modified, canton, data_responsibility, x_min, y_min, x_max, y_max) VALUES ('cd00bd3b-f9d0-4f9a-84ae-7802ff1651a3', 'http://www.geo.so.ch', 'Amtliche Vermessung - Gemeinde Gempen (2474)', 'Amtliche Vermessung der Gemeinde Gempen (2474)', 'http://www.geocat.ch/geonetwork/srv/ger/csw?service=CSW&amp;version=2.0.2&amp;request=GetRecordById&amp;elementSetName=full&amp;outputFormat=application/xml&amp;outputSchema=IsoRecord&amp;id=ab7a03e2-4bdd-4a49-bd92-4b0028bfcd51', 100, '2015-04-01 06:00:00', 'so', 'agi', 7.64081414396, 47.4645946472, 7.68228569847, 47.4968675687);
INSERT INTO metadb_relation (metadb_id_parent, metadb_id_child) VALUES ('3d69c24a-3bc0-42fc-a4f1-3aef480fc5b9', 'cd00bd3b-f9d0-4f9a-84ae-7802ff1651a3');
INSERT INTO online_dataset (metadb_id, uri, format_mime, format_txt, srs_epsg, srs_txt, modified) VALUES ('cd00bd3b-f9d0-4f9a-84ae-7802ff1651a3', 'http://www.catais.org/geodaten/ch/so/agi/av/dm01avch24d/itf/lv03/ch_247400.itf', 'text/x-interlis1', 'INTERLIS1', 21781, 'CH1903/LV03', '2015-04-01 06:00:00');
INSERT INTO online_dataset (metadb_id, uri, format_mime, format_txt, srs_epsg, srs_txt, modified) VALUES ('cd00bd3b-f9d0-4f9a-84ae-7802ff1651a3', 'http://www.catais.org/geodaten/ch/so/agi/av/dm01avch24d/itf/lv95/ch_lv95_247400.itf', 'text/x-interlis1', 'INTERLIS1', 2056, 'CH1903+/LV95', '2015-04-01 06:00:00');
INSERT INTO online_dataset (metadb_id, uri, format_mime, format_txt, srs_epsg, srs_txt, modified) VALUES ('cd00bd3b-f9d0-4f9a-84ae-7802ff1651a3', 'http://www.catais.org/geodaten/ch/so/agi/av/geobau/dxf/2474.dxf', 'application/x-dxf', 'DXF-GEOBAU', 21781, 'CH1903/LV03', '2015-04-01 06:00:00');
INSERT INTO online_dataset (metadb_id, uri, format_mime, format_txt, srs_epsg, srs_txt, modified) VALUES ('cd00bd3b-f9d0-4f9a-84ae-7802ff1651a3', 'http://www.catais.org/geodaten/ch/so/agi/av/mopublic/gpkg/lv03/d/2474.gpkg', 'application/x-sqlite3', 'GeoPackage', 21781, 'CH1903/LV03', '2015-04-01 06:00:00');
INSERT INTO metadb (identifier, namespace, title, abstract, metadata_link, "type", modified, canton, data_responsibility, x_min, y_min, x_max, y_max) VALUES ('0f89a9cf-2b63-4c90-b729-d54ea545bc0c', 'http://www.geo.so.ch', 'Amtliche Vermessung - Gemeinde Hochwald (2475)', 'Amtliche Vermessung der Gemeinde Hochwald (2475)', 'http://www.geocat.ch/geonetwork/srv/ger/csw?service=CSW&amp;version=2.0.2&amp;request=GetRecordById&amp;elementSetName=full&amp;outputFormat=application/xml&amp;outputSchema=IsoRecord&amp;id=ab7a03e2-4bdd-4a49-bd92-4b0028bfcd51', 100, '2015-04-01 06:00:00', 'so', 'agi', 7.61526246002, 47.4375691413, 7.67091264701, 47.4702298264);
INSERT INTO metadb_relation (metadb_id_parent, metadb_id_child) VALUES ('3d69c24a-3bc0-42fc-a4f1-3aef480fc5b9', '0f89a9cf-2b63-4c90-b729-d54ea545bc0c');
INSERT INTO online_dataset (metadb_id, uri, format_mime, format_txt, srs_epsg, srs_txt, modified) VALUES ('0f89a9cf-2b63-4c90-b729-d54ea545bc0c', 'http://www.catais.org/geodaten/ch/so/agi/av/dm01avch24d/itf/lv03/ch_247500.itf', 'text/x-interlis1', 'INTERLIS1', 21781, 'CH1903/LV03', '2015-04-01 06:00:00');
INSERT INTO online_dataset (metadb_id, uri, format_mime, format_txt, srs_epsg, srs_txt, modified) VALUES ('0f89a9cf-2b63-4c90-b729-d54ea545bc0c', 'http://www.catais.org/geodaten/ch/so/agi/av/dm01avch24d/itf/lv95/ch_lv95_247500.itf', 'text/x-interlis1', 'INTERLIS1', 2056, 'CH1903+/LV95', '2015-04-01 06:00:00');
INSERT INTO online_dataset (metadb_id, uri, format_mime, format_txt, srs_epsg, srs_txt, modified) VALUES ('0f89a9cf-2b63-4c90-b729-d54ea545bc0c', 'http://www.catais.org/geodaten/ch/so/agi/av/geobau/dxf/2475.dxf', 'application/x-dxf', 'DXF-GEOBAU', 21781, 'CH1903/LV03', '2015-04-01 06:00:00');
INSERT INTO online_dataset (metadb_id, uri, format_mime, format_txt, srs_epsg, srs_txt, modified) VALUES ('0f89a9cf-2b63-4c90-b729-d54ea545bc0c', 'http://www.catais.org/geodaten/ch/so/agi/av/mopublic/gpkg/lv03/d/2475.gpkg', 'application/x-sqlite3', 'GeoPackage', 21781, 'CH1903/LV03', '2015-04-01 06:00:00');
INSERT INTO metadb (identifier, namespace, title, abstract, metadata_link, "type", modified, canton, data_responsibility, x_min, y_min, x_max, y_max) VALUES ('7028139a-c685-47c3-84f5-02103290a709', 'http://www.geo.so.ch', 'Amtliche Vermessung - Gemeinde Hofstetten-Flüh (2476)', 'Amtliche Vermessung der Gemeinde Hofstetten-Flüh (2476)', 'http://www.geocat.ch/geonetwork/srv/ger/csw?service=CSW&amp;version=2.0.2&amp;request=GetRecordById&amp;elementSetName=full&amp;outputFormat=application/xml&amp;outputSchema=IsoRecord&amp;id=ab7a03e2-4bdd-4a49-bd92-4b0028bfcd51', 100, '2015-04-01 06:00:00', 'so', 'agi', 7.48690149128, 47.4586394207, 7.53067950823, 47.4889805419);
INSERT INTO metadb_relation (metadb_id_parent, metadb_id_child) VALUES ('3d69c24a-3bc0-42fc-a4f1-3aef480fc5b9', '7028139a-c685-47c3-84f5-02103290a709');
INSERT INTO online_dataset (metadb_id, uri, format_mime, format_txt, srs_epsg, srs_txt, modified) VALUES ('7028139a-c685-47c3-84f5-02103290a709', 'http://www.catais.org/geodaten/ch/so/agi/av/dm01avch24d/itf/lv03/ch_247600.itf', 'text/x-interlis1', 'INTERLIS1', 21781, 'CH1903/LV03', '2015-04-01 06:00:00');
INSERT INTO online_dataset (metadb_id, uri, format_mime, format_txt, srs_epsg, srs_txt, modified) VALUES ('7028139a-c685-47c3-84f5-02103290a709', 'http://www.catais.org/geodaten/ch/so/agi/av/dm01avch24d/itf/lv95/ch_lv95_247600.itf', 'text/x-interlis1', 'INTERLIS1', 2056, 'CH1903+/LV95', '2015-04-01 06:00:00');
INSERT INTO online_dataset (metadb_id, uri, format_mime, format_txt, srs_epsg, srs_txt, modified) VALUES ('7028139a-c685-47c3-84f5-02103290a709', 'http://www.catais.org/geodaten/ch/so/agi/av/geobau/dxf/2476.dxf', 'application/x-dxf', 'DXF-GEOBAU', 21781, 'CH1903/LV03', '2015-04-01 06:00:00');
INSERT INTO online_dataset (metadb_id, uri, format_mime, format_txt, srs_epsg, srs_txt, modified) VALUES ('7028139a-c685-47c3-84f5-02103290a709', 'http://www.catais.org/geodaten/ch/so/agi/av/mopublic/gpkg/lv03/d/2476.gpkg', 'application/x-sqlite3', 'GeoPackage', 21781, 'CH1903/LV03', '2015-04-01 06:00:00');
INSERT INTO metadb (identifier, namespace, title, abstract, metadata_link, "type", modified, canton, data_responsibility, x_min, y_min, x_max, y_max) VALUES ('25ef7d0c-ab99-4b81-8b00-b96072a093d4', 'http://www.geo.so.ch', 'Amtliche Vermessung - Gemeinde Metzerlen-Mariastein (2477)', 'Amtliche Vermessung der Gemeinde Metzerlen-Mariastein (2477)', 'http://www.geocat.ch/geonetwork/srv/ger/csw?service=CSW&amp;version=2.0.2&amp;request=GetRecordById&amp;elementSetName=full&amp;outputFormat=application/xml&amp;outputSchema=IsoRecord&amp;id=ab7a03e2-4bdd-4a49-bd92-4b0028bfcd51', 100, '2015-04-01 06:00:00', 'so', 'agi', 7.44521448667, 47.4492299944, 7.49514211816, 47.4821586698);
INSERT INTO metadb_relation (metadb_id_parent, metadb_id_child) VALUES ('3d69c24a-3bc0-42fc-a4f1-3aef480fc5b9', '25ef7d0c-ab99-4b81-8b00-b96072a093d4');
INSERT INTO online_dataset (metadb_id, uri, format_mime, format_txt, srs_epsg, srs_txt, modified) VALUES ('25ef7d0c-ab99-4b81-8b00-b96072a093d4', 'http://www.catais.org/geodaten/ch/so/agi/av/dm01avch24d/itf/lv03/ch_247700.itf', 'text/x-interlis1', 'INTERLIS1', 21781, 'CH1903/LV03', '2015-04-01 06:00:00');
INSERT INTO online_dataset (metadb_id, uri, format_mime, format_txt, srs_epsg, srs_txt, modified) VALUES ('25ef7d0c-ab99-4b81-8b00-b96072a093d4', 'http://www.catais.org/geodaten/ch/so/agi/av/dm01avch24d/itf/lv95/ch_lv95_247700.itf', 'text/x-interlis1', 'INTERLIS1', 2056, 'CH1903+/LV95', '2015-04-01 06:00:00');
INSERT INTO online_dataset (metadb_id, uri, format_mime, format_txt, srs_epsg, srs_txt, modified) VALUES ('25ef7d0c-ab99-4b81-8b00-b96072a093d4', 'http://www.catais.org/geodaten/ch/so/agi/av/geobau/dxf/2477.dxf', 'application/x-dxf', 'DXF-GEOBAU', 21781, 'CH1903/LV03', '2015-04-01 06:00:00');
INSERT INTO online_dataset (metadb_id, uri, format_mime, format_txt, srs_epsg, srs_txt, modified) VALUES ('25ef7d0c-ab99-4b81-8b00-b96072a093d4', 'http://www.catais.org/geodaten/ch/so/agi/av/mopublic/gpkg/lv03/d/2477.gpkg', 'application/x-sqlite3', 'GeoPackage', 21781, 'CH1903/LV03', '2015-04-01 06:00:00');
INSERT INTO metadb (identifier, namespace, title, abstract, metadata_link, "type", modified, canton, data_responsibility, x_min, y_min, x_max, y_max) VALUES ('476f1ac0-ce84-4d77-8391-9519c758bf7a', 'http://www.geo.so.ch', 'Amtliche Vermessung - Gemeinde Nuglar-St. Pantaleon (2478)', 'Amtliche Vermessung der Gemeinde Nuglar-St. Pantaleon (2478)', 'http://www.geocat.ch/geonetwork/srv/ger/csw?service=CSW&amp;version=2.0.2&amp;request=GetRecordById&amp;elementSetName=full&amp;outputFormat=application/xml&amp;outputSchema=IsoRecord&amp;id=ab7a03e2-4bdd-4a49-bd92-4b0028bfcd51', 100, '2015-04-01 06:00:00', 'so', 'agi', 7.66655284852, 47.4527733273, 7.70987412085, 47.4862406917);
INSERT INTO metadb_relation (metadb_id_parent, metadb_id_child) VALUES ('3d69c24a-3bc0-42fc-a4f1-3aef480fc5b9', '476f1ac0-ce84-4d77-8391-9519c758bf7a');
INSERT INTO online_dataset (metadb_id, uri, format_mime, format_txt, srs_epsg, srs_txt, modified) VALUES ('476f1ac0-ce84-4d77-8391-9519c758bf7a', 'http://www.catais.org/geodaten/ch/so/agi/av/dm01avch24d/itf/lv03/ch_247800.itf', 'text/x-interlis1', 'INTERLIS1', 21781, 'CH1903/LV03', '2015-04-01 06:00:00');
INSERT INTO online_dataset (metadb_id, uri, format_mime, format_txt, srs_epsg, srs_txt, modified) VALUES ('476f1ac0-ce84-4d77-8391-9519c758bf7a', 'http://www.catais.org/geodaten/ch/so/agi/av/dm01avch24d/itf/lv95/ch_lv95_247800.itf', 'text/x-interlis1', 'INTERLIS1', 2056, 'CH1903+/LV95', '2015-04-01 06:00:00');
INSERT INTO online_dataset (metadb_id, uri, format_mime, format_txt, srs_epsg, srs_txt, modified) VALUES ('476f1ac0-ce84-4d77-8391-9519c758bf7a', 'http://www.catais.org/geodaten/ch/so/agi/av/geobau/dxf/2478.dxf', 'application/x-dxf', 'DXF-GEOBAU', 21781, 'CH1903/LV03', '2015-04-01 06:00:00');
INSERT INTO online_dataset (metadb_id, uri, format_mime, format_txt, srs_epsg, srs_txt, modified) VALUES ('476f1ac0-ce84-4d77-8391-9519c758bf7a', 'http://www.catais.org/geodaten/ch/so/agi/av/mopublic/gpkg/lv03/d/2478.gpkg', 'application/x-sqlite3', 'GeoPackage', 21781, 'CH1903/LV03', '2015-04-01 06:00:00');
INSERT INTO metadb (identifier, namespace, title, abstract, metadata_link, "type", modified, canton, data_responsibility, x_min, y_min, x_max, y_max) VALUES ('df8204f0-6bd5-439b-806c-0b57a04297ed', 'http://www.geo.so.ch', 'Amtliche Vermessung - Gemeinde Rodersdorf (2479)', 'Amtliche Vermessung der Gemeinde Rodersdorf (2479)', 'http://www.geocat.ch/geonetwork/srv/ger/csw?service=CSW&amp;version=2.0.2&amp;request=GetRecordById&amp;elementSetName=full&amp;outputFormat=application/xml&amp;outputSchema=IsoRecord&amp;id=ab7a03e2-4bdd-4a49-bd92-4b0028bfcd51', 100, '2015-04-01 06:00:00', 'so', 'agi', 7.42081646195, 47.4707001405, 7.47075880262, 47.4981005094);
INSERT INTO metadb_relation (metadb_id_parent, metadb_id_child) VALUES ('3d69c24a-3bc0-42fc-a4f1-3aef480fc5b9', 'df8204f0-6bd5-439b-806c-0b57a04297ed');
INSERT INTO online_dataset (metadb_id, uri, format_mime, format_txt, srs_epsg, srs_txt, modified) VALUES ('df8204f0-6bd5-439b-806c-0b57a04297ed', 'http://www.catais.org/geodaten/ch/so/agi/av/dm01avch24d/itf/lv03/ch_247900.itf', 'text/x-interlis1', 'INTERLIS1', 21781, 'CH1903/LV03', '2015-04-01 06:00:00');
INSERT INTO online_dataset (metadb_id, uri, format_mime, format_txt, srs_epsg, srs_txt, modified) VALUES ('df8204f0-6bd5-439b-806c-0b57a04297ed', 'http://www.catais.org/geodaten/ch/so/agi/av/dm01avch24d/itf/lv95/ch_lv95_247900.itf', 'text/x-interlis1', 'INTERLIS1', 2056, 'CH1903+/LV95', '2015-04-01 06:00:00');
INSERT INTO online_dataset (metadb_id, uri, format_mime, format_txt, srs_epsg, srs_txt, modified) VALUES ('df8204f0-6bd5-439b-806c-0b57a04297ed', 'http://www.catais.org/geodaten/ch/so/agi/av/geobau/dxf/2479.dxf', 'application/x-dxf', 'DXF-GEOBAU', 21781, 'CH1903/LV03', '2015-04-01 06:00:00');
INSERT INTO online_dataset (metadb_id, uri, format_mime, format_txt, srs_epsg, srs_txt, modified) VALUES ('df8204f0-6bd5-439b-806c-0b57a04297ed', 'http://www.catais.org/geodaten/ch/so/agi/av/mopublic/gpkg/lv03/d/2479.gpkg', 'application/x-sqlite3', 'GeoPackage', 21781, 'CH1903/LV03', '2015-04-01 06:00:00');
INSERT INTO metadb (identifier, namespace, title, abstract, metadata_link, "type", modified, canton, data_responsibility, x_min, y_min, x_max, y_max) VALUES ('fe8eb832-c125-405e-be32-841336682722', 'http://www.geo.so.ch', 'Amtliche Vermessung - Gemeinde Seewen (2480)', 'Amtliche Vermessung der Gemeinde Seewen (2480)', 'http://www.geocat.ch/geonetwork/srv/ger/csw?service=CSW&amp;version=2.0.2&amp;request=GetRecordById&amp;elementSetName=full&amp;outputFormat=application/xml&amp;outputSchema=IsoRecord&amp;id=ab7a03e2-4bdd-4a49-bd92-4b0028bfcd51', 100, '2015-04-01 06:00:00', 'so', 'agi', 7.59998441719, 47.4090747764, 7.6846904421, 47.4471287551);
INSERT INTO metadb_relation (metadb_id_parent, metadb_id_child) VALUES ('3d69c24a-3bc0-42fc-a4f1-3aef480fc5b9', 'fe8eb832-c125-405e-be32-841336682722');
INSERT INTO online_dataset (metadb_id, uri, format_mime, format_txt, srs_epsg, srs_txt, modified) VALUES ('fe8eb832-c125-405e-be32-841336682722', 'http://www.catais.org/geodaten/ch/so/agi/av/dm01avch24d/itf/lv03/ch_248000.itf', 'text/x-interlis1', 'INTERLIS1', 21781, 'CH1903/LV03', '2015-04-01 06:00:00');
INSERT INTO online_dataset (metadb_id, uri, format_mime, format_txt, srs_epsg, srs_txt, modified) VALUES ('fe8eb832-c125-405e-be32-841336682722', 'http://www.catais.org/geodaten/ch/so/agi/av/dm01avch24d/itf/lv95/ch_lv95_248000.itf', 'text/x-interlis1', 'INTERLIS1', 2056, 'CH1903+/LV95', '2015-04-01 06:00:00');
INSERT INTO online_dataset (metadb_id, uri, format_mime, format_txt, srs_epsg, srs_txt, modified) VALUES ('fe8eb832-c125-405e-be32-841336682722', 'http://www.catais.org/geodaten/ch/so/agi/av/geobau/dxf/2480.dxf', 'application/x-dxf', 'DXF-GEOBAU', 21781, 'CH1903/LV03', '2015-04-01 06:00:00');
INSERT INTO online_dataset (metadb_id, uri, format_mime, format_txt, srs_epsg, srs_txt, modified) VALUES ('fe8eb832-c125-405e-be32-841336682722', 'http://www.catais.org/geodaten/ch/so/agi/av/mopublic/gpkg/lv03/d/2480.gpkg', 'application/x-sqlite3', 'GeoPackage', 21781, 'CH1903/LV03', '2015-04-01 06:00:00');
INSERT INTO metadb (identifier, namespace, title, abstract, metadata_link, "type", modified, canton, data_responsibility, x_min, y_min, x_max, y_max) VALUES ('999142c5-c4a9-4ef7-9004-098fa372b5fd', 'http://www.geo.so.ch', 'Amtliche Vermessung - Gemeinde Witterswil (2481)', 'Amtliche Vermessung der Gemeinde Witterswil (2481)', 'http://www.geocat.ch/geonetwork/srv/ger/csw?service=CSW&amp;version=2.0.2&amp;request=GetRecordById&amp;elementSetName=full&amp;outputFormat=application/xml&amp;outputSchema=IsoRecord&amp;id=ab7a03e2-4bdd-4a49-bd92-4b0028bfcd51', 100, '2015-04-01 06:00:00', 'so', 'agi', 7.51449005374, 47.4779519724, 7.53669684003, 47.4973983214);
INSERT INTO metadb_relation (metadb_id_parent, metadb_id_child) VALUES ('3d69c24a-3bc0-42fc-a4f1-3aef480fc5b9', '999142c5-c4a9-4ef7-9004-098fa372b5fd');
INSERT INTO online_dataset (metadb_id, uri, format_mime, format_txt, srs_epsg, srs_txt, modified) VALUES ('999142c5-c4a9-4ef7-9004-098fa372b5fd', 'http://www.catais.org/geodaten/ch/so/agi/av/dm01avch24d/itf/lv03/ch_248100.itf', 'text/x-interlis1', 'INTERLIS1', 21781, 'CH1903/LV03', '2015-04-01 06:00:00');
INSERT INTO online_dataset (metadb_id, uri, format_mime, format_txt, srs_epsg, srs_txt, modified) VALUES ('999142c5-c4a9-4ef7-9004-098fa372b5fd', 'http://www.catais.org/geodaten/ch/so/agi/av/dm01avch24d/itf/lv95/ch_lv95_248100.itf', 'text/x-interlis1', 'INTERLIS1', 2056, 'CH1903+/LV95', '2015-04-01 06:00:00');
INSERT INTO online_dataset (metadb_id, uri, format_mime, format_txt, srs_epsg, srs_txt, modified) VALUES ('999142c5-c4a9-4ef7-9004-098fa372b5fd', 'http://www.catais.org/geodaten/ch/so/agi/av/geobau/dxf/2481.dxf', 'application/x-dxf', 'DXF-GEOBAU', 21781, 'CH1903/LV03', '2015-04-01 06:00:00');
INSERT INTO online_dataset (metadb_id, uri, format_mime, format_txt, srs_epsg, srs_txt, modified) VALUES ('999142c5-c4a9-4ef7-9004-098fa372b5fd', 'http://www.catais.org/geodaten/ch/so/agi/av/mopublic/gpkg/lv03/d/2481.gpkg', 'application/x-sqlite3', 'GeoPackage', 21781, 'CH1903/LV03', '2015-04-01 06:00:00');
INSERT INTO metadb (identifier, namespace, title, abstract, metadata_link, "type", modified, canton, data_responsibility, x_min, y_min, x_max, y_max) VALUES ('c79d49f3-dbd5-4a40-9a8b-14f29de93f76', 'http://www.geo.so.ch', 'Amtliche Vermessung - Gemeinde Hauenstein-Ifenthal (2491)', 'Amtliche Vermessung der Gemeinde Hauenstein-Ifenthal (2491)', 'http://www.geocat.ch/geonetwork/srv/ger/csw?service=CSW&amp;version=2.0.2&amp;request=GetRecordById&amp;elementSetName=full&amp;outputFormat=application/xml&amp;outputSchema=IsoRecord&amp;id=ab7a03e2-4bdd-4a49-bd92-4b0028bfcd51', 100, '2015-04-01 06:00:00', 'so', 'agi', 7.83362561713, 47.3590690754, 7.88034988294, 47.384473422);
INSERT INTO metadb_relation (metadb_id_parent, metadb_id_child) VALUES ('3d69c24a-3bc0-42fc-a4f1-3aef480fc5b9', 'c79d49f3-dbd5-4a40-9a8b-14f29de93f76');
INSERT INTO online_dataset (metadb_id, uri, format_mime, format_txt, srs_epsg, srs_txt, modified) VALUES ('c79d49f3-dbd5-4a40-9a8b-14f29de93f76', 'http://www.catais.org/geodaten/ch/so/agi/av/dm01avch24d/itf/lv03/ch_249100.itf', 'text/x-interlis1', 'INTERLIS1', 21781, 'CH1903/LV03', '2015-04-01 06:00:00');
INSERT INTO online_dataset (metadb_id, uri, format_mime, format_txt, srs_epsg, srs_txt, modified) VALUES ('c79d49f3-dbd5-4a40-9a8b-14f29de93f76', 'http://www.catais.org/geodaten/ch/so/agi/av/dm01avch24d/itf/lv95/ch_lv95_249100.itf', 'text/x-interlis1', 'INTERLIS1', 2056, 'CH1903+/LV95', '2015-04-01 06:00:00');
INSERT INTO online_dataset (metadb_id, uri, format_mime, format_txt, srs_epsg, srs_txt, modified) VALUES ('c79d49f3-dbd5-4a40-9a8b-14f29de93f76', 'http://www.catais.org/geodaten/ch/so/agi/av/geobau/dxf/2491.dxf', 'application/x-dxf', 'DXF-GEOBAU', 21781, 'CH1903/LV03', '2015-04-01 06:00:00');
INSERT INTO online_dataset (metadb_id, uri, format_mime, format_txt, srs_epsg, srs_txt, modified) VALUES ('c79d49f3-dbd5-4a40-9a8b-14f29de93f76', 'http://www.catais.org/geodaten/ch/so/agi/av/mopublic/gpkg/lv03/d/2491.gpkg', 'application/x-sqlite3', 'GeoPackage', 21781, 'CH1903/LV03', '2015-04-01 06:00:00');
INSERT INTO metadb (identifier, namespace, title, abstract, metadata_link, "type", modified, canton, data_responsibility, x_min, y_min, x_max, y_max) VALUES ('b61a26e3-839e-4d0b-9fdf-3eee29c1ad9b', 'http://www.geo.so.ch', 'Amtliche Vermessung - Gemeinde Kienberg (2492)', 'Amtliche Vermessung der Gemeinde Kienberg (2492)', 'http://www.geocat.ch/geonetwork/srv/ger/csw?service=CSW&amp;version=2.0.2&amp;request=GetRecordById&amp;elementSetName=full&amp;outputFormat=application/xml&amp;outputSchema=IsoRecord&amp;id=ab7a03e2-4bdd-4a49-bd92-4b0028bfcd51', 100, '2015-04-01 06:00:00', 'so', 'agi', 7.94678503832, 47.4218336075, 7.9872711142, 47.4628075719);
INSERT INTO metadb_relation (metadb_id_parent, metadb_id_child) VALUES ('3d69c24a-3bc0-42fc-a4f1-3aef480fc5b9', 'b61a26e3-839e-4d0b-9fdf-3eee29c1ad9b');
INSERT INTO online_dataset (metadb_id, uri, format_mime, format_txt, srs_epsg, srs_txt, modified) VALUES ('b61a26e3-839e-4d0b-9fdf-3eee29c1ad9b', 'http://www.catais.org/geodaten/ch/so/agi/av/dm01avch24d/itf/lv03/ch_249200.itf', 'text/x-interlis1', 'INTERLIS1', 21781, 'CH1903/LV03', '2015-04-01 06:00:00');
INSERT INTO online_dataset (metadb_id, uri, format_mime, format_txt, srs_epsg, srs_txt, modified) VALUES ('b61a26e3-839e-4d0b-9fdf-3eee29c1ad9b', 'http://www.catais.org/geodaten/ch/so/agi/av/dm01avch24d/itf/lv95/ch_lv95_249200.itf', 'text/x-interlis1', 'INTERLIS1', 2056, 'CH1903+/LV95', '2015-04-01 06:00:00');
INSERT INTO online_dataset (metadb_id, uri, format_mime, format_txt, srs_epsg, srs_txt, modified) VALUES ('b61a26e3-839e-4d0b-9fdf-3eee29c1ad9b', 'http://www.catais.org/geodaten/ch/so/agi/av/geobau/dxf/2492.dxf', 'application/x-dxf', 'DXF-GEOBAU', 21781, 'CH1903/LV03', '2015-04-01 06:00:00');
INSERT INTO online_dataset (metadb_id, uri, format_mime, format_txt, srs_epsg, srs_txt, modified) VALUES ('b61a26e3-839e-4d0b-9fdf-3eee29c1ad9b', 'http://www.catais.org/geodaten/ch/so/agi/av/mopublic/gpkg/lv03/d/2492.gpkg', 'application/x-sqlite3', 'GeoPackage', 21781, 'CH1903/LV03', '2015-04-01 06:00:00');
INSERT INTO metadb (identifier, namespace, title, abstract, metadata_link, "type", modified, canton, data_responsibility, x_min, y_min, x_max, y_max) VALUES ('86ffa28b-7b9d-445c-8776-d44274961a64', 'http://www.geo.so.ch', 'Amtliche Vermessung - Gemeinde Lostorf (2493)', 'Amtliche Vermessung der Gemeinde Lostorf (2493)', 'http://www.geocat.ch/geonetwork/srv/ger/csw?service=CSW&amp;version=2.0.2&amp;request=GetRecordById&amp;elementSetName=full&amp;outputFormat=application/xml&amp;outputSchema=IsoRecord&amp;id=ab7a03e2-4bdd-4a49-bd92-4b0028bfcd51', 100, '2015-04-01 06:00:00', 'so', 'agi', 7.89345630592, 47.370867111, 7.97132678272, 47.4081563499);
INSERT INTO metadb_relation (metadb_id_parent, metadb_id_child) VALUES ('3d69c24a-3bc0-42fc-a4f1-3aef480fc5b9', '86ffa28b-7b9d-445c-8776-d44274961a64');
INSERT INTO online_dataset (metadb_id, uri, format_mime, format_txt, srs_epsg, srs_txt, modified) VALUES ('86ffa28b-7b9d-445c-8776-d44274961a64', 'http://www.catais.org/geodaten/ch/so/agi/av/dm01avch24d/itf/lv03/ch_249300.itf', 'text/x-interlis1', 'INTERLIS1', 21781, 'CH1903/LV03', '2015-04-01 06:00:00');
INSERT INTO online_dataset (metadb_id, uri, format_mime, format_txt, srs_epsg, srs_txt, modified) VALUES ('86ffa28b-7b9d-445c-8776-d44274961a64', 'http://www.catais.org/geodaten/ch/so/agi/av/dm01avch24d/itf/lv95/ch_lv95_249300.itf', 'text/x-interlis1', 'INTERLIS1', 2056, 'CH1903+/LV95', '2015-04-01 06:00:00');
INSERT INTO online_dataset (metadb_id, uri, format_mime, format_txt, srs_epsg, srs_txt, modified) VALUES ('86ffa28b-7b9d-445c-8776-d44274961a64', 'http://www.catais.org/geodaten/ch/so/agi/av/geobau/dxf/2493.dxf', 'application/x-dxf', 'DXF-GEOBAU', 21781, 'CH1903/LV03', '2015-04-01 06:00:00');
INSERT INTO online_dataset (metadb_id, uri, format_mime, format_txt, srs_epsg, srs_txt, modified) VALUES ('86ffa28b-7b9d-445c-8776-d44274961a64', 'http://www.catais.org/geodaten/ch/so/agi/av/mopublic/gpkg/lv03/d/2493.gpkg', 'application/x-sqlite3', 'GeoPackage', 21781, 'CH1903/LV03', '2015-04-01 06:00:00');
INSERT INTO metadb (identifier, namespace, title, abstract, metadata_link, "type", modified, canton, data_responsibility, x_min, y_min, x_max, y_max) VALUES ('461fa08a-6ba2-4807-a8f3-11a4a41cdda2', 'http://www.geo.so.ch', 'Amtliche Vermessung - Gemeinde Niedergösgen (2495)', 'Amtliche Vermessung der Gemeinde Niedergösgen (2495)', 'http://www.geocat.ch/geonetwork/srv/ger/csw?service=CSW&amp;version=2.0.2&amp;request=GetRecordById&amp;elementSetName=full&amp;outputFormat=application/xml&amp;outputSchema=IsoRecord&amp;id=ab7a03e2-4bdd-4a49-bd92-4b0028bfcd51', 100, '2015-04-01 06:00:00', 'so', 'agi', 7.96518647879, 47.3625744524, 8.00081165416, 47.3874698755);
INSERT INTO metadb_relation (metadb_id_parent, metadb_id_child) VALUES ('3d69c24a-3bc0-42fc-a4f1-3aef480fc5b9', '461fa08a-6ba2-4807-a8f3-11a4a41cdda2');
INSERT INTO online_dataset (metadb_id, uri, format_mime, format_txt, srs_epsg, srs_txt, modified) VALUES ('461fa08a-6ba2-4807-a8f3-11a4a41cdda2', 'http://www.catais.org/geodaten/ch/so/agi/av/dm01avch24d/itf/lv03/ch_249500.itf', 'text/x-interlis1', 'INTERLIS1', 21781, 'CH1903/LV03', '2015-04-01 06:00:00');
INSERT INTO online_dataset (metadb_id, uri, format_mime, format_txt, srs_epsg, srs_txt, modified) VALUES ('461fa08a-6ba2-4807-a8f3-11a4a41cdda2', 'http://www.catais.org/geodaten/ch/so/agi/av/dm01avch24d/itf/lv95/ch_lv95_249500.itf', 'text/x-interlis1', 'INTERLIS1', 2056, 'CH1903+/LV95', '2015-04-01 06:00:00');
INSERT INTO online_dataset (metadb_id, uri, format_mime, format_txt, srs_epsg, srs_txt, modified) VALUES ('461fa08a-6ba2-4807-a8f3-11a4a41cdda2', 'http://www.catais.org/geodaten/ch/so/agi/av/geobau/dxf/2495.dxf', 'application/x-dxf', 'DXF-GEOBAU', 21781, 'CH1903/LV03', '2015-04-01 06:00:00');
INSERT INTO online_dataset (metadb_id, uri, format_mime, format_txt, srs_epsg, srs_txt, modified) VALUES ('461fa08a-6ba2-4807-a8f3-11a4a41cdda2', 'http://www.catais.org/geodaten/ch/so/agi/av/mopublic/gpkg/lv03/d/2495.gpkg', 'application/x-sqlite3', 'GeoPackage', 21781, 'CH1903/LV03', '2015-04-01 06:00:00');
INSERT INTO metadb (identifier, namespace, title, abstract, metadata_link, "type", modified, canton, data_responsibility, x_min, y_min, x_max, y_max) VALUES ('e49df976-94f8-42dd-ab12-b69a80fd3eb4', 'http://www.geo.so.ch', 'Amtliche Vermessung - Gemeinde Obergösgen (2497)', 'Amtliche Vermessung der Gemeinde Obergösgen (2497)', 'http://www.geocat.ch/geonetwork/srv/ger/csw?service=CSW&amp;version=2.0.2&amp;request=GetRecordById&amp;elementSetName=full&amp;outputFormat=application/xml&amp;outputSchema=IsoRecord&amp;id=ab7a03e2-4bdd-4a49-bd92-4b0028bfcd51', 100, '2015-04-01 06:00:00', 'so', 'agi', 7.93796563309, 47.3520464646, 7.96749996604, 47.3746384924);
INSERT INTO metadb_relation (metadb_id_parent, metadb_id_child) VALUES ('3d69c24a-3bc0-42fc-a4f1-3aef480fc5b9', 'e49df976-94f8-42dd-ab12-b69a80fd3eb4');
INSERT INTO online_dataset (metadb_id, uri, format_mime, format_txt, srs_epsg, srs_txt, modified) VALUES ('e49df976-94f8-42dd-ab12-b69a80fd3eb4', 'http://www.catais.org/geodaten/ch/so/agi/av/dm01avch24d/itf/lv03/ch_249700.itf', 'text/x-interlis1', 'INTERLIS1', 21781, 'CH1903/LV03', '2015-04-01 06:00:00');
INSERT INTO online_dataset (metadb_id, uri, format_mime, format_txt, srs_epsg, srs_txt, modified) VALUES ('e49df976-94f8-42dd-ab12-b69a80fd3eb4', 'http://www.catais.org/geodaten/ch/so/agi/av/dm01avch24d/itf/lv95/ch_lv95_249700.itf', 'text/x-interlis1', 'INTERLIS1', 2056, 'CH1903+/LV95', '2015-04-01 06:00:00');
INSERT INTO online_dataset (metadb_id, uri, format_mime, format_txt, srs_epsg, srs_txt, modified) VALUES ('e49df976-94f8-42dd-ab12-b69a80fd3eb4', 'http://www.catais.org/geodaten/ch/so/agi/av/geobau/dxf/2497.dxf', 'application/x-dxf', 'DXF-GEOBAU', 21781, 'CH1903/LV03', '2015-04-01 06:00:00');
INSERT INTO online_dataset (metadb_id, uri, format_mime, format_txt, srs_epsg, srs_txt, modified) VALUES ('e49df976-94f8-42dd-ab12-b69a80fd3eb4', 'http://www.catais.org/geodaten/ch/so/agi/av/mopublic/gpkg/lv03/d/2497.gpkg', 'application/x-sqlite3', 'GeoPackage', 21781, 'CH1903/LV03', '2015-04-01 06:00:00');
INSERT INTO metadb (identifier, namespace, title, abstract, metadata_link, "type", modified, canton, data_responsibility, x_min, y_min, x_max, y_max) VALUES ('0fcb864b-413d-4c8b-b210-f328ed16a2d3', 'http://www.geo.so.ch', 'Amtliche Vermessung - Gemeinde Rohr (SO) (2498)', 'Amtliche Vermessung der Gemeinde Rohr (SO) (2498)', 'http://www.geocat.ch/geonetwork/srv/ger/csw?service=CSW&amp;version=2.0.2&amp;request=GetRecordById&amp;elementSetName=full&amp;outputFormat=application/xml&amp;outputSchema=IsoRecord&amp;id=ab7a03e2-4bdd-4a49-bd92-4b0028bfcd51', 100, '2015-04-01 06:00:00', 'so', 'agi', 7.93492827077, 47.4033493365, 7.9693471833, 47.418833577);
INSERT INTO metadb_relation (metadb_id_parent, metadb_id_child) VALUES ('3d69c24a-3bc0-42fc-a4f1-3aef480fc5b9', '0fcb864b-413d-4c8b-b210-f328ed16a2d3');
INSERT INTO online_dataset (metadb_id, uri, format_mime, format_txt, srs_epsg, srs_txt, modified) VALUES ('0fcb864b-413d-4c8b-b210-f328ed16a2d3', 'http://www.catais.org/geodaten/ch/so/agi/av/dm01avch24d/itf/lv03/ch_249800.itf', 'text/x-interlis1', 'INTERLIS1', 21781, 'CH1903/LV03', '2015-04-01 06:00:00');
INSERT INTO online_dataset (metadb_id, uri, format_mime, format_txt, srs_epsg, srs_txt, modified) VALUES ('0fcb864b-413d-4c8b-b210-f328ed16a2d3', 'http://www.catais.org/geodaten/ch/so/agi/av/dm01avch24d/itf/lv95/ch_lv95_249800.itf', 'text/x-interlis1', 'INTERLIS1', 2056, 'CH1903+/LV95', '2015-04-01 06:00:00');
INSERT INTO online_dataset (metadb_id, uri, format_mime, format_txt, srs_epsg, srs_txt, modified) VALUES ('0fcb864b-413d-4c8b-b210-f328ed16a2d3', 'http://www.catais.org/geodaten/ch/so/agi/av/geobau/dxf/2498.dxf', 'application/x-dxf', 'DXF-GEOBAU', 21781, 'CH1903/LV03', '2015-04-01 06:00:00');
INSERT INTO online_dataset (metadb_id, uri, format_mime, format_txt, srs_epsg, srs_txt, modified) VALUES ('0fcb864b-413d-4c8b-b210-f328ed16a2d3', 'http://www.catais.org/geodaten/ch/so/agi/av/mopublic/gpkg/lv03/d/2498.gpkg', 'application/x-sqlite3', 'GeoPackage', 21781, 'CH1903/LV03', '2015-04-01 06:00:00');
INSERT INTO metadb (identifier, namespace, title, abstract, metadata_link, "type", modified, canton, data_responsibility, x_min, y_min, x_max, y_max) VALUES ('93b4a588-601d-435b-8c84-e2241626f78e', 'http://www.geo.so.ch', 'Amtliche Vermessung - Gemeinde Stüsslingen (2499)', 'Amtliche Vermessung der Gemeinde Stüsslingen (2499)', 'http://www.geocat.ch/geonetwork/srv/ger/csw?service=CSW&amp;version=2.0.2&amp;request=GetRecordById&amp;elementSetName=full&amp;outputFormat=application/xml&amp;outputSchema=IsoRecord&amp;id=ab7a03e2-4bdd-4a49-bd92-4b0028bfcd51', 100, '2015-04-01 06:00:00', 'so', 'agi', 7.95114009936, 47.3784412472, 7.98610404987, 47.4106711647);
INSERT INTO metadb_relation (metadb_id_parent, metadb_id_child) VALUES ('3d69c24a-3bc0-42fc-a4f1-3aef480fc5b9', '93b4a588-601d-435b-8c84-e2241626f78e');
INSERT INTO online_dataset (metadb_id, uri, format_mime, format_txt, srs_epsg, srs_txt, modified) VALUES ('93b4a588-601d-435b-8c84-e2241626f78e', 'http://www.catais.org/geodaten/ch/so/agi/av/dm01avch24d/itf/lv03/ch_249900.itf', 'text/x-interlis1', 'INTERLIS1', 21781, 'CH1903/LV03', '2015-04-01 06:00:00');
INSERT INTO online_dataset (metadb_id, uri, format_mime, format_txt, srs_epsg, srs_txt, modified) VALUES ('93b4a588-601d-435b-8c84-e2241626f78e', 'http://www.catais.org/geodaten/ch/so/agi/av/dm01avch24d/itf/lv95/ch_lv95_249900.itf', 'text/x-interlis1', 'INTERLIS1', 2056, 'CH1903+/LV95', '2015-04-01 06:00:00');
INSERT INTO online_dataset (metadb_id, uri, format_mime, format_txt, srs_epsg, srs_txt, modified) VALUES ('93b4a588-601d-435b-8c84-e2241626f78e', 'http://www.catais.org/geodaten/ch/so/agi/av/geobau/dxf/2499.dxf', 'application/x-dxf', 'DXF-GEOBAU', 21781, 'CH1903/LV03', '2015-04-01 06:00:00');
INSERT INTO online_dataset (metadb_id, uri, format_mime, format_txt, srs_epsg, srs_txt, modified) VALUES ('93b4a588-601d-435b-8c84-e2241626f78e', 'http://www.catais.org/geodaten/ch/so/agi/av/mopublic/gpkg/lv03/d/2499.gpkg', 'application/x-sqlite3', 'GeoPackage', 21781, 'CH1903/LV03', '2015-04-01 06:00:00');
INSERT INTO metadb (identifier, namespace, title, abstract, metadata_link, "type", modified, canton, data_responsibility, x_min, y_min, x_max, y_max) VALUES ('da9f2ea5-c829-4a62-8ea7-d6f8a2906146', 'http://www.geo.so.ch', 'Amtliche Vermessung - Gemeinde Trimbach (2500)', 'Amtliche Vermessung der Gemeinde Trimbach (2500)', 'http://www.geocat.ch/geonetwork/srv/ger/csw?service=CSW&amp;version=2.0.2&amp;request=GetRecordById&amp;elementSetName=full&amp;outputFormat=application/xml&amp;outputSchema=IsoRecord&amp;id=ab7a03e2-4bdd-4a49-bd92-4b0028bfcd51', 100, '2015-04-01 06:00:00', 'so', 'agi', 7.85577085832, 47.3563465002, 7.91865234632, 47.3851678716);
INSERT INTO metadb_relation (metadb_id_parent, metadb_id_child) VALUES ('3d69c24a-3bc0-42fc-a4f1-3aef480fc5b9', 'da9f2ea5-c829-4a62-8ea7-d6f8a2906146');
INSERT INTO online_dataset (metadb_id, uri, format_mime, format_txt, srs_epsg, srs_txt, modified) VALUES ('da9f2ea5-c829-4a62-8ea7-d6f8a2906146', 'http://www.catais.org/geodaten/ch/so/agi/av/dm01avch24d/itf/lv03/ch_250000.itf', 'text/x-interlis1', 'INTERLIS1', 21781, 'CH1903/LV03', '2015-04-01 06:00:00');
INSERT INTO online_dataset (metadb_id, uri, format_mime, format_txt, srs_epsg, srs_txt, modified) VALUES ('da9f2ea5-c829-4a62-8ea7-d6f8a2906146', 'http://www.catais.org/geodaten/ch/so/agi/av/dm01avch24d/itf/lv95/ch_lv95_250000.itf', 'text/x-interlis1', 'INTERLIS1', 2056, 'CH1903+/LV95', '2015-04-01 06:00:00');
INSERT INTO online_dataset (metadb_id, uri, format_mime, format_txt, srs_epsg, srs_txt, modified) VALUES ('da9f2ea5-c829-4a62-8ea7-d6f8a2906146', 'http://www.catais.org/geodaten/ch/so/agi/av/geobau/dxf/2500.dxf', 'application/x-dxf', 'DXF-GEOBAU', 21781, 'CH1903/LV03', '2015-04-01 06:00:00');
INSERT INTO online_dataset (metadb_id, uri, format_mime, format_txt, srs_epsg, srs_txt, modified) VALUES ('da9f2ea5-c829-4a62-8ea7-d6f8a2906146', 'http://www.catais.org/geodaten/ch/so/agi/av/mopublic/gpkg/lv03/d/2500.gpkg', 'application/x-sqlite3', 'GeoPackage', 21781, 'CH1903/LV03', '2015-04-01 06:00:00');
INSERT INTO metadb (identifier, namespace, title, abstract, metadata_link, "type", modified, canton, data_responsibility, x_min, y_min, x_max, y_max) VALUES ('4fd9520f-1120-4d8f-b41f-06fb2eddbb04', 'http://www.geo.so.ch', 'Amtliche Vermessung - Gemeinde Winznau (2501)', 'Amtliche Vermessung der Gemeinde Winznau (2501)', 'http://www.geocat.ch/geonetwork/srv/ger/csw?service=CSW&amp;version=2.0.2&amp;request=GetRecordById&amp;elementSetName=full&amp;outputFormat=application/xml&amp;outputSchema=IsoRecord&amp;id=ab7a03e2-4bdd-4a49-bd92-4b0028bfcd51', 100, '2015-04-01 06:00:00', 'so', 'agi', 7.89610384681, 47.3571402693, 7.94246821315, 47.3822820824);
INSERT INTO metadb_relation (metadb_id_parent, metadb_id_child) VALUES ('3d69c24a-3bc0-42fc-a4f1-3aef480fc5b9', '4fd9520f-1120-4d8f-b41f-06fb2eddbb04');
INSERT INTO online_dataset (metadb_id, uri, format_mime, format_txt, srs_epsg, srs_txt, modified) VALUES ('4fd9520f-1120-4d8f-b41f-06fb2eddbb04', 'http://www.catais.org/geodaten/ch/so/agi/av/dm01avch24d/itf/lv03/ch_250100.itf', 'text/x-interlis1', 'INTERLIS1', 21781, 'CH1903/LV03', '2015-04-01 06:00:00');
INSERT INTO online_dataset (metadb_id, uri, format_mime, format_txt, srs_epsg, srs_txt, modified) VALUES ('4fd9520f-1120-4d8f-b41f-06fb2eddbb04', 'http://www.catais.org/geodaten/ch/so/agi/av/dm01avch24d/itf/lv95/ch_lv95_250100.itf', 'text/x-interlis1', 'INTERLIS1', 2056, 'CH1903+/LV95', '2015-04-01 06:00:00');
INSERT INTO online_dataset (metadb_id, uri, format_mime, format_txt, srs_epsg, srs_txt, modified) VALUES ('4fd9520f-1120-4d8f-b41f-06fb2eddbb04', 'http://www.catais.org/geodaten/ch/so/agi/av/geobau/dxf/2501.dxf', 'application/x-dxf', 'DXF-GEOBAU', 21781, 'CH1903/LV03', '2015-04-01 06:00:00');
INSERT INTO online_dataset (metadb_id, uri, format_mime, format_txt, srs_epsg, srs_txt, modified) VALUES ('4fd9520f-1120-4d8f-b41f-06fb2eddbb04', 'http://www.catais.org/geodaten/ch/so/agi/av/mopublic/gpkg/lv03/d/2501.gpkg', 'application/x-sqlite3', 'GeoPackage', 21781, 'CH1903/LV03', '2015-04-01 06:00:00');
INSERT INTO metadb (identifier, namespace, title, abstract, metadata_link, "type", modified, canton, data_responsibility, x_min, y_min, x_max, y_max) VALUES ('5c1c9d8b-f8c8-4c94-a4b1-b860d81c27c5', 'http://www.geo.so.ch', 'Amtliche Vermessung - Gemeinde Wisen (SO) (2502)', 'Amtliche Vermessung der Gemeinde Wisen (SO) (2502)', 'http://www.geocat.ch/geonetwork/srv/ger/csw?service=CSW&amp;version=2.0.2&amp;request=GetRecordById&amp;elementSetName=full&amp;outputFormat=application/xml&amp;outputSchema=IsoRecord&amp;id=ab7a03e2-4bdd-4a49-bd92-4b0028bfcd51', 100, '2015-04-01 06:00:00', 'so', 'agi', 7.86913708246, 47.3834396973, 7.90970073572, 47.4072664242);
INSERT INTO metadb_relation (metadb_id_parent, metadb_id_child) VALUES ('3d69c24a-3bc0-42fc-a4f1-3aef480fc5b9', '5c1c9d8b-f8c8-4c94-a4b1-b860d81c27c5');
INSERT INTO online_dataset (metadb_id, uri, format_mime, format_txt, srs_epsg, srs_txt, modified) VALUES ('5c1c9d8b-f8c8-4c94-a4b1-b860d81c27c5', 'http://www.catais.org/geodaten/ch/so/agi/av/dm01avch24d/itf/lv03/ch_250200.itf', 'text/x-interlis1', 'INTERLIS1', 21781, 'CH1903/LV03', '2015-04-01 06:00:00');
INSERT INTO online_dataset (metadb_id, uri, format_mime, format_txt, srs_epsg, srs_txt, modified) VALUES ('5c1c9d8b-f8c8-4c94-a4b1-b860d81c27c5', 'http://www.catais.org/geodaten/ch/so/agi/av/dm01avch24d/itf/lv95/ch_lv95_250200.itf', 'text/x-interlis1', 'INTERLIS1', 2056, 'CH1903+/LV95', '2015-04-01 06:00:00');
INSERT INTO online_dataset (metadb_id, uri, format_mime, format_txt, srs_epsg, srs_txt, modified) VALUES ('5c1c9d8b-f8c8-4c94-a4b1-b860d81c27c5', 'http://www.catais.org/geodaten/ch/so/agi/av/geobau/dxf/2502.dxf', 'application/x-dxf', 'DXF-GEOBAU', 21781, 'CH1903/LV03', '2015-04-01 06:00:00');
INSERT INTO online_dataset (metadb_id, uri, format_mime, format_txt, srs_epsg, srs_txt, modified) VALUES ('5c1c9d8b-f8c8-4c94-a4b1-b860d81c27c5', 'http://www.catais.org/geodaten/ch/so/agi/av/mopublic/gpkg/lv03/d/2502.gpkg', 'application/x-sqlite3', 'GeoPackage', 21781, 'CH1903/LV03', '2015-04-01 06:00:00');
INSERT INTO metadb (identifier, namespace, title, abstract, metadata_link, "type", modified, canton, data_responsibility, x_min, y_min, x_max, y_max) VALUES ('8496e34e-86e8-4848-bf86-1c00d5571f3e', 'http://www.geo.so.ch', 'Amtliche Vermessung - Gemeinde Erlinsbach (SO) (2503)', 'Amtliche Vermessung der Gemeinde Erlinsbach (SO) (2503)', 'http://www.geocat.ch/geonetwork/srv/ger/csw?service=CSW&amp;version=2.0.2&amp;request=GetRecordById&amp;elementSetName=full&amp;outputFormat=application/xml&amp;outputSchema=IsoRecord&amp;id=ab7a03e2-4bdd-4a49-bd92-4b0028bfcd51', 100, '2015-04-01 06:00:00', 'so', 'agi', 7.95630885902, 47.3794266227, 8.02741348369, 47.4223857026);
INSERT INTO metadb_relation (metadb_id_parent, metadb_id_child) VALUES ('3d69c24a-3bc0-42fc-a4f1-3aef480fc5b9', '8496e34e-86e8-4848-bf86-1c00d5571f3e');
INSERT INTO online_dataset (metadb_id, uri, format_mime, format_txt, srs_epsg, srs_txt, modified) VALUES ('8496e34e-86e8-4848-bf86-1c00d5571f3e', 'http://www.catais.org/geodaten/ch/so/agi/av/dm01avch24d/itf/lv03/ch_250300.itf', 'text/x-interlis1', 'INTERLIS1', 21781, 'CH1903/LV03', '2015-04-01 06:00:00');
INSERT INTO online_dataset (metadb_id, uri, format_mime, format_txt, srs_epsg, srs_txt, modified) VALUES ('8496e34e-86e8-4848-bf86-1c00d5571f3e', 'http://www.catais.org/geodaten/ch/so/agi/av/dm01avch24d/itf/lv95/ch_lv95_250300.itf', 'text/x-interlis1', 'INTERLIS1', 2056, 'CH1903+/LV95', '2015-04-01 06:00:00');
INSERT INTO online_dataset (metadb_id, uri, format_mime, format_txt, srs_epsg, srs_txt, modified) VALUES ('8496e34e-86e8-4848-bf86-1c00d5571f3e', 'http://www.catais.org/geodaten/ch/so/agi/av/geobau/dxf/2503.dxf', 'application/x-dxf', 'DXF-GEOBAU', 21781, 'CH1903/LV03', '2015-04-01 06:00:00');
INSERT INTO online_dataset (metadb_id, uri, format_mime, format_txt, srs_epsg, srs_txt, modified) VALUES ('8496e34e-86e8-4848-bf86-1c00d5571f3e', 'http://www.catais.org/geodaten/ch/so/agi/av/mopublic/gpkg/lv03/d/2503.gpkg', 'application/x-sqlite3', 'GeoPackage', 21781, 'CH1903/LV03', '2015-04-01 06:00:00');
INSERT INTO metadb (identifier, namespace, title, abstract, metadata_link, "type", modified, canton, data_responsibility, x_min, y_min, x_max, y_max) VALUES ('cd1b2ba2-8943-4f6a-885a-6abbfb08440a', 'http://www.geo.so.ch', 'Amtliche Vermessung - Gemeinde Aeschi (SO) (2511)', 'Amtliche Vermessung der Gemeinde Aeschi (SO) (2511)', 'http://www.geocat.ch/geonetwork/srv/ger/csw?service=CSW&amp;version=2.0.2&amp;request=GetRecordById&amp;elementSetName=full&amp;outputFormat=application/xml&amp;outputSchema=IsoRecord&amp;id=ab7a03e2-4bdd-4a49-bd92-4b0028bfcd51', 100, '2015-04-01 06:00:00', 'so', 'agi', 7.64598963095, 47.1525561125, 7.7007989883, 47.1865242341);
INSERT INTO metadb_relation (metadb_id_parent, metadb_id_child) VALUES ('3d69c24a-3bc0-42fc-a4f1-3aef480fc5b9', 'cd1b2ba2-8943-4f6a-885a-6abbfb08440a');
INSERT INTO online_dataset (metadb_id, uri, format_mime, format_txt, srs_epsg, srs_txt, modified) VALUES ('cd1b2ba2-8943-4f6a-885a-6abbfb08440a', 'http://www.catais.org/geodaten/ch/so/agi/av/dm01avch24d/itf/lv03/ch_251100.itf', 'text/x-interlis1', 'INTERLIS1', 21781, 'CH1903/LV03', '2015-04-01 06:00:00');
INSERT INTO online_dataset (metadb_id, uri, format_mime, format_txt, srs_epsg, srs_txt, modified) VALUES ('cd1b2ba2-8943-4f6a-885a-6abbfb08440a', 'http://www.catais.org/geodaten/ch/so/agi/av/dm01avch24d/itf/lv95/ch_lv95_251100.itf', 'text/x-interlis1', 'INTERLIS1', 2056, 'CH1903+/LV95', '2015-04-01 06:00:00');
INSERT INTO online_dataset (metadb_id, uri, format_mime, format_txt, srs_epsg, srs_txt, modified) VALUES ('cd1b2ba2-8943-4f6a-885a-6abbfb08440a', 'http://www.catais.org/geodaten/ch/so/agi/av/geobau/dxf/2511.dxf', 'application/x-dxf', 'DXF-GEOBAU', 21781, 'CH1903/LV03', '2015-04-01 06:00:00');
INSERT INTO online_dataset (metadb_id, uri, format_mime, format_txt, srs_epsg, srs_txt, modified) VALUES ('cd1b2ba2-8943-4f6a-885a-6abbfb08440a', 'http://www.catais.org/geodaten/ch/so/agi/av/mopublic/gpkg/lv03/d/2511.gpkg', 'application/x-sqlite3', 'GeoPackage', 21781, 'CH1903/LV03', '2015-04-01 06:00:00');
INSERT INTO metadb (identifier, namespace, title, abstract, metadata_link, "type", modified, canton, data_responsibility, x_min, y_min, x_max, y_max) VALUES ('efea889c-e6c5-4beb-9497-fc21f256fc19', 'http://www.geo.so.ch', 'Amtliche Vermessung - Gemeinde Biberist (2513)', 'Amtliche Vermessung der Gemeinde Biberist (2513)', 'http://www.geocat.ch/geonetwork/srv/ger/csw?service=CSW&amp;version=2.0.2&amp;request=GetRecordById&amp;elementSetName=full&amp;outputFormat=application/xml&amp;outputSchema=IsoRecord&amp;id=ab7a03e2-4bdd-4a49-bd92-4b0028bfcd51', 100, '2015-04-01 06:00:00', 'so', 'agi', 7.51043871828, 47.1603639164, 7.57827525709, 47.2022645664);
INSERT INTO metadb_relation (metadb_id_parent, metadb_id_child) VALUES ('3d69c24a-3bc0-42fc-a4f1-3aef480fc5b9', 'efea889c-e6c5-4beb-9497-fc21f256fc19');
INSERT INTO online_dataset (metadb_id, uri, format_mime, format_txt, srs_epsg, srs_txt, modified) VALUES ('efea889c-e6c5-4beb-9497-fc21f256fc19', 'http://www.catais.org/geodaten/ch/so/agi/av/dm01avch24d/itf/lv03/ch_251300.itf', 'text/x-interlis1', 'INTERLIS1', 21781, 'CH1903/LV03', '2015-04-01 06:00:00');
INSERT INTO online_dataset (metadb_id, uri, format_mime, format_txt, srs_epsg, srs_txt, modified) VALUES ('efea889c-e6c5-4beb-9497-fc21f256fc19', 'http://www.catais.org/geodaten/ch/so/agi/av/dm01avch24d/itf/lv95/ch_lv95_251300.itf', 'text/x-interlis1', 'INTERLIS1', 2056, 'CH1903+/LV95', '2015-04-01 06:00:00');
INSERT INTO online_dataset (metadb_id, uri, format_mime, format_txt, srs_epsg, srs_txt, modified) VALUES ('efea889c-e6c5-4beb-9497-fc21f256fc19', 'http://www.catais.org/geodaten/ch/so/agi/av/geobau/dxf/2513.dxf', 'application/x-dxf', 'DXF-GEOBAU', 21781, 'CH1903/LV03', '2015-04-01 06:00:00');
INSERT INTO online_dataset (metadb_id, uri, format_mime, format_txt, srs_epsg, srs_txt, modified) VALUES ('efea889c-e6c5-4beb-9497-fc21f256fc19', 'http://www.catais.org/geodaten/ch/so/agi/av/mopublic/gpkg/lv03/d/2513.gpkg', 'application/x-sqlite3', 'GeoPackage', 21781, 'CH1903/LV03', '2015-04-01 06:00:00');
INSERT INTO metadb (identifier, namespace, title, abstract, metadata_link, "type", modified, canton, data_responsibility, x_min, y_min, x_max, y_max) VALUES ('a37a73a6-c1b6-46d2-b275-755a5bee28c2', 'http://www.geo.so.ch', 'Amtliche Vermessung - Gemeinde Bolken (2514)', 'Amtliche Vermessung der Gemeinde Bolken (2514)', 'http://www.geocat.ch/geonetwork/srv/ger/csw?service=CSW&amp;version=2.0.2&amp;request=GetRecordById&amp;elementSetName=full&amp;outputFormat=application/xml&amp;outputSchema=IsoRecord&amp;id=ab7a03e2-4bdd-4a49-bd92-4b0028bfcd51', 100, '2015-04-01 06:00:00', 'so', 'agi', 7.64583239257, 47.184511381, 7.67462961376, 47.2017817432);
INSERT INTO metadb_relation (metadb_id_parent, metadb_id_child) VALUES ('3d69c24a-3bc0-42fc-a4f1-3aef480fc5b9', 'a37a73a6-c1b6-46d2-b275-755a5bee28c2');
INSERT INTO online_dataset (metadb_id, uri, format_mime, format_txt, srs_epsg, srs_txt, modified) VALUES ('a37a73a6-c1b6-46d2-b275-755a5bee28c2', 'http://www.catais.org/geodaten/ch/so/agi/av/dm01avch24d/itf/lv03/ch_251400.itf', 'text/x-interlis1', 'INTERLIS1', 21781, 'CH1903/LV03', '2015-04-01 06:00:00');
INSERT INTO online_dataset (metadb_id, uri, format_mime, format_txt, srs_epsg, srs_txt, modified) VALUES ('a37a73a6-c1b6-46d2-b275-755a5bee28c2', 'http://www.catais.org/geodaten/ch/so/agi/av/dm01avch24d/itf/lv95/ch_lv95_251400.itf', 'text/x-interlis1', 'INTERLIS1', 2056, 'CH1903+/LV95', '2015-04-01 06:00:00');
INSERT INTO online_dataset (metadb_id, uri, format_mime, format_txt, srs_epsg, srs_txt, modified) VALUES ('a37a73a6-c1b6-46d2-b275-755a5bee28c2', 'http://www.catais.org/geodaten/ch/so/agi/av/geobau/dxf/2514.dxf', 'application/x-dxf', 'DXF-GEOBAU', 21781, 'CH1903/LV03', '2015-04-01 06:00:00');
INSERT INTO online_dataset (metadb_id, uri, format_mime, format_txt, srs_epsg, srs_txt, modified) VALUES ('a37a73a6-c1b6-46d2-b275-755a5bee28c2', 'http://www.catais.org/geodaten/ch/so/agi/av/mopublic/gpkg/lv03/d/2514.gpkg', 'application/x-sqlite3', 'GeoPackage', 21781, 'CH1903/LV03', '2015-04-01 06:00:00');
INSERT INTO metadb (identifier, namespace, title, abstract, metadata_link, "type", modified, canton, data_responsibility, x_min, y_min, x_max, y_max) VALUES ('28a0d507-e447-40ae-82fe-9990be1dd96b', 'http://www.geo.so.ch', 'Amtliche Vermessung - Gemeinde Deitingen (2516)', 'Amtliche Vermessung der Gemeinde Deitingen (2516)', 'http://www.geocat.ch/geonetwork/srv/ger/csw?service=CSW&amp;version=2.0.2&amp;request=GetRecordById&amp;elementSetName=full&amp;outputFormat=application/xml&amp;outputSchema=IsoRecord&amp;id=ab7a03e2-4bdd-4a49-bd92-4b0028bfcd51', 100, '2015-04-01 06:00:00', 'so', 'agi', 7.58737316953, 47.2050156424, 7.64862398507, 47.2298048857);
INSERT INTO metadb_relation (metadb_id_parent, metadb_id_child) VALUES ('3d69c24a-3bc0-42fc-a4f1-3aef480fc5b9', '28a0d507-e447-40ae-82fe-9990be1dd96b');
INSERT INTO online_dataset (metadb_id, uri, format_mime, format_txt, srs_epsg, srs_txt, modified) VALUES ('28a0d507-e447-40ae-82fe-9990be1dd96b', 'http://www.catais.org/geodaten/ch/so/agi/av/dm01avch24d/itf/lv03/ch_251600.itf', 'text/x-interlis1', 'INTERLIS1', 21781, 'CH1903/LV03', '2015-04-01 06:00:00');
INSERT INTO online_dataset (metadb_id, uri, format_mime, format_txt, srs_epsg, srs_txt, modified) VALUES ('28a0d507-e447-40ae-82fe-9990be1dd96b', 'http://www.catais.org/geodaten/ch/so/agi/av/dm01avch24d/itf/lv95/ch_lv95_251600.itf', 'text/x-interlis1', 'INTERLIS1', 2056, 'CH1903+/LV95', '2015-04-01 06:00:00');
INSERT INTO online_dataset (metadb_id, uri, format_mime, format_txt, srs_epsg, srs_txt, modified) VALUES ('28a0d507-e447-40ae-82fe-9990be1dd96b', 'http://www.catais.org/geodaten/ch/so/agi/av/geobau/dxf/2516.dxf', 'application/x-dxf', 'DXF-GEOBAU', 21781, 'CH1903/LV03', '2015-04-01 06:00:00');
INSERT INTO online_dataset (metadb_id, uri, format_mime, format_txt, srs_epsg, srs_txt, modified) VALUES ('28a0d507-e447-40ae-82fe-9990be1dd96b', 'http://www.catais.org/geodaten/ch/so/agi/av/mopublic/gpkg/lv03/d/2516.gpkg', 'application/x-sqlite3', 'GeoPackage', 21781, 'CH1903/LV03', '2015-04-01 06:00:00');
INSERT INTO metadb (identifier, namespace, title, abstract, metadata_link, "type", modified, canton, data_responsibility, x_min, y_min, x_max, y_max) VALUES ('867a4774-7d22-4ce0-8e8c-aefdae895467', 'http://www.geo.so.ch', 'Amtliche Vermessung - Gemeinde Derendingen (2517)', 'Amtliche Vermessung der Gemeinde Derendingen (2517)', 'http://www.geocat.ch/geonetwork/srv/ger/csw?service=CSW&amp;version=2.0.2&amp;request=GetRecordById&amp;elementSetName=full&amp;outputFormat=application/xml&amp;outputSchema=IsoRecord&amp;id=ab7a03e2-4bdd-4a49-bd92-4b0028bfcd51', 100, '2015-04-01 06:00:00', 'so', 'agi', 7.57488325523, 47.1741396765, 7.60565456631, 47.2131523641);
INSERT INTO metadb_relation (metadb_id_parent, metadb_id_child) VALUES ('3d69c24a-3bc0-42fc-a4f1-3aef480fc5b9', '867a4774-7d22-4ce0-8e8c-aefdae895467');
INSERT INTO online_dataset (metadb_id, uri, format_mime, format_txt, srs_epsg, srs_txt, modified) VALUES ('867a4774-7d22-4ce0-8e8c-aefdae895467', 'http://www.catais.org/geodaten/ch/so/agi/av/dm01avch24d/itf/lv03/ch_251700.itf', 'text/x-interlis1', 'INTERLIS1', 21781, 'CH1903/LV03', '2015-04-01 06:00:00');
INSERT INTO online_dataset (metadb_id, uri, format_mime, format_txt, srs_epsg, srs_txt, modified) VALUES ('867a4774-7d22-4ce0-8e8c-aefdae895467', 'http://www.catais.org/geodaten/ch/so/agi/av/dm01avch24d/itf/lv95/ch_lv95_251700.itf', 'text/x-interlis1', 'INTERLIS1', 2056, 'CH1903+/LV95', '2015-04-01 06:00:00');
INSERT INTO online_dataset (metadb_id, uri, format_mime, format_txt, srs_epsg, srs_txt, modified) VALUES ('867a4774-7d22-4ce0-8e8c-aefdae895467', 'http://www.catais.org/geodaten/ch/so/agi/av/geobau/dxf/2517.dxf', 'application/x-dxf', 'DXF-GEOBAU', 21781, 'CH1903/LV03', '2015-04-01 06:00:00');
INSERT INTO online_dataset (metadb_id, uri, format_mime, format_txt, srs_epsg, srs_txt, modified) VALUES ('867a4774-7d22-4ce0-8e8c-aefdae895467', 'http://www.catais.org/geodaten/ch/so/agi/av/mopublic/gpkg/lv03/d/2517.gpkg', 'application/x-sqlite3', 'GeoPackage', 21781, 'CH1903/LV03', '2015-04-01 06:00:00');
INSERT INTO metadb (identifier, namespace, title, abstract, metadata_link, "type", modified, canton, data_responsibility, x_min, y_min, x_max, y_max) VALUES ('deaca414-ffe2-4923-b791-24b170d2e60b', 'http://www.geo.so.ch', 'Amtliche Vermessung - Gemeinde Etziken (2518)', 'Amtliche Vermessung der Gemeinde Etziken (2518)', 'http://www.geocat.ch/geonetwork/srv/ger/csw?service=CSW&amp;version=2.0.2&amp;request=GetRecordById&amp;elementSetName=full&amp;outputFormat=application/xml&amp;outputSchema=IsoRecord&amp;id=ab7a03e2-4bdd-4a49-bd92-4b0028bfcd51', 100, '2015-04-01 06:00:00', 'so', 'agi', 7.63145833571, 47.171741565, 7.65864252233, 47.200358488);
INSERT INTO metadb_relation (metadb_id_parent, metadb_id_child) VALUES ('3d69c24a-3bc0-42fc-a4f1-3aef480fc5b9', 'deaca414-ffe2-4923-b791-24b170d2e60b');
INSERT INTO online_dataset (metadb_id, uri, format_mime, format_txt, srs_epsg, srs_txt, modified) VALUES ('deaca414-ffe2-4923-b791-24b170d2e60b', 'http://www.catais.org/geodaten/ch/so/agi/av/dm01avch24d/itf/lv03/ch_251800.itf', 'text/x-interlis1', 'INTERLIS1', 21781, 'CH1903/LV03', '2015-04-01 06:00:00');
INSERT INTO online_dataset (metadb_id, uri, format_mime, format_txt, srs_epsg, srs_txt, modified) VALUES ('deaca414-ffe2-4923-b791-24b170d2e60b', 'http://www.catais.org/geodaten/ch/so/agi/av/dm01avch24d/itf/lv95/ch_lv95_251800.itf', 'text/x-interlis1', 'INTERLIS1', 2056, 'CH1903+/LV95', '2015-04-01 06:00:00');
INSERT INTO online_dataset (metadb_id, uri, format_mime, format_txt, srs_epsg, srs_txt, modified) VALUES ('deaca414-ffe2-4923-b791-24b170d2e60b', 'http://www.catais.org/geodaten/ch/so/agi/av/geobau/dxf/2518.dxf', 'application/x-dxf', 'DXF-GEOBAU', 21781, 'CH1903/LV03', '2015-04-01 06:00:00');
INSERT INTO online_dataset (metadb_id, uri, format_mime, format_txt, srs_epsg, srs_txt, modified) VALUES ('deaca414-ffe2-4923-b791-24b170d2e60b', 'http://www.catais.org/geodaten/ch/so/agi/av/mopublic/gpkg/lv03/d/2518.gpkg', 'application/x-sqlite3', 'GeoPackage', 21781, 'CH1903/LV03', '2015-04-01 06:00:00');
INSERT INTO metadb (identifier, namespace, title, abstract, metadata_link, "type", modified, canton, data_responsibility, x_min, y_min, x_max, y_max) VALUES ('62123488-77f3-45c9-963d-4de0e89a0fe9', 'http://www.geo.so.ch', 'Amtliche Vermessung - Gemeinde Gerlafingen (2519)', 'Amtliche Vermessung der Gemeinde Gerlafingen (2519)', 'http://www.geocat.ch/geonetwork/srv/ger/csw?service=CSW&amp;version=2.0.2&amp;request=GetRecordById&amp;elementSetName=full&amp;outputFormat=application/xml&amp;outputSchema=IsoRecord&amp;id=ab7a03e2-4bdd-4a49-bd92-4b0028bfcd51', 100, '2015-04-01 06:00:00', 'so', 'agi', 7.55889773604, 47.1624472959, 7.58670412648, 47.1777782598);
INSERT INTO metadb_relation (metadb_id_parent, metadb_id_child) VALUES ('3d69c24a-3bc0-42fc-a4f1-3aef480fc5b9', '62123488-77f3-45c9-963d-4de0e89a0fe9');
INSERT INTO online_dataset (metadb_id, uri, format_mime, format_txt, srs_epsg, srs_txt, modified) VALUES ('62123488-77f3-45c9-963d-4de0e89a0fe9', 'http://www.catais.org/geodaten/ch/so/agi/av/dm01avch24d/itf/lv03/ch_251900.itf', 'text/x-interlis1', 'INTERLIS1', 21781, 'CH1903/LV03', '2015-04-01 06:00:00');
INSERT INTO online_dataset (metadb_id, uri, format_mime, format_txt, srs_epsg, srs_txt, modified) VALUES ('62123488-77f3-45c9-963d-4de0e89a0fe9', 'http://www.catais.org/geodaten/ch/so/agi/av/dm01avch24d/itf/lv95/ch_lv95_251900.itf', 'text/x-interlis1', 'INTERLIS1', 2056, 'CH1903+/LV95', '2015-04-01 06:00:00');
INSERT INTO online_dataset (metadb_id, uri, format_mime, format_txt, srs_epsg, srs_txt, modified) VALUES ('62123488-77f3-45c9-963d-4de0e89a0fe9', 'http://www.catais.org/geodaten/ch/so/agi/av/geobau/dxf/2519.dxf', 'application/x-dxf', 'DXF-GEOBAU', 21781, 'CH1903/LV03', '2015-04-01 06:00:00');
INSERT INTO online_dataset (metadb_id, uri, format_mime, format_txt, srs_epsg, srs_txt, modified) VALUES ('62123488-77f3-45c9-963d-4de0e89a0fe9', 'http://www.catais.org/geodaten/ch/so/agi/av/mopublic/gpkg/lv03/d/2519.gpkg', 'application/x-sqlite3', 'GeoPackage', 21781, 'CH1903/LV03', '2015-04-01 06:00:00');
INSERT INTO metadb (identifier, namespace, title, abstract, metadata_link, "type", modified, canton, data_responsibility, x_min, y_min, x_max, y_max) VALUES ('d3e7e1f2-ff3e-43fd-bd6e-ea46f32576d2', 'http://www.geo.so.ch', 'Amtliche Vermessung - Gemeinde Halten (2520)', 'Amtliche Vermessung der Gemeinde Halten (2520)', 'http://www.geocat.ch/geonetwork/srv/ger/csw?service=CSW&amp;version=2.0.2&amp;request=GetRecordById&amp;elementSetName=full&amp;outputFormat=application/xml&amp;outputSchema=IsoRecord&amp;id=ab7a03e2-4bdd-4a49-bd92-4b0028bfcd51', 100, '2015-04-01 06:00:00', 'so', 'agi', 7.59686577307, 47.1620067407, 7.62780594643, 47.1744466141);
INSERT INTO metadb_relation (metadb_id_parent, metadb_id_child) VALUES ('3d69c24a-3bc0-42fc-a4f1-3aef480fc5b9', 'd3e7e1f2-ff3e-43fd-bd6e-ea46f32576d2');
INSERT INTO online_dataset (metadb_id, uri, format_mime, format_txt, srs_epsg, srs_txt, modified) VALUES ('d3e7e1f2-ff3e-43fd-bd6e-ea46f32576d2', 'http://www.catais.org/geodaten/ch/so/agi/av/dm01avch24d/itf/lv03/ch_252000.itf', 'text/x-interlis1', 'INTERLIS1', 21781, 'CH1903/LV03', '2015-04-01 06:00:00');
INSERT INTO online_dataset (metadb_id, uri, format_mime, format_txt, srs_epsg, srs_txt, modified) VALUES ('d3e7e1f2-ff3e-43fd-bd6e-ea46f32576d2', 'http://www.catais.org/geodaten/ch/so/agi/av/dm01avch24d/itf/lv95/ch_lv95_252000.itf', 'text/x-interlis1', 'INTERLIS1', 2056, 'CH1903+/LV95', '2015-04-01 06:00:00');
INSERT INTO online_dataset (metadb_id, uri, format_mime, format_txt, srs_epsg, srs_txt, modified) VALUES ('d3e7e1f2-ff3e-43fd-bd6e-ea46f32576d2', 'http://www.catais.org/geodaten/ch/so/agi/av/geobau/dxf/2520.dxf', 'application/x-dxf', 'DXF-GEOBAU', 21781, 'CH1903/LV03', '2015-04-01 06:00:00');
INSERT INTO online_dataset (metadb_id, uri, format_mime, format_txt, srs_epsg, srs_txt, modified) VALUES ('d3e7e1f2-ff3e-43fd-bd6e-ea46f32576d2', 'http://www.catais.org/geodaten/ch/so/agi/av/mopublic/gpkg/lv03/d/2520.gpkg', 'application/x-sqlite3', 'GeoPackage', 21781, 'CH1903/LV03', '2015-04-01 06:00:00');
INSERT INTO metadb (identifier, namespace, title, abstract, metadata_link, "type", modified, canton, data_responsibility, x_min, y_min, x_max, y_max) VALUES ('01388162-ca95-4b07-befc-e67b07ba80f4', 'http://www.geo.so.ch', 'Amtliche Vermessung - Gemeinde Horriwil (2523)', 'Amtliche Vermessung der Gemeinde Horriwil (2523)', 'http://www.geocat.ch/geonetwork/srv/ger/csw?service=CSW&amp;version=2.0.2&amp;request=GetRecordById&amp;elementSetName=full&amp;outputFormat=application/xml&amp;outputSchema=IsoRecord&amp;id=ab7a03e2-4bdd-4a49-bd92-4b0028bfcd51', 100, '2015-04-01 06:00:00', 'so', 'agi', 7.61088912729, 47.1708407378, 7.64598963095, 47.1903332193);
INSERT INTO metadb_relation (metadb_id_parent, metadb_id_child) VALUES ('3d69c24a-3bc0-42fc-a4f1-3aef480fc5b9', '01388162-ca95-4b07-befc-e67b07ba80f4');
INSERT INTO online_dataset (metadb_id, uri, format_mime, format_txt, srs_epsg, srs_txt, modified) VALUES ('01388162-ca95-4b07-befc-e67b07ba80f4', 'http://www.catais.org/geodaten/ch/so/agi/av/dm01avch24d/itf/lv03/ch_252300.itf', 'text/x-interlis1', 'INTERLIS1', 21781, 'CH1903/LV03', '2015-04-01 06:00:00');
INSERT INTO online_dataset (metadb_id, uri, format_mime, format_txt, srs_epsg, srs_txt, modified) VALUES ('01388162-ca95-4b07-befc-e67b07ba80f4', 'http://www.catais.org/geodaten/ch/so/agi/av/dm01avch24d/itf/lv95/ch_lv95_252300.itf', 'text/x-interlis1', 'INTERLIS1', 2056, 'CH1903+/LV95', '2015-04-01 06:00:00');
INSERT INTO online_dataset (metadb_id, uri, format_mime, format_txt, srs_epsg, srs_txt, modified) VALUES ('01388162-ca95-4b07-befc-e67b07ba80f4', 'http://www.catais.org/geodaten/ch/so/agi/av/geobau/dxf/2523.dxf', 'application/x-dxf', 'DXF-GEOBAU', 21781, 'CH1903/LV03', '2015-04-01 06:00:00');
INSERT INTO online_dataset (metadb_id, uri, format_mime, format_txt, srs_epsg, srs_txt, modified) VALUES ('01388162-ca95-4b07-befc-e67b07ba80f4', 'http://www.catais.org/geodaten/ch/so/agi/av/mopublic/gpkg/lv03/d/2523.gpkg', 'application/x-sqlite3', 'GeoPackage', 21781, 'CH1903/LV03', '2015-04-01 06:00:00');
INSERT INTO metadb (identifier, namespace, title, abstract, metadata_link, "type", modified, canton, data_responsibility, x_min, y_min, x_max, y_max) VALUES ('4123cd71-c26d-474e-9064-37bc9b8ec26b', 'http://www.geo.so.ch', 'Amtliche Vermessung - Gemeinde Hüniken (2524)', 'Amtliche Vermessung der Gemeinde Hüniken (2524)', 'http://www.geocat.ch/geonetwork/srv/ger/csw?service=CSW&amp;version=2.0.2&amp;request=GetRecordById&amp;elementSetName=full&amp;outputFormat=application/xml&amp;outputSchema=IsoRecord&amp;id=ab7a03e2-4bdd-4a49-bd92-4b0028bfcd51', 100, '2015-04-01 06:00:00', 'so', 'agi', 7.62688182695, 47.1765648159, 7.64273011297, 47.1896042002);
INSERT INTO metadb_relation (metadb_id_parent, metadb_id_child) VALUES ('3d69c24a-3bc0-42fc-a4f1-3aef480fc5b9', '4123cd71-c26d-474e-9064-37bc9b8ec26b');
INSERT INTO online_dataset (metadb_id, uri, format_mime, format_txt, srs_epsg, srs_txt, modified) VALUES ('4123cd71-c26d-474e-9064-37bc9b8ec26b', 'http://www.catais.org/geodaten/ch/so/agi/av/dm01avch24d/itf/lv03/ch_252400.itf', 'text/x-interlis1', 'INTERLIS1', 21781, 'CH1903/LV03', '2015-04-01 06:00:00');
INSERT INTO online_dataset (metadb_id, uri, format_mime, format_txt, srs_epsg, srs_txt, modified) VALUES ('4123cd71-c26d-474e-9064-37bc9b8ec26b', 'http://www.catais.org/geodaten/ch/so/agi/av/dm01avch24d/itf/lv95/ch_lv95_252400.itf', 'text/x-interlis1', 'INTERLIS1', 2056, 'CH1903+/LV95', '2015-04-01 06:00:00');
INSERT INTO online_dataset (metadb_id, uri, format_mime, format_txt, srs_epsg, srs_txt, modified) VALUES ('4123cd71-c26d-474e-9064-37bc9b8ec26b', 'http://www.catais.org/geodaten/ch/so/agi/av/geobau/dxf/2524.dxf', 'application/x-dxf', 'DXF-GEOBAU', 21781, 'CH1903/LV03', '2015-04-01 06:00:00');
INSERT INTO online_dataset (metadb_id, uri, format_mime, format_txt, srs_epsg, srs_txt, modified) VALUES ('4123cd71-c26d-474e-9064-37bc9b8ec26b', 'http://www.catais.org/geodaten/ch/so/agi/av/mopublic/gpkg/lv03/d/2524.gpkg', 'application/x-sqlite3', 'GeoPackage', 21781, 'CH1903/LV03', '2015-04-01 06:00:00');
INSERT INTO metadb (identifier, namespace, title, abstract, metadata_link, "type", modified, canton, data_responsibility, x_min, y_min, x_max, y_max) VALUES ('a7e39208-398d-40a3-a47a-02c7135c8bda', 'http://www.geo.so.ch', 'Amtliche Vermessung - Gemeinde Kriegstetten (2525)', 'Amtliche Vermessung der Gemeinde Kriegstetten (2525)', 'http://www.geocat.ch/geonetwork/srv/ger/csw?service=CSW&amp;version=2.0.2&amp;request=GetRecordById&amp;elementSetName=full&amp;outputFormat=application/xml&amp;outputSchema=IsoRecord&amp;id=ab7a03e2-4bdd-4a49-bd92-4b0028bfcd51', 100, '2015-04-01 06:00:00', 'so', 'agi', 7.58640099712, 47.1681430034, 7.60292222502, 47.1823335698);
INSERT INTO metadb_relation (metadb_id_parent, metadb_id_child) VALUES ('3d69c24a-3bc0-42fc-a4f1-3aef480fc5b9', 'a7e39208-398d-40a3-a47a-02c7135c8bda');
INSERT INTO online_dataset (metadb_id, uri, format_mime, format_txt, srs_epsg, srs_txt, modified) VALUES ('a7e39208-398d-40a3-a47a-02c7135c8bda', 'http://www.catais.org/geodaten/ch/so/agi/av/dm01avch24d/itf/lv03/ch_252500.itf', 'text/x-interlis1', 'INTERLIS1', 21781, 'CH1903/LV03', '2015-04-01 06:00:00');
INSERT INTO online_dataset (metadb_id, uri, format_mime, format_txt, srs_epsg, srs_txt, modified) VALUES ('a7e39208-398d-40a3-a47a-02c7135c8bda', 'http://www.catais.org/geodaten/ch/so/agi/av/dm01avch24d/itf/lv95/ch_lv95_252500.itf', 'text/x-interlis1', 'INTERLIS1', 2056, 'CH1903+/LV95', '2015-04-01 06:00:00');
INSERT INTO online_dataset (metadb_id, uri, format_mime, format_txt, srs_epsg, srs_txt, modified) VALUES ('a7e39208-398d-40a3-a47a-02c7135c8bda', 'http://www.catais.org/geodaten/ch/so/agi/av/geobau/dxf/2525.dxf', 'application/x-dxf', 'DXF-GEOBAU', 21781, 'CH1903/LV03', '2015-04-01 06:00:00');
INSERT INTO online_dataset (metadb_id, uri, format_mime, format_txt, srs_epsg, srs_txt, modified) VALUES ('a7e39208-398d-40a3-a47a-02c7135c8bda', 'http://www.catais.org/geodaten/ch/so/agi/av/mopublic/gpkg/lv03/d/2525.gpkg', 'application/x-sqlite3', 'GeoPackage', 21781, 'CH1903/LV03', '2015-04-01 06:00:00');
INSERT INTO metadb (identifier, namespace, title, abstract, metadata_link, "type", modified, canton, data_responsibility, x_min, y_min, x_max, y_max) VALUES ('108a9c6d-50ab-4759-adfa-a7c004466b9d', 'http://www.geo.so.ch', 'Amtliche Vermessung - Gemeinde Lohn-Ammannsegg (2526)', 'Amtliche Vermessung der Gemeinde Lohn-Ammannsegg (2526)', 'http://www.geocat.ch/geonetwork/srv/ger/csw?service=CSW&amp;version=2.0.2&amp;request=GetRecordById&amp;elementSetName=full&amp;outputFormat=application/xml&amp;outputSchema=IsoRecord&amp;id=ab7a03e2-4bdd-4a49-bd92-4b0028bfcd51', 100, '2015-04-01 06:00:00', 'so', 'agi', 7.51021648723, 47.1607115358, 7.54537920801, 47.1884820931);
INSERT INTO metadb_relation (metadb_id_parent, metadb_id_child) VALUES ('3d69c24a-3bc0-42fc-a4f1-3aef480fc5b9', '108a9c6d-50ab-4759-adfa-a7c004466b9d');
INSERT INTO online_dataset (metadb_id, uri, format_mime, format_txt, srs_epsg, srs_txt, modified) VALUES ('108a9c6d-50ab-4759-adfa-a7c004466b9d', 'http://www.catais.org/geodaten/ch/so/agi/av/dm01avch24d/itf/lv03/ch_252600.itf', 'text/x-interlis1', 'INTERLIS1', 21781, 'CH1903/LV03', '2015-04-01 06:00:00');
INSERT INTO online_dataset (metadb_id, uri, format_mime, format_txt, srs_epsg, srs_txt, modified) VALUES ('108a9c6d-50ab-4759-adfa-a7c004466b9d', 'http://www.catais.org/geodaten/ch/so/agi/av/dm01avch24d/itf/lv95/ch_lv95_252600.itf', 'text/x-interlis1', 'INTERLIS1', 2056, 'CH1903+/LV95', '2015-04-01 06:00:00');
INSERT INTO online_dataset (metadb_id, uri, format_mime, format_txt, srs_epsg, srs_txt, modified) VALUES ('108a9c6d-50ab-4759-adfa-a7c004466b9d', 'http://www.catais.org/geodaten/ch/so/agi/av/geobau/dxf/2526.dxf', 'application/x-dxf', 'DXF-GEOBAU', 21781, 'CH1903/LV03', '2015-04-01 06:00:00');
INSERT INTO online_dataset (metadb_id, uri, format_mime, format_txt, srs_epsg, srs_txt, modified) VALUES ('108a9c6d-50ab-4759-adfa-a7c004466b9d', 'http://www.catais.org/geodaten/ch/so/agi/av/mopublic/gpkg/lv03/d/2526.gpkg', 'application/x-sqlite3', 'GeoPackage', 21781, 'CH1903/LV03', '2015-04-01 06:00:00');
INSERT INTO metadb (identifier, namespace, title, abstract, metadata_link, "type", modified, canton, data_responsibility, x_min, y_min, x_max, y_max) VALUES ('e68cf50b-9783-4d82-aa76-6af75154ee92', 'http://www.geo.so.ch', 'Amtliche Vermessung - Gemeinde Luterbach (2527)', 'Amtliche Vermessung der Gemeinde Luterbach (2527)', 'http://www.geocat.ch/geonetwork/srv/ger/csw?service=CSW&amp;version=2.0.2&amp;request=GetRecordById&amp;elementSetName=full&amp;outputFormat=application/xml&amp;outputSchema=IsoRecord&amp;id=ab7a03e2-4bdd-4a49-bd92-4b0028bfcd51', 100, '2015-04-01 06:00:00', 'so', 'agi', 7.57072772948, 47.2003808007, 7.60437959894, 47.2276028418);
INSERT INTO metadb_relation (metadb_id_parent, metadb_id_child) VALUES ('3d69c24a-3bc0-42fc-a4f1-3aef480fc5b9', 'e68cf50b-9783-4d82-aa76-6af75154ee92');
INSERT INTO online_dataset (metadb_id, uri, format_mime, format_txt, srs_epsg, srs_txt, modified) VALUES ('e68cf50b-9783-4d82-aa76-6af75154ee92', 'http://www.catais.org/geodaten/ch/so/agi/av/dm01avch24d/itf/lv03/ch_252700.itf', 'text/x-interlis1', 'INTERLIS1', 21781, 'CH1903/LV03', '2015-04-01 06:00:00');
INSERT INTO online_dataset (metadb_id, uri, format_mime, format_txt, srs_epsg, srs_txt, modified) VALUES ('e68cf50b-9783-4d82-aa76-6af75154ee92', 'http://www.catais.org/geodaten/ch/so/agi/av/dm01avch24d/itf/lv95/ch_lv95_252700.itf', 'text/x-interlis1', 'INTERLIS1', 2056, 'CH1903+/LV95', '2015-04-01 06:00:00');
INSERT INTO online_dataset (metadb_id, uri, format_mime, format_txt, srs_epsg, srs_txt, modified) VALUES ('e68cf50b-9783-4d82-aa76-6af75154ee92', 'http://www.catais.org/geodaten/ch/so/agi/av/geobau/dxf/2527.dxf', 'application/x-dxf', 'DXF-GEOBAU', 21781, 'CH1903/LV03', '2015-04-01 06:00:00');
INSERT INTO online_dataset (metadb_id, uri, format_mime, format_txt, srs_epsg, srs_txt, modified) VALUES ('e68cf50b-9783-4d82-aa76-6af75154ee92', 'http://www.catais.org/geodaten/ch/so/agi/av/mopublic/gpkg/lv03/d/2527.gpkg', 'application/x-sqlite3', 'GeoPackage', 21781, 'CH1903/LV03', '2015-04-01 06:00:00');
INSERT INTO metadb (identifier, namespace, title, abstract, metadata_link, "type", modified, canton, data_responsibility, x_min, y_min, x_max, y_max) VALUES ('4694574b-d8c3-4f68-9a29-cb6f3ca5454f', 'http://www.geo.so.ch', 'Amtliche Vermessung - Gemeinde Obergerlafingen (2528)', 'Amtliche Vermessung der Gemeinde Obergerlafingen (2528)', 'http://www.geocat.ch/geonetwork/srv/ger/csw?service=CSW&amp;version=2.0.2&amp;request=GetRecordById&amp;elementSetName=full&amp;outputFormat=application/xml&amp;outputSchema=IsoRecord&amp;id=ab7a03e2-4bdd-4a49-bd92-4b0028bfcd51', 100, '2015-04-01 06:00:00', 'so', 'agi', 7.57490925629, 47.1475446834, 7.59154433526, 47.1739773883);
INSERT INTO metadb_relation (metadb_id_parent, metadb_id_child) VALUES ('3d69c24a-3bc0-42fc-a4f1-3aef480fc5b9', '4694574b-d8c3-4f68-9a29-cb6f3ca5454f');
INSERT INTO online_dataset (metadb_id, uri, format_mime, format_txt, srs_epsg, srs_txt, modified) VALUES ('4694574b-d8c3-4f68-9a29-cb6f3ca5454f', 'http://www.catais.org/geodaten/ch/so/agi/av/dm01avch24d/itf/lv03/ch_252800.itf', 'text/x-interlis1', 'INTERLIS1', 21781, 'CH1903/LV03', '2015-04-01 06:00:00');
INSERT INTO online_dataset (metadb_id, uri, format_mime, format_txt, srs_epsg, srs_txt, modified) VALUES ('4694574b-d8c3-4f68-9a29-cb6f3ca5454f', 'http://www.catais.org/geodaten/ch/so/agi/av/dm01avch24d/itf/lv95/ch_lv95_252800.itf', 'text/x-interlis1', 'INTERLIS1', 2056, 'CH1903+/LV95', '2015-04-01 06:00:00');
INSERT INTO online_dataset (metadb_id, uri, format_mime, format_txt, srs_epsg, srs_txt, modified) VALUES ('4694574b-d8c3-4f68-9a29-cb6f3ca5454f', 'http://www.catais.org/geodaten/ch/so/agi/av/geobau/dxf/2528.dxf', 'application/x-dxf', 'DXF-GEOBAU', 21781, 'CH1903/LV03', '2015-04-01 06:00:00');
INSERT INTO online_dataset (metadb_id, uri, format_mime, format_txt, srs_epsg, srs_txt, modified) VALUES ('4694574b-d8c3-4f68-9a29-cb6f3ca5454f', 'http://www.catais.org/geodaten/ch/so/agi/av/mopublic/gpkg/lv03/d/2528.gpkg', 'application/x-sqlite3', 'GeoPackage', 21781, 'CH1903/LV03', '2015-04-01 06:00:00');
INSERT INTO metadb (identifier, namespace, title, abstract, metadata_link, "type", modified, canton, data_responsibility, x_min, y_min, x_max, y_max) VALUES ('554d287d-cad9-4189-b6fb-611c88026ea5', 'http://www.geo.so.ch', 'Amtliche Vermessung - Gemeinde Oekingen (2529)', 'Amtliche Vermessung der Gemeinde Oekingen (2529)', 'http://www.geocat.ch/geonetwork/srv/ger/csw?service=CSW&amp;version=2.0.2&amp;request=GetRecordById&amp;elementSetName=full&amp;outputFormat=application/xml&amp;outputSchema=IsoRecord&amp;id=ab7a03e2-4bdd-4a49-bd92-4b0028bfcd51', 100, '2015-04-01 06:00:00', 'so', 'agi', 7.59940573709, 47.168569832, 7.63722018639, 47.1924099026);
INSERT INTO metadb_relation (metadb_id_parent, metadb_id_child) VALUES ('3d69c24a-3bc0-42fc-a4f1-3aef480fc5b9', '554d287d-cad9-4189-b6fb-611c88026ea5');
INSERT INTO online_dataset (metadb_id, uri, format_mime, format_txt, srs_epsg, srs_txt, modified) VALUES ('554d287d-cad9-4189-b6fb-611c88026ea5', 'http://www.catais.org/geodaten/ch/so/agi/av/dm01avch24d/itf/lv03/ch_252900.itf', 'text/x-interlis1', 'INTERLIS1', 21781, 'CH1903/LV03', '2015-04-01 06:00:00');
INSERT INTO online_dataset (metadb_id, uri, format_mime, format_txt, srs_epsg, srs_txt, modified) VALUES ('554d287d-cad9-4189-b6fb-611c88026ea5', 'http://www.catais.org/geodaten/ch/so/agi/av/dm01avch24d/itf/lv95/ch_lv95_252900.itf', 'text/x-interlis1', 'INTERLIS1', 2056, 'CH1903+/LV95', '2015-04-01 06:00:00');
INSERT INTO online_dataset (metadb_id, uri, format_mime, format_txt, srs_epsg, srs_txt, modified) VALUES ('554d287d-cad9-4189-b6fb-611c88026ea5', 'http://www.catais.org/geodaten/ch/so/agi/av/geobau/dxf/2529.dxf', 'application/x-dxf', 'DXF-GEOBAU', 21781, 'CH1903/LV03', '2015-04-01 06:00:00');
INSERT INTO online_dataset (metadb_id, uri, format_mime, format_txt, srs_epsg, srs_txt, modified) VALUES ('554d287d-cad9-4189-b6fb-611c88026ea5', 'http://www.catais.org/geodaten/ch/so/agi/av/mopublic/gpkg/lv03/d/2529.gpkg', 'application/x-sqlite3', 'GeoPackage', 21781, 'CH1903/LV03', '2015-04-01 06:00:00');
INSERT INTO metadb (identifier, namespace, title, abstract, metadata_link, "type", modified, canton, data_responsibility, x_min, y_min, x_max, y_max) VALUES ('1c84482d-47a9-4259-b7a4-595e38fa8c4f', 'http://www.geo.so.ch', 'Amtliche Vermessung - Gemeinde Recherswil (2530)', 'Amtliche Vermessung der Gemeinde Recherswil (2530)', 'http://www.geocat.ch/geonetwork/srv/ger/csw?service=CSW&amp;version=2.0.2&amp;request=GetRecordById&amp;elementSetName=full&amp;outputFormat=application/xml&amp;outputSchema=IsoRecord&amp;id=ab7a03e2-4bdd-4a49-bd92-4b0028bfcd51', 100, '2015-04-01 06:00:00', 'so', 'agi', 7.58364283369, 47.1516018594, 7.62449329784, 47.1701920928);
INSERT INTO metadb_relation (metadb_id_parent, metadb_id_child) VALUES ('3d69c24a-3bc0-42fc-a4f1-3aef480fc5b9', '1c84482d-47a9-4259-b7a4-595e38fa8c4f');
INSERT INTO online_dataset (metadb_id, uri, format_mime, format_txt, srs_epsg, srs_txt, modified) VALUES ('1c84482d-47a9-4259-b7a4-595e38fa8c4f', 'http://www.catais.org/geodaten/ch/so/agi/av/dm01avch24d/itf/lv03/ch_253000.itf', 'text/x-interlis1', 'INTERLIS1', 21781, 'CH1903/LV03', '2015-04-01 06:00:00');
INSERT INTO online_dataset (metadb_id, uri, format_mime, format_txt, srs_epsg, srs_txt, modified) VALUES ('1c84482d-47a9-4259-b7a4-595e38fa8c4f', 'http://www.catais.org/geodaten/ch/so/agi/av/dm01avch24d/itf/lv95/ch_lv95_253000.itf', 'text/x-interlis1', 'INTERLIS1', 2056, 'CH1903+/LV95', '2015-04-01 06:00:00');
INSERT INTO online_dataset (metadb_id, uri, format_mime, format_txt, srs_epsg, srs_txt, modified) VALUES ('1c84482d-47a9-4259-b7a4-595e38fa8c4f', 'http://www.catais.org/geodaten/ch/so/agi/av/geobau/dxf/2530.dxf', 'application/x-dxf', 'DXF-GEOBAU', 21781, 'CH1903/LV03', '2015-04-01 06:00:00');
INSERT INTO online_dataset (metadb_id, uri, format_mime, format_txt, srs_epsg, srs_txt, modified) VALUES ('1c84482d-47a9-4259-b7a4-595e38fa8c4f', 'http://www.catais.org/geodaten/ch/so/agi/av/mopublic/gpkg/lv03/d/2530.gpkg', 'application/x-sqlite3', 'GeoPackage', 21781, 'CH1903/LV03', '2015-04-01 06:00:00');
INSERT INTO metadb (identifier, namespace, title, abstract, metadata_link, "type", modified, canton, data_responsibility, x_min, y_min, x_max, y_max) VALUES ('6a4566ad-e401-4f5d-84de-0b60c72461a8', 'http://www.geo.so.ch', 'Amtliche Vermessung - Gemeinde Subingen (2532)', 'Amtliche Vermessung der Gemeinde Subingen (2532)', 'http://www.geocat.ch/geonetwork/srv/ger/csw?service=CSW&amp;version=2.0.2&amp;request=GetRecordById&amp;elementSetName=full&amp;outputFormat=application/xml&amp;outputSchema=IsoRecord&amp;id=ab7a03e2-4bdd-4a49-bd92-4b0028bfcd51', 100, '2015-04-01 06:00:00', 'so', 'agi', 7.59977193771, 47.1867607328, 7.65122172629, 47.2114996651);
INSERT INTO metadb_relation (metadb_id_parent, metadb_id_child) VALUES ('3d69c24a-3bc0-42fc-a4f1-3aef480fc5b9', '6a4566ad-e401-4f5d-84de-0b60c72461a8');
INSERT INTO online_dataset (metadb_id, uri, format_mime, format_txt, srs_epsg, srs_txt, modified) VALUES ('6a4566ad-e401-4f5d-84de-0b60c72461a8', 'http://www.catais.org/geodaten/ch/so/agi/av/dm01avch24d/itf/lv03/ch_253200.itf', 'text/x-interlis1', 'INTERLIS1', 21781, 'CH1903/LV03', '2015-04-01 06:00:00');
INSERT INTO online_dataset (metadb_id, uri, format_mime, format_txt, srs_epsg, srs_txt, modified) VALUES ('6a4566ad-e401-4f5d-84de-0b60c72461a8', 'http://www.catais.org/geodaten/ch/so/agi/av/dm01avch24d/itf/lv95/ch_lv95_253200.itf', 'text/x-interlis1', 'INTERLIS1', 2056, 'CH1903+/LV95', '2015-04-01 06:00:00');
INSERT INTO online_dataset (metadb_id, uri, format_mime, format_txt, srs_epsg, srs_txt, modified) VALUES ('6a4566ad-e401-4f5d-84de-0b60c72461a8', 'http://www.catais.org/geodaten/ch/so/agi/av/geobau/dxf/2532.dxf', 'application/x-dxf', 'DXF-GEOBAU', 21781, 'CH1903/LV03', '2015-04-01 06:00:00');
INSERT INTO online_dataset (metadb_id, uri, format_mime, format_txt, srs_epsg, srs_txt, modified) VALUES ('6a4566ad-e401-4f5d-84de-0b60c72461a8', 'http://www.catais.org/geodaten/ch/so/agi/av/mopublic/gpkg/lv03/d/2532.gpkg', 'application/x-sqlite3', 'GeoPackage', 21781, 'CH1903/LV03', '2015-04-01 06:00:00');
INSERT INTO metadb (identifier, namespace, title, abstract, metadata_link, "type", modified, canton, data_responsibility, x_min, y_min, x_max, y_max) VALUES ('ff796fb4-7729-4ae2-9cfe-7fc6997b05d6', 'http://www.geo.so.ch', 'Amtliche Vermessung - Gemeinde Zuchwil (2534)', 'Amtliche Vermessung der Gemeinde Zuchwil (2534)', 'http://www.geocat.ch/geonetwork/srv/ger/csw?service=CSW&amp;version=2.0.2&amp;request=GetRecordById&amp;elementSetName=full&amp;outputFormat=application/xml&amp;outputSchema=IsoRecord&amp;id=ab7a03e2-4bdd-4a49-bd92-4b0028bfcd51', 100, '2015-04-01 06:00:00', 'so', 'agi', 7.54495160407, 47.1932257836, 7.58004996214, 47.2191244124);
INSERT INTO metadb_relation (metadb_id_parent, metadb_id_child) VALUES ('3d69c24a-3bc0-42fc-a4f1-3aef480fc5b9', 'ff796fb4-7729-4ae2-9cfe-7fc6997b05d6');
INSERT INTO online_dataset (metadb_id, uri, format_mime, format_txt, srs_epsg, srs_txt, modified) VALUES ('ff796fb4-7729-4ae2-9cfe-7fc6997b05d6', 'http://www.catais.org/geodaten/ch/so/agi/av/dm01avch24d/itf/lv03/ch_253400.itf', 'text/x-interlis1', 'INTERLIS1', 21781, 'CH1903/LV03', '2015-04-01 06:00:00');
INSERT INTO online_dataset (metadb_id, uri, format_mime, format_txt, srs_epsg, srs_txt, modified) VALUES ('ff796fb4-7729-4ae2-9cfe-7fc6997b05d6', 'http://www.catais.org/geodaten/ch/so/agi/av/dm01avch24d/itf/lv95/ch_lv95_253400.itf', 'text/x-interlis1', 'INTERLIS1', 2056, 'CH1903+/LV95', '2015-04-01 06:00:00');
INSERT INTO online_dataset (metadb_id, uri, format_mime, format_txt, srs_epsg, srs_txt, modified) VALUES ('ff796fb4-7729-4ae2-9cfe-7fc6997b05d6', 'http://www.catais.org/geodaten/ch/so/agi/av/geobau/dxf/2534.dxf', 'application/x-dxf', 'DXF-GEOBAU', 21781, 'CH1903/LV03', '2015-04-01 06:00:00');
INSERT INTO online_dataset (metadb_id, uri, format_mime, format_txt, srs_epsg, srs_txt, modified) VALUES ('ff796fb4-7729-4ae2-9cfe-7fc6997b05d6', 'http://www.catais.org/geodaten/ch/so/agi/av/mopublic/gpkg/lv03/d/2534.gpkg', 'application/x-sqlite3', 'GeoPackage', 21781, 'CH1903/LV03', '2015-04-01 06:00:00');
INSERT INTO metadb (identifier, namespace, title, abstract, metadata_link, "type", modified, canton, data_responsibility, x_min, y_min, x_max, y_max) VALUES ('27f58e68-5bc3-4e58-9719-39608fac0aab', 'http://www.geo.so.ch', 'Amtliche Vermessung - Gemeinde Drei Höfe (2535)', 'Amtliche Vermessung der Gemeinde Drei Höfe (2535)', 'http://www.geocat.ch/geonetwork/srv/ger/csw?service=CSW&amp;version=2.0.2&amp;request=GetRecordById&amp;elementSetName=full&amp;outputFormat=application/xml&amp;outputSchema=IsoRecord&amp;id=ab7a03e2-4bdd-4a49-bd92-4b0028bfcd51', 100, '2015-04-01 06:00:00', 'so', 'agi', 7.61542158778, 47.1489201285, 7.65355397521, 47.171741565);
INSERT INTO metadb_relation (metadb_id_parent, metadb_id_child) VALUES ('3d69c24a-3bc0-42fc-a4f1-3aef480fc5b9', '27f58e68-5bc3-4e58-9719-39608fac0aab');
INSERT INTO online_dataset (metadb_id, uri, format_mime, format_txt, srs_epsg, srs_txt, modified) VALUES ('27f58e68-5bc3-4e58-9719-39608fac0aab', 'http://www.catais.org/geodaten/ch/so/agi/av/dm01avch24d/itf/lv03/ch_253500.itf', 'text/x-interlis1', 'INTERLIS1', 21781, 'CH1903/LV03', '2015-04-01 06:00:00');
INSERT INTO online_dataset (metadb_id, uri, format_mime, format_txt, srs_epsg, srs_txt, modified) VALUES ('27f58e68-5bc3-4e58-9719-39608fac0aab', 'http://www.catais.org/geodaten/ch/so/agi/av/dm01avch24d/itf/lv95/ch_lv95_253500.itf', 'text/x-interlis1', 'INTERLIS1', 2056, 'CH1903+/LV95', '2015-04-01 06:00:00');
INSERT INTO online_dataset (metadb_id, uri, format_mime, format_txt, srs_epsg, srs_txt, modified) VALUES ('27f58e68-5bc3-4e58-9719-39608fac0aab', 'http://www.catais.org/geodaten/ch/so/agi/av/geobau/dxf/2535.dxf', 'application/x-dxf', 'DXF-GEOBAU', 21781, 'CH1903/LV03', '2015-04-01 06:00:00');
INSERT INTO online_dataset (metadb_id, uri, format_mime, format_txt, srs_epsg, srs_txt, modified) VALUES ('27f58e68-5bc3-4e58-9719-39608fac0aab', 'http://www.catais.org/geodaten/ch/so/agi/av/mopublic/gpkg/lv03/d/2535.gpkg', 'application/x-sqlite3', 'GeoPackage', 21781, 'CH1903/LV03', '2015-04-01 06:00:00');
INSERT INTO metadb (identifier, namespace, title, abstract, metadata_link, "type", modified, canton, data_responsibility, x_min, y_min, x_max, y_max) VALUES ('1b2eccc9-497d-4790-af74-40ece52e0d3e', 'http://www.geo.so.ch', 'Amtliche Vermessung - Gemeinde Balm bei Günsberg (2541)', 'Amtliche Vermessung der Gemeinde Balm bei Günsberg (2541)', 'http://www.geocat.ch/geonetwork/srv/ger/csw?service=CSW&amp;version=2.0.2&amp;request=GetRecordById&amp;elementSetName=full&amp;outputFormat=application/xml&amp;outputSchema=IsoRecord&amp;id=ab7a03e2-4bdd-4a49-bd92-4b0028bfcd51', 100, '2015-04-01 06:00:00', 'so', 'agi', 7.51869749498, 47.2460811576, 7.56861779072, 47.2735484108);
INSERT INTO metadb_relation (metadb_id_parent, metadb_id_child) VALUES ('3d69c24a-3bc0-42fc-a4f1-3aef480fc5b9', '1b2eccc9-497d-4790-af74-40ece52e0d3e');
INSERT INTO online_dataset (metadb_id, uri, format_mime, format_txt, srs_epsg, srs_txt, modified) VALUES ('1b2eccc9-497d-4790-af74-40ece52e0d3e', 'http://www.catais.org/geodaten/ch/so/agi/av/dm01avch24d/itf/lv03/ch_254100.itf', 'text/x-interlis1', 'INTERLIS1', 21781, 'CH1903/LV03', '2015-04-01 06:00:00');
INSERT INTO online_dataset (metadb_id, uri, format_mime, format_txt, srs_epsg, srs_txt, modified) VALUES ('1b2eccc9-497d-4790-af74-40ece52e0d3e', 'http://www.catais.org/geodaten/ch/so/agi/av/dm01avch24d/itf/lv95/ch_lv95_254100.itf', 'text/x-interlis1', 'INTERLIS1', 2056, 'CH1903+/LV95', '2015-04-01 06:00:00');
INSERT INTO online_dataset (metadb_id, uri, format_mime, format_txt, srs_epsg, srs_txt, modified) VALUES ('1b2eccc9-497d-4790-af74-40ece52e0d3e', 'http://www.catais.org/geodaten/ch/so/agi/av/geobau/dxf/2541.dxf', 'application/x-dxf', 'DXF-GEOBAU', 21781, 'CH1903/LV03', '2015-04-01 06:00:00');
INSERT INTO online_dataset (metadb_id, uri, format_mime, format_txt, srs_epsg, srs_txt, modified) VALUES ('1b2eccc9-497d-4790-af74-40ece52e0d3e', 'http://www.catais.org/geodaten/ch/so/agi/av/mopublic/gpkg/lv03/d/2541.gpkg', 'application/x-sqlite3', 'GeoPackage', 21781, 'CH1903/LV03', '2015-04-01 06:00:00');
INSERT INTO metadb (identifier, namespace, title, abstract, metadata_link, "type", modified, canton, data_responsibility, x_min, y_min, x_max, y_max) VALUES ('73df87ba-3e79-4e71-92be-c3a58f8f7e29', 'http://www.geo.so.ch', 'Amtliche Vermessung - Gemeinde Bellach (2542)', 'Amtliche Vermessung der Gemeinde Bellach (2542)', 'http://www.geocat.ch/geonetwork/srv/ger/csw?service=CSW&amp;version=2.0.2&amp;request=GetRecordById&amp;elementSetName=full&amp;outputFormat=application/xml&amp;outputSchema=IsoRecord&amp;id=ab7a03e2-4bdd-4a49-bd92-4b0028bfcd51', 100, '2015-04-01 06:00:00', 'so', 'agi', 7.47586329757, 47.1962457472, 7.5164539341, 47.2241132311);
INSERT INTO metadb_relation (metadb_id_parent, metadb_id_child) VALUES ('3d69c24a-3bc0-42fc-a4f1-3aef480fc5b9', '73df87ba-3e79-4e71-92be-c3a58f8f7e29');
INSERT INTO online_dataset (metadb_id, uri, format_mime, format_txt, srs_epsg, srs_txt, modified) VALUES ('73df87ba-3e79-4e71-92be-c3a58f8f7e29', 'http://www.catais.org/geodaten/ch/so/agi/av/dm01avch24d/itf/lv03/ch_254200.itf', 'text/x-interlis1', 'INTERLIS1', 21781, 'CH1903/LV03', '2015-04-01 06:00:00');
INSERT INTO online_dataset (metadb_id, uri, format_mime, format_txt, srs_epsg, srs_txt, modified) VALUES ('73df87ba-3e79-4e71-92be-c3a58f8f7e29', 'http://www.catais.org/geodaten/ch/so/agi/av/dm01avch24d/itf/lv95/ch_lv95_254200.itf', 'text/x-interlis1', 'INTERLIS1', 2056, 'CH1903+/LV95', '2015-04-01 06:00:00');
INSERT INTO online_dataset (metadb_id, uri, format_mime, format_txt, srs_epsg, srs_txt, modified) VALUES ('73df87ba-3e79-4e71-92be-c3a58f8f7e29', 'http://www.catais.org/geodaten/ch/so/agi/av/geobau/dxf/2542.dxf', 'application/x-dxf', 'DXF-GEOBAU', 21781, 'CH1903/LV03', '2015-04-01 06:00:00');
INSERT INTO online_dataset (metadb_id, uri, format_mime, format_txt, srs_epsg, srs_txt, modified) VALUES ('73df87ba-3e79-4e71-92be-c3a58f8f7e29', 'http://www.catais.org/geodaten/ch/so/agi/av/mopublic/gpkg/lv03/d/2542.gpkg', 'application/x-sqlite3', 'GeoPackage', 21781, 'CH1903/LV03', '2015-04-01 06:00:00');
INSERT INTO metadb (identifier, namespace, title, abstract, metadata_link, "type", modified, canton, data_responsibility, x_min, y_min, x_max, y_max) VALUES ('32fcb64d-bb38-4e27-9f6c-cc47e52f0fb6', 'http://www.geo.so.ch', 'Amtliche Vermessung - Gemeinde Bettlach (2543)', 'Amtliche Vermessung der Gemeinde Bettlach (2543)', 'http://www.geocat.ch/geonetwork/srv/ger/csw?service=CSW&amp;version=2.0.2&amp;request=GetRecordById&amp;elementSetName=full&amp;outputFormat=application/xml&amp;outputSchema=IsoRecord&amp;id=ab7a03e2-4bdd-4a49-bd92-4b0028bfcd51', 100, '2015-04-01 06:00:00', 'so', 'agi', 7.38924535299, 47.17923064, 7.44993550598, 47.2323182342);
INSERT INTO metadb_relation (metadb_id_parent, metadb_id_child) VALUES ('3d69c24a-3bc0-42fc-a4f1-3aef480fc5b9', '32fcb64d-bb38-4e27-9f6c-cc47e52f0fb6');
INSERT INTO online_dataset (metadb_id, uri, format_mime, format_txt, srs_epsg, srs_txt, modified) VALUES ('32fcb64d-bb38-4e27-9f6c-cc47e52f0fb6', 'http://www.catais.org/geodaten/ch/so/agi/av/dm01avch24d/itf/lv03/ch_254300.itf', 'text/x-interlis1', 'INTERLIS1', 21781, 'CH1903/LV03', '2015-04-01 06:00:00');
INSERT INTO online_dataset (metadb_id, uri, format_mime, format_txt, srs_epsg, srs_txt, modified) VALUES ('32fcb64d-bb38-4e27-9f6c-cc47e52f0fb6', 'http://www.catais.org/geodaten/ch/so/agi/av/dm01avch24d/itf/lv95/ch_lv95_254300.itf', 'text/x-interlis1', 'INTERLIS1', 2056, 'CH1903+/LV95', '2015-04-01 06:00:00');
INSERT INTO online_dataset (metadb_id, uri, format_mime, format_txt, srs_epsg, srs_txt, modified) VALUES ('32fcb64d-bb38-4e27-9f6c-cc47e52f0fb6', 'http://www.catais.org/geodaten/ch/so/agi/av/geobau/dxf/2543.dxf', 'application/x-dxf', 'DXF-GEOBAU', 21781, 'CH1903/LV03', '2015-04-01 06:00:00');
INSERT INTO online_dataset (metadb_id, uri, format_mime, format_txt, srs_epsg, srs_txt, modified) VALUES ('32fcb64d-bb38-4e27-9f6c-cc47e52f0fb6', 'http://www.catais.org/geodaten/ch/so/agi/av/mopublic/gpkg/lv03/d/2543.gpkg', 'application/x-sqlite3', 'GeoPackage', 21781, 'CH1903/LV03', '2015-04-01 06:00:00');
INSERT INTO metadb (identifier, namespace, title, abstract, metadata_link, "type", modified, canton, data_responsibility, x_min, y_min, x_max, y_max) VALUES ('9c2b1994-c83e-488a-a770-0f9547e3155a', 'http://www.geo.so.ch', 'Amtliche Vermessung - Gemeinde Feldbrunnen-St. Niklaus (2544)', 'Amtliche Vermessung der Gemeinde Feldbrunnen-St. Niklaus (2544)', 'http://www.geocat.ch/geonetwork/srv/ger/csw?service=CSW&amp;version=2.0.2&amp;request=GetRecordById&amp;elementSetName=full&amp;outputFormat=application/xml&amp;outputSchema=IsoRecord&amp;id=ab7a03e2-4bdd-4a49-bd92-4b0028bfcd51', 100, '2015-04-01 06:00:00', 'so', 'agi', 7.54305511845, 47.2118699494, 7.56483361501, 47.2389948738);
INSERT INTO metadb_relation (metadb_id_parent, metadb_id_child) VALUES ('3d69c24a-3bc0-42fc-a4f1-3aef480fc5b9', '9c2b1994-c83e-488a-a770-0f9547e3155a');
INSERT INTO online_dataset (metadb_id, uri, format_mime, format_txt, srs_epsg, srs_txt, modified) VALUES ('9c2b1994-c83e-488a-a770-0f9547e3155a', 'http://www.catais.org/geodaten/ch/so/agi/av/dm01avch24d/itf/lv03/ch_254400.itf', 'text/x-interlis1', 'INTERLIS1', 21781, 'CH1903/LV03', '2015-04-01 06:00:00');
INSERT INTO online_dataset (metadb_id, uri, format_mime, format_txt, srs_epsg, srs_txt, modified) VALUES ('9c2b1994-c83e-488a-a770-0f9547e3155a', 'http://www.catais.org/geodaten/ch/so/agi/av/dm01avch24d/itf/lv95/ch_lv95_254400.itf', 'text/x-interlis1', 'INTERLIS1', 2056, 'CH1903+/LV95', '2015-04-01 06:00:00');
INSERT INTO online_dataset (metadb_id, uri, format_mime, format_txt, srs_epsg, srs_txt, modified) VALUES ('9c2b1994-c83e-488a-a770-0f9547e3155a', 'http://www.catais.org/geodaten/ch/so/agi/av/geobau/dxf/2544.dxf', 'application/x-dxf', 'DXF-GEOBAU', 21781, 'CH1903/LV03', '2015-04-01 06:00:00');
INSERT INTO online_dataset (metadb_id, uri, format_mime, format_txt, srs_epsg, srs_txt, modified) VALUES ('9c2b1994-c83e-488a-a770-0f9547e3155a', 'http://www.catais.org/geodaten/ch/so/agi/av/mopublic/gpkg/lv03/d/2544.gpkg', 'application/x-sqlite3', 'GeoPackage', 21781, 'CH1903/LV03', '2015-04-01 06:00:00');
INSERT INTO metadb (identifier, namespace, title, abstract, metadata_link, "type", modified, canton, data_responsibility, x_min, y_min, x_max, y_max) VALUES ('9426a602-6839-4e53-a838-a0c3e8ce8bbc', 'http://www.geo.so.ch', 'Amtliche Vermessung - Gemeinde Flumenthal (2545)', 'Amtliche Vermessung der Gemeinde Flumenthal (2545)', 'http://www.geocat.ch/geonetwork/srv/ger/csw?service=CSW&amp;version=2.0.2&amp;request=GetRecordById&amp;elementSetName=full&amp;outputFormat=application/xml&amp;outputSchema=IsoRecord&amp;id=ab7a03e2-4bdd-4a49-bd92-4b0028bfcd51', 100, '2015-04-01 06:00:00', 'so', 'agi', 7.58462523745, 47.224267203, 7.62076911659, 47.2453673266);
INSERT INTO metadb_relation (metadb_id_parent, metadb_id_child) VALUES ('3d69c24a-3bc0-42fc-a4f1-3aef480fc5b9', '9426a602-6839-4e53-a838-a0c3e8ce8bbc');
INSERT INTO online_dataset (metadb_id, uri, format_mime, format_txt, srs_epsg, srs_txt, modified) VALUES ('9426a602-6839-4e53-a838-a0c3e8ce8bbc', 'http://www.catais.org/geodaten/ch/so/agi/av/dm01avch24d/itf/lv03/ch_254500.itf', 'text/x-interlis1', 'INTERLIS1', 21781, 'CH1903/LV03', '2015-04-01 06:00:00');
INSERT INTO online_dataset (metadb_id, uri, format_mime, format_txt, srs_epsg, srs_txt, modified) VALUES ('9426a602-6839-4e53-a838-a0c3e8ce8bbc', 'http://www.catais.org/geodaten/ch/so/agi/av/dm01avch24d/itf/lv95/ch_lv95_254500.itf', 'text/x-interlis1', 'INTERLIS1', 2056, 'CH1903+/LV95', '2015-04-01 06:00:00');
INSERT INTO online_dataset (metadb_id, uri, format_mime, format_txt, srs_epsg, srs_txt, modified) VALUES ('9426a602-6839-4e53-a838-a0c3e8ce8bbc', 'http://www.catais.org/geodaten/ch/so/agi/av/geobau/dxf/2545.dxf', 'application/x-dxf', 'DXF-GEOBAU', 21781, 'CH1903/LV03', '2015-04-01 06:00:00');
INSERT INTO online_dataset (metadb_id, uri, format_mime, format_txt, srs_epsg, srs_txt, modified) VALUES ('9426a602-6839-4e53-a838-a0c3e8ce8bbc', 'http://www.catais.org/geodaten/ch/so/agi/av/mopublic/gpkg/lv03/d/2545.gpkg', 'application/x-sqlite3', 'GeoPackage', 21781, 'CH1903/LV03', '2015-04-01 06:00:00');
INSERT INTO metadb (identifier, namespace, title, abstract, metadata_link, "type", modified, canton, data_responsibility, x_min, y_min, x_max, y_max) VALUES ('377b7b2a-fd51-4441-93bc-40953330447a', 'http://www.geo.so.ch', 'Amtliche Vermessung - Gemeinde Grenchen (2546)', 'Amtliche Vermessung der Gemeinde Grenchen (2546)', 'http://www.geocat.ch/geonetwork/srv/ger/csw?service=CSW&amp;version=2.0.2&amp;request=GetRecordById&amp;elementSetName=full&amp;outputFormat=application/xml&amp;outputSchema=IsoRecord&amp;id=ab7a03e2-4bdd-4a49-bd92-4b0028bfcd51', 100, '2015-04-01 06:00:00', 'so', 'agi', 7.3404130274, 47.1595170135, 7.43179541013, 47.2405542475);
INSERT INTO metadb_relation (metadb_id_parent, metadb_id_child) VALUES ('3d69c24a-3bc0-42fc-a4f1-3aef480fc5b9', '377b7b2a-fd51-4441-93bc-40953330447a');
INSERT INTO online_dataset (metadb_id, uri, format_mime, format_txt, srs_epsg, srs_txt, modified) VALUES ('377b7b2a-fd51-4441-93bc-40953330447a', 'http://www.catais.org/geodaten/ch/so/agi/av/dm01avch24d/itf/lv03/ch_254600.itf', 'text/x-interlis1', 'INTERLIS1', 21781, 'CH1903/LV03', '2015-04-01 06:00:00');
INSERT INTO online_dataset (metadb_id, uri, format_mime, format_txt, srs_epsg, srs_txt, modified) VALUES ('377b7b2a-fd51-4441-93bc-40953330447a', 'http://www.catais.org/geodaten/ch/so/agi/av/dm01avch24d/itf/lv95/ch_lv95_254600.itf', 'text/x-interlis1', 'INTERLIS1', 2056, 'CH1903+/LV95', '2015-04-01 06:00:00');
INSERT INTO online_dataset (metadb_id, uri, format_mime, format_txt, srs_epsg, srs_txt, modified) VALUES ('377b7b2a-fd51-4441-93bc-40953330447a', 'http://www.catais.org/geodaten/ch/so/agi/av/geobau/dxf/2546.dxf', 'application/x-dxf', 'DXF-GEOBAU', 21781, 'CH1903/LV03', '2015-04-01 06:00:00');
INSERT INTO online_dataset (metadb_id, uri, format_mime, format_txt, srs_epsg, srs_txt, modified) VALUES ('377b7b2a-fd51-4441-93bc-40953330447a', 'http://www.catais.org/geodaten/ch/so/agi/av/mopublic/gpkg/lv03/d/2546.gpkg', 'application/x-sqlite3', 'GeoPackage', 21781, 'CH1903/LV03', '2015-04-01 06:00:00');
INSERT INTO metadb (identifier, namespace, title, abstract, metadata_link, "type", modified, canton, data_responsibility, x_min, y_min, x_max, y_max) VALUES ('2622a516-15b9-4bb8-a64f-1546edc01bf7', 'http://www.geo.so.ch', 'Amtliche Vermessung - Gemeinde Günsberg (2547)', 'Amtliche Vermessung der Gemeinde Günsberg (2547)', 'http://www.geocat.ch/geonetwork/srv/ger/csw?service=CSW&amp;version=2.0.2&amp;request=GetRecordById&amp;elementSetName=full&amp;outputFormat=application/xml&amp;outputSchema=IsoRecord&amp;id=ab7a03e2-4bdd-4a49-bd92-4b0028bfcd51', 100, '2015-04-01 06:00:00', 'so', 'agi', 7.5481138955, 47.2492192754, 7.59490336926, 47.2763475554);
INSERT INTO metadb_relation (metadb_id_parent, metadb_id_child) VALUES ('3d69c24a-3bc0-42fc-a4f1-3aef480fc5b9', '2622a516-15b9-4bb8-a64f-1546edc01bf7');
INSERT INTO online_dataset (metadb_id, uri, format_mime, format_txt, srs_epsg, srs_txt, modified) VALUES ('2622a516-15b9-4bb8-a64f-1546edc01bf7', 'http://www.catais.org/geodaten/ch/so/agi/av/dm01avch24d/itf/lv03/ch_254700.itf', 'text/x-interlis1', 'INTERLIS1', 21781, 'CH1903/LV03', '2015-04-01 06:00:00');
INSERT INTO online_dataset (metadb_id, uri, format_mime, format_txt, srs_epsg, srs_txt, modified) VALUES ('2622a516-15b9-4bb8-a64f-1546edc01bf7', 'http://www.catais.org/geodaten/ch/so/agi/av/dm01avch24d/itf/lv95/ch_lv95_254700.itf', 'text/x-interlis1', 'INTERLIS1', 2056, 'CH1903+/LV95', '2015-04-01 06:00:00');
INSERT INTO online_dataset (metadb_id, uri, format_mime, format_txt, srs_epsg, srs_txt, modified) VALUES ('2622a516-15b9-4bb8-a64f-1546edc01bf7', 'http://www.catais.org/geodaten/ch/so/agi/av/geobau/dxf/2547.dxf', 'application/x-dxf', 'DXF-GEOBAU', 21781, 'CH1903/LV03', '2015-04-01 06:00:00');
INSERT INTO online_dataset (metadb_id, uri, format_mime, format_txt, srs_epsg, srs_txt, modified) VALUES ('2622a516-15b9-4bb8-a64f-1546edc01bf7', 'http://www.catais.org/geodaten/ch/so/agi/av/mopublic/gpkg/lv03/d/2547.gpkg', 'application/x-sqlite3', 'GeoPackage', 21781, 'CH1903/LV03', '2015-04-01 06:00:00');
INSERT INTO metadb (identifier, namespace, title, abstract, metadata_link, "type", modified, canton, data_responsibility, x_min, y_min, x_max, y_max) VALUES ('1e01c81e-d214-4844-9449-fab020d5c723', 'http://www.geo.so.ch', 'Amtliche Vermessung - Gemeinde Hubersdorf (2548)', 'Amtliche Vermessung der Gemeinde Hubersdorf (2548)', 'http://www.geocat.ch/geonetwork/srv/ger/csw?service=CSW&amp;version=2.0.2&amp;request=GetRecordById&amp;elementSetName=full&amp;outputFormat=application/xml&amp;outputSchema=IsoRecord&amp;id=ab7a03e2-4bdd-4a49-bd92-4b0028bfcd51', 100, '2015-04-01 06:00:00', 'so', 'agi', 7.57965959895, 47.2385126211, 7.59827993826, 47.2512264593);
INSERT INTO metadb_relation (metadb_id_parent, metadb_id_child) VALUES ('3d69c24a-3bc0-42fc-a4f1-3aef480fc5b9', '1e01c81e-d214-4844-9449-fab020d5c723');
INSERT INTO online_dataset (metadb_id, uri, format_mime, format_txt, srs_epsg, srs_txt, modified) VALUES ('1e01c81e-d214-4844-9449-fab020d5c723', 'http://www.catais.org/geodaten/ch/so/agi/av/dm01avch24d/itf/lv03/ch_254800.itf', 'text/x-interlis1', 'INTERLIS1', 21781, 'CH1903/LV03', '2015-04-01 06:00:00');
INSERT INTO online_dataset (metadb_id, uri, format_mime, format_txt, srs_epsg, srs_txt, modified) VALUES ('1e01c81e-d214-4844-9449-fab020d5c723', 'http://www.catais.org/geodaten/ch/so/agi/av/dm01avch24d/itf/lv95/ch_lv95_254800.itf', 'text/x-interlis1', 'INTERLIS1', 2056, 'CH1903+/LV95', '2015-04-01 06:00:00');
INSERT INTO online_dataset (metadb_id, uri, format_mime, format_txt, srs_epsg, srs_txt, modified) VALUES ('1e01c81e-d214-4844-9449-fab020d5c723', 'http://www.catais.org/geodaten/ch/so/agi/av/geobau/dxf/2548.dxf', 'application/x-dxf', 'DXF-GEOBAU', 21781, 'CH1903/LV03', '2015-04-01 06:00:00');
INSERT INTO online_dataset (metadb_id, uri, format_mime, format_txt, srs_epsg, srs_txt, modified) VALUES ('1e01c81e-d214-4844-9449-fab020d5c723', 'http://www.catais.org/geodaten/ch/so/agi/av/mopublic/gpkg/lv03/d/2548.gpkg', 'application/x-sqlite3', 'GeoPackage', 21781, 'CH1903/LV03', '2015-04-01 06:00:00');
INSERT INTO metadb (identifier, namespace, title, abstract, metadata_link, "type", modified, canton, data_responsibility, x_min, y_min, x_max, y_max) VALUES ('9eb0b0b5-e7a2-46f3-9c8e-8b7e727a99d6', 'http://www.geo.so.ch', 'Amtliche Vermessung - Gemeinde Kammersrohr (2549)', 'Amtliche Vermessung der Gemeinde Kammersrohr (2549)', 'http://www.geocat.ch/geonetwork/srv/ger/csw?service=CSW&amp;version=2.0.2&amp;request=GetRecordById&amp;elementSetName=full&amp;outputFormat=application/xml&amp;outputSchema=IsoRecord&amp;id=ab7a03e2-4bdd-4a49-bd92-4b0028bfcd51', 100, '2015-04-01 06:00:00', 'so', 'agi', 7.58667695777, 47.249741561, 7.59772376392, 47.2637495282);
INSERT INTO metadb_relation (metadb_id_parent, metadb_id_child) VALUES ('3d69c24a-3bc0-42fc-a4f1-3aef480fc5b9', '9eb0b0b5-e7a2-46f3-9c8e-8b7e727a99d6');
INSERT INTO online_dataset (metadb_id, uri, format_mime, format_txt, srs_epsg, srs_txt, modified) VALUES ('9eb0b0b5-e7a2-46f3-9c8e-8b7e727a99d6', 'http://www.catais.org/geodaten/ch/so/agi/av/dm01avch24d/itf/lv03/ch_254900.itf', 'text/x-interlis1', 'INTERLIS1', 21781, 'CH1903/LV03', '2015-04-01 06:00:00');
INSERT INTO online_dataset (metadb_id, uri, format_mime, format_txt, srs_epsg, srs_txt, modified) VALUES ('9eb0b0b5-e7a2-46f3-9c8e-8b7e727a99d6', 'http://www.catais.org/geodaten/ch/so/agi/av/dm01avch24d/itf/lv95/ch_lv95_254900.itf', 'text/x-interlis1', 'INTERLIS1', 2056, 'CH1903+/LV95', '2015-04-01 06:00:00');
INSERT INTO online_dataset (metadb_id, uri, format_mime, format_txt, srs_epsg, srs_txt, modified) VALUES ('9eb0b0b5-e7a2-46f3-9c8e-8b7e727a99d6', 'http://www.catais.org/geodaten/ch/so/agi/av/geobau/dxf/2549.dxf', 'application/x-dxf', 'DXF-GEOBAU', 21781, 'CH1903/LV03', '2015-04-01 06:00:00');
INSERT INTO online_dataset (metadb_id, uri, format_mime, format_txt, srs_epsg, srs_txt, modified) VALUES ('9eb0b0b5-e7a2-46f3-9c8e-8b7e727a99d6', 'http://www.catais.org/geodaten/ch/so/agi/av/mopublic/gpkg/lv03/d/2549.gpkg', 'application/x-sqlite3', 'GeoPackage', 21781, 'CH1903/LV03', '2015-04-01 06:00:00');
INSERT INTO metadb (identifier, namespace, title, abstract, metadata_link, "type", modified, canton, data_responsibility, x_min, y_min, x_max, y_max) VALUES ('454a16a5-e770-4996-85fe-dd5bea5fe395', 'http://www.geo.so.ch', 'Amtliche Vermessung - Gemeinde Langendorf (2550)', 'Amtliche Vermessung der Gemeinde Langendorf (2550)', 'http://www.geocat.ch/geonetwork/srv/ger/csw?service=CSW&amp;version=2.0.2&amp;request=GetRecordById&amp;elementSetName=full&amp;outputFormat=application/xml&amp;outputSchema=IsoRecord&amp;id=ab7a03e2-4bdd-4a49-bd92-4b0028bfcd51', 100, '2015-04-01 06:00:00', 'so', 'agi', 7.50161168095, 47.2124031089, 7.52818551102, 47.230767702);
INSERT INTO metadb_relation (metadb_id_parent, metadb_id_child) VALUES ('3d69c24a-3bc0-42fc-a4f1-3aef480fc5b9', '454a16a5-e770-4996-85fe-dd5bea5fe395');
INSERT INTO online_dataset (metadb_id, uri, format_mime, format_txt, srs_epsg, srs_txt, modified) VALUES ('454a16a5-e770-4996-85fe-dd5bea5fe395', 'http://www.catais.org/geodaten/ch/so/agi/av/dm01avch24d/itf/lv03/ch_255000.itf', 'text/x-interlis1', 'INTERLIS1', 21781, 'CH1903/LV03', '2015-04-01 06:00:00');
INSERT INTO online_dataset (metadb_id, uri, format_mime, format_txt, srs_epsg, srs_txt, modified) VALUES ('454a16a5-e770-4996-85fe-dd5bea5fe395', 'http://www.catais.org/geodaten/ch/so/agi/av/dm01avch24d/itf/lv95/ch_lv95_255000.itf', 'text/x-interlis1', 'INTERLIS1', 2056, 'CH1903+/LV95', '2015-04-01 06:00:00');
INSERT INTO online_dataset (metadb_id, uri, format_mime, format_txt, srs_epsg, srs_txt, modified) VALUES ('454a16a5-e770-4996-85fe-dd5bea5fe395', 'http://www.catais.org/geodaten/ch/so/agi/av/geobau/dxf/2550.dxf', 'application/x-dxf', 'DXF-GEOBAU', 21781, 'CH1903/LV03', '2015-04-01 06:00:00');
INSERT INTO online_dataset (metadb_id, uri, format_mime, format_txt, srs_epsg, srs_txt, modified) VALUES ('454a16a5-e770-4996-85fe-dd5bea5fe395', 'http://www.catais.org/geodaten/ch/so/agi/av/mopublic/gpkg/lv03/d/2550.gpkg', 'application/x-sqlite3', 'GeoPackage', 21781, 'CH1903/LV03', '2015-04-01 06:00:00');
INSERT INTO metadb (identifier, namespace, title, abstract, metadata_link, "type", modified, canton, data_responsibility, x_min, y_min, x_max, y_max) VALUES ('c29260fb-9cdf-45aa-a21c-54ae8d1a89a2', 'http://www.geo.so.ch', 'Amtliche Vermessung - Gemeinde Lommiswil (2551)', 'Amtliche Vermessung der Gemeinde Lommiswil (2551)', 'http://www.geocat.ch/geonetwork/srv/ger/csw?service=CSW&amp;version=2.0.2&amp;request=GetRecordById&amp;elementSetName=full&amp;outputFormat=application/xml&amp;outputSchema=IsoRecord&amp;id=ab7a03e2-4bdd-4a49-bd92-4b0028bfcd51', 100, '2015-04-01 06:00:00', 'so', 'agi', 7.45059828842, 47.2142160531, 7.48916961465, 47.2437462818);
INSERT INTO metadb_relation (metadb_id_parent, metadb_id_child) VALUES ('3d69c24a-3bc0-42fc-a4f1-3aef480fc5b9', 'c29260fb-9cdf-45aa-a21c-54ae8d1a89a2');
INSERT INTO online_dataset (metadb_id, uri, format_mime, format_txt, srs_epsg, srs_txt, modified) VALUES ('c29260fb-9cdf-45aa-a21c-54ae8d1a89a2', 'http://www.catais.org/geodaten/ch/so/agi/av/dm01avch24d/itf/lv03/ch_255100.itf', 'text/x-interlis1', 'INTERLIS1', 21781, 'CH1903/LV03', '2015-04-01 06:00:00');
INSERT INTO online_dataset (metadb_id, uri, format_mime, format_txt, srs_epsg, srs_txt, modified) VALUES ('c29260fb-9cdf-45aa-a21c-54ae8d1a89a2', 'http://www.catais.org/geodaten/ch/so/agi/av/dm01avch24d/itf/lv95/ch_lv95_255100.itf', 'text/x-interlis1', 'INTERLIS1', 2056, 'CH1903+/LV95', '2015-04-01 06:00:00');
INSERT INTO online_dataset (metadb_id, uri, format_mime, format_txt, srs_epsg, srs_txt, modified) VALUES ('c29260fb-9cdf-45aa-a21c-54ae8d1a89a2', 'http://www.catais.org/geodaten/ch/so/agi/av/geobau/dxf/2551.dxf', 'application/x-dxf', 'DXF-GEOBAU', 21781, 'CH1903/LV03', '2015-04-01 06:00:00');
INSERT INTO online_dataset (metadb_id, uri, format_mime, format_txt, srs_epsg, srs_txt, modified) VALUES ('c29260fb-9cdf-45aa-a21c-54ae8d1a89a2', 'http://www.catais.org/geodaten/ch/so/agi/av/mopublic/gpkg/lv03/d/2551.gpkg', 'application/x-sqlite3', 'GeoPackage', 21781, 'CH1903/LV03', '2015-04-01 06:00:00');
INSERT INTO metadb (identifier, namespace, title, abstract, metadata_link, "type", modified, canton, data_responsibility, x_min, y_min, x_max, y_max) VALUES ('0bf4cad9-cc2b-4780-86f6-5ebee0fe38c1', 'http://www.geo.so.ch', 'Amtliche Vermessung - Gemeinde Oberdorf (SO) (2553)', 'Amtliche Vermessung der Gemeinde Oberdorf (SO) (2553)', 'http://www.geocat.ch/geonetwork/srv/ger/csw?service=CSW&amp;version=2.0.2&amp;request=GetRecordById&amp;elementSetName=full&amp;outputFormat=application/xml&amp;outputSchema=IsoRecord&amp;id=ab7a03e2-4bdd-4a49-bd92-4b0028bfcd51', 100, '2015-04-01 06:00:00', 'so', 'agi', 7.45297089928, 47.2203073372, 7.52563049213, 47.2576365704);
INSERT INTO metadb_relation (metadb_id_parent, metadb_id_child) VALUES ('3d69c24a-3bc0-42fc-a4f1-3aef480fc5b9', '0bf4cad9-cc2b-4780-86f6-5ebee0fe38c1');
INSERT INTO online_dataset (metadb_id, uri, format_mime, format_txt, srs_epsg, srs_txt, modified) VALUES ('0bf4cad9-cc2b-4780-86f6-5ebee0fe38c1', 'http://www.catais.org/geodaten/ch/so/agi/av/dm01avch24d/itf/lv03/ch_255300.itf', 'text/x-interlis1', 'INTERLIS1', 21781, 'CH1903/LV03', '2015-04-01 06:00:00');
INSERT INTO online_dataset (metadb_id, uri, format_mime, format_txt, srs_epsg, srs_txt, modified) VALUES ('0bf4cad9-cc2b-4780-86f6-5ebee0fe38c1', 'http://www.catais.org/geodaten/ch/so/agi/av/dm01avch24d/itf/lv95/ch_lv95_255300.itf', 'text/x-interlis1', 'INTERLIS1', 2056, 'CH1903+/LV95', '2015-04-01 06:00:00');
INSERT INTO online_dataset (metadb_id, uri, format_mime, format_txt, srs_epsg, srs_txt, modified) VALUES ('0bf4cad9-cc2b-4780-86f6-5ebee0fe38c1', 'http://www.catais.org/geodaten/ch/so/agi/av/geobau/dxf/2553.dxf', 'application/x-dxf', 'DXF-GEOBAU', 21781, 'CH1903/LV03', '2015-04-01 06:00:00');
INSERT INTO online_dataset (metadb_id, uri, format_mime, format_txt, srs_epsg, srs_txt, modified) VALUES ('0bf4cad9-cc2b-4780-86f6-5ebee0fe38c1', 'http://www.catais.org/geodaten/ch/so/agi/av/mopublic/gpkg/lv03/d/2553.gpkg', 'application/x-sqlite3', 'GeoPackage', 21781, 'CH1903/LV03', '2015-04-01 06:00:00');
INSERT INTO metadb (identifier, namespace, title, abstract, metadata_link, "type", modified, canton, data_responsibility, x_min, y_min, x_max, y_max) VALUES ('96292c02-b639-409d-9526-0c6c0ffa7b03', 'http://www.geo.so.ch', 'Amtliche Vermessung - Gemeinde Riedholz (2554)', 'Amtliche Vermessung der Gemeinde Riedholz (2554)', 'http://www.geocat.ch/geonetwork/srv/ger/csw?service=CSW&amp;version=2.0.2&amp;request=GetRecordById&amp;elementSetName=full&amp;outputFormat=application/xml&amp;outputSchema=IsoRecord&amp;id=ab7a03e2-4bdd-4a49-bd92-4b0028bfcd51', 100, '2015-04-01 06:00:00', 'so', 'agi', 7.55015232516, 47.2170839036, 7.59436851858, 47.2567913575);
INSERT INTO metadb_relation (metadb_id_parent, metadb_id_child) VALUES ('3d69c24a-3bc0-42fc-a4f1-3aef480fc5b9', '96292c02-b639-409d-9526-0c6c0ffa7b03');
INSERT INTO online_dataset (metadb_id, uri, format_mime, format_txt, srs_epsg, srs_txt, modified) VALUES ('96292c02-b639-409d-9526-0c6c0ffa7b03', 'http://www.catais.org/geodaten/ch/so/agi/av/dm01avch24d/itf/lv03/ch_255400.itf', 'text/x-interlis1', 'INTERLIS1', 21781, 'CH1903/LV03', '2015-04-01 06:00:00');
INSERT INTO online_dataset (metadb_id, uri, format_mime, format_txt, srs_epsg, srs_txt, modified) VALUES ('96292c02-b639-409d-9526-0c6c0ffa7b03', 'http://www.catais.org/geodaten/ch/so/agi/av/dm01avch24d/itf/lv95/ch_lv95_255400.itf', 'text/x-interlis1', 'INTERLIS1', 2056, 'CH1903+/LV95', '2015-04-01 06:00:00');
INSERT INTO online_dataset (metadb_id, uri, format_mime, format_txt, srs_epsg, srs_txt, modified) VALUES ('96292c02-b639-409d-9526-0c6c0ffa7b03', 'http://www.catais.org/geodaten/ch/so/agi/av/geobau/dxf/2554.dxf', 'application/x-dxf', 'DXF-GEOBAU', 21781, 'CH1903/LV03', '2015-04-01 06:00:00');
INSERT INTO online_dataset (metadb_id, uri, format_mime, format_txt, srs_epsg, srs_txt, modified) VALUES ('96292c02-b639-409d-9526-0c6c0ffa7b03', 'http://www.catais.org/geodaten/ch/so/agi/av/mopublic/gpkg/lv03/d/2554.gpkg', 'application/x-sqlite3', 'GeoPackage', 21781, 'CH1903/LV03', '2015-04-01 06:00:00');
INSERT INTO metadb (identifier, namespace, title, abstract, metadata_link, "type", modified, canton, data_responsibility, x_min, y_min, x_max, y_max) VALUES ('eb9826a6-d19b-43d4-9cfa-0fed7eeb4695', 'http://www.geo.so.ch', 'Amtliche Vermessung - Gemeinde Rüttenen (2555)', 'Amtliche Vermessung der Gemeinde Rüttenen (2555)', 'http://www.geocat.ch/geonetwork/srv/ger/csw?service=CSW&amp;version=2.0.2&amp;request=GetRecordById&amp;elementSetName=full&amp;outputFormat=application/xml&amp;outputSchema=IsoRecord&amp;id=ab7a03e2-4bdd-4a49-bd92-4b0028bfcd51', 100, '2015-04-01 06:00:00', 'so', 'agi', 7.512368399, 47.2183895633, 7.55718547359, 47.2601457291);
INSERT INTO metadb_relation (metadb_id_parent, metadb_id_child) VALUES ('3d69c24a-3bc0-42fc-a4f1-3aef480fc5b9', 'eb9826a6-d19b-43d4-9cfa-0fed7eeb4695');
INSERT INTO online_dataset (metadb_id, uri, format_mime, format_txt, srs_epsg, srs_txt, modified) VALUES ('eb9826a6-d19b-43d4-9cfa-0fed7eeb4695', 'http://www.catais.org/geodaten/ch/so/agi/av/dm01avch24d/itf/lv03/ch_255500.itf', 'text/x-interlis1', 'INTERLIS1', 21781, 'CH1903/LV03', '2015-04-01 06:00:00');
INSERT INTO online_dataset (metadb_id, uri, format_mime, format_txt, srs_epsg, srs_txt, modified) VALUES ('eb9826a6-d19b-43d4-9cfa-0fed7eeb4695', 'http://www.catais.org/geodaten/ch/so/agi/av/dm01avch24d/itf/lv95/ch_lv95_255500.itf', 'text/x-interlis1', 'INTERLIS1', 2056, 'CH1903+/LV95', '2015-04-01 06:00:00');
INSERT INTO online_dataset (metadb_id, uri, format_mime, format_txt, srs_epsg, srs_txt, modified) VALUES ('eb9826a6-d19b-43d4-9cfa-0fed7eeb4695', 'http://www.catais.org/geodaten/ch/so/agi/av/geobau/dxf/2555.dxf', 'application/x-dxf', 'DXF-GEOBAU', 21781, 'CH1903/LV03', '2015-04-01 06:00:00');
INSERT INTO online_dataset (metadb_id, uri, format_mime, format_txt, srs_epsg, srs_txt, modified) VALUES ('eb9826a6-d19b-43d4-9cfa-0fed7eeb4695', 'http://www.catais.org/geodaten/ch/so/agi/av/mopublic/gpkg/lv03/d/2555.gpkg', 'application/x-sqlite3', 'GeoPackage', 21781, 'CH1903/LV03', '2015-04-01 06:00:00');
INSERT INTO metadb (identifier, namespace, title, abstract, metadata_link, "type", modified, canton, data_responsibility, x_min, y_min, x_max, y_max) VALUES ('a6c5df3f-0268-48a2-bbfd-c502ec65d3bd', 'http://www.geo.so.ch', 'Amtliche Vermessung - Gemeinde Selzach (2556)', 'Amtliche Vermessung der Gemeinde Selzach (2556)', 'http://www.geocat.ch/geonetwork/srv/ger/csw?service=CSW&amp;version=2.0.2&amp;request=GetRecordById&amp;elementSetName=full&amp;outputFormat=application/xml&amp;outputSchema=IsoRecord&amp;id=ab7a03e2-4bdd-4a49-bd92-4b0028bfcd51', 100, '2015-04-01 06:00:00', 'so', 'agi', 7.40932989536, 47.1839383387, 7.48525687154, 47.2516624244);
INSERT INTO metadb_relation (metadb_id_parent, metadb_id_child) VALUES ('3d69c24a-3bc0-42fc-a4f1-3aef480fc5b9', 'a6c5df3f-0268-48a2-bbfd-c502ec65d3bd');
INSERT INTO online_dataset (metadb_id, uri, format_mime, format_txt, srs_epsg, srs_txt, modified) VALUES ('a6c5df3f-0268-48a2-bbfd-c502ec65d3bd', 'http://www.catais.org/geodaten/ch/so/agi/av/dm01avch24d/itf/lv03/ch_255600.itf', 'text/x-interlis1', 'INTERLIS1', 21781, 'CH1903/LV03', '2015-04-01 06:00:00');
INSERT INTO online_dataset (metadb_id, uri, format_mime, format_txt, srs_epsg, srs_txt, modified) VALUES ('a6c5df3f-0268-48a2-bbfd-c502ec65d3bd', 'http://www.catais.org/geodaten/ch/so/agi/av/dm01avch24d/itf/lv95/ch_lv95_255600.itf', 'text/x-interlis1', 'INTERLIS1', 2056, 'CH1903+/LV95', '2015-04-01 06:00:00');
INSERT INTO online_dataset (metadb_id, uri, format_mime, format_txt, srs_epsg, srs_txt, modified) VALUES ('a6c5df3f-0268-48a2-bbfd-c502ec65d3bd', 'http://www.catais.org/geodaten/ch/so/agi/av/geobau/dxf/2556.dxf', 'application/x-dxf', 'DXF-GEOBAU', 21781, 'CH1903/LV03', '2015-04-01 06:00:00');
INSERT INTO online_dataset (metadb_id, uri, format_mime, format_txt, srs_epsg, srs_txt, modified) VALUES ('a6c5df3f-0268-48a2-bbfd-c502ec65d3bd', 'http://www.catais.org/geodaten/ch/so/agi/av/mopublic/gpkg/lv03/d/2556.gpkg', 'application/x-sqlite3', 'GeoPackage', 21781, 'CH1903/LV03', '2015-04-01 06:00:00');
INSERT INTO metadb (identifier, namespace, title, abstract, metadata_link, "type", modified, canton, data_responsibility, x_min, y_min, x_max, y_max) VALUES ('5faf0c49-509d-4e28-af89-6c8640f12a57', 'http://www.geo.so.ch', 'Amtliche Vermessung - Gemeinde Boningen (2571)', 'Amtliche Vermessung der Gemeinde Boningen (2571)', 'http://www.geocat.ch/geonetwork/srv/ger/csw?service=CSW&amp;version=2.0.2&amp;request=GetRecordById&amp;elementSetName=full&amp;outputFormat=application/xml&amp;outputSchema=IsoRecord&amp;id=ab7a03e2-4bdd-4a49-bd92-4b0028bfcd51', 100, '2015-04-01 06:00:00', 'so', 'agi', 7.84057026181, 47.2883718852, 7.88074216103, 47.3138233653);
INSERT INTO metadb_relation (metadb_id_parent, metadb_id_child) VALUES ('3d69c24a-3bc0-42fc-a4f1-3aef480fc5b9', '5faf0c49-509d-4e28-af89-6c8640f12a57');
INSERT INTO online_dataset (metadb_id, uri, format_mime, format_txt, srs_epsg, srs_txt, modified) VALUES ('5faf0c49-509d-4e28-af89-6c8640f12a57', 'http://www.catais.org/geodaten/ch/so/agi/av/dm01avch24d/itf/lv03/ch_257100.itf', 'text/x-interlis1', 'INTERLIS1', 21781, 'CH1903/LV03', '2015-04-01 06:00:00');
INSERT INTO online_dataset (metadb_id, uri, format_mime, format_txt, srs_epsg, srs_txt, modified) VALUES ('5faf0c49-509d-4e28-af89-6c8640f12a57', 'http://www.catais.org/geodaten/ch/so/agi/av/dm01avch24d/itf/lv95/ch_lv95_257100.itf', 'text/x-interlis1', 'INTERLIS1', 2056, 'CH1903+/LV95', '2015-04-01 06:00:00');
INSERT INTO online_dataset (metadb_id, uri, format_mime, format_txt, srs_epsg, srs_txt, modified) VALUES ('5faf0c49-509d-4e28-af89-6c8640f12a57', 'http://www.catais.org/geodaten/ch/so/agi/av/geobau/dxf/2571.dxf', 'application/x-dxf', 'DXF-GEOBAU', 21781, 'CH1903/LV03', '2015-04-01 06:00:00');
INSERT INTO online_dataset (metadb_id, uri, format_mime, format_txt, srs_epsg, srs_txt, modified) VALUES ('5faf0c49-509d-4e28-af89-6c8640f12a57', 'http://www.catais.org/geodaten/ch/so/agi/av/mopublic/gpkg/lv03/d/2571.gpkg', 'application/x-sqlite3', 'GeoPackage', 21781, 'CH1903/LV03', '2015-04-01 06:00:00');
INSERT INTO metadb (identifier, namespace, title, abstract, metadata_link, "type", modified, canton, data_responsibility, x_min, y_min, x_max, y_max) VALUES ('851fea9b-c8ba-40dc-8edc-f2454a97cc36', 'http://www.geo.so.ch', 'Amtliche Vermessung - Gemeinde Däniken (2572)', 'Amtliche Vermessung der Gemeinde Däniken (2572)', 'http://www.geocat.ch/geonetwork/srv/ger/csw?service=CSW&amp;version=2.0.2&amp;request=GetRecordById&amp;elementSetName=full&amp;outputFormat=application/xml&amp;outputSchema=IsoRecord&amp;id=ab7a03e2-4bdd-4a49-bd92-4b0028bfcd51', 100, '2015-04-01 06:00:00', 'so', 'agi', 7.95878142342, 47.3340017989, 7.99182080441, 47.3676921919);
INSERT INTO metadb_relation (metadb_id_parent, metadb_id_child) VALUES ('3d69c24a-3bc0-42fc-a4f1-3aef480fc5b9', '851fea9b-c8ba-40dc-8edc-f2454a97cc36');
INSERT INTO online_dataset (metadb_id, uri, format_mime, format_txt, srs_epsg, srs_txt, modified) VALUES ('851fea9b-c8ba-40dc-8edc-f2454a97cc36', 'http://www.catais.org/geodaten/ch/so/agi/av/dm01avch24d/itf/lv03/ch_257200.itf', 'text/x-interlis1', 'INTERLIS1', 21781, 'CH1903/LV03', '2015-04-01 06:00:00');
INSERT INTO online_dataset (metadb_id, uri, format_mime, format_txt, srs_epsg, srs_txt, modified) VALUES ('851fea9b-c8ba-40dc-8edc-f2454a97cc36', 'http://www.catais.org/geodaten/ch/so/agi/av/dm01avch24d/itf/lv95/ch_lv95_257200.itf', 'text/x-interlis1', 'INTERLIS1', 2056, 'CH1903+/LV95', '2015-04-01 06:00:00');
INSERT INTO online_dataset (metadb_id, uri, format_mime, format_txt, srs_epsg, srs_txt, modified) VALUES ('851fea9b-c8ba-40dc-8edc-f2454a97cc36', 'http://www.catais.org/geodaten/ch/so/agi/av/geobau/dxf/2572.dxf', 'application/x-dxf', 'DXF-GEOBAU', 21781, 'CH1903/LV03', '2015-04-01 06:00:00');
INSERT INTO online_dataset (metadb_id, uri, format_mime, format_txt, srs_epsg, srs_txt, modified) VALUES ('851fea9b-c8ba-40dc-8edc-f2454a97cc36', 'http://www.catais.org/geodaten/ch/so/agi/av/mopublic/gpkg/lv03/d/2572.gpkg', 'application/x-sqlite3', 'GeoPackage', 21781, 'CH1903/LV03', '2015-04-01 06:00:00');
INSERT INTO metadb (identifier, namespace, title, abstract, metadata_link, "type", modified, canton, data_responsibility, x_min, y_min, x_max, y_max) VALUES ('4dd7cb77-b979-4d41-a58c-2515697f853a', 'http://www.geo.so.ch', 'Amtliche Vermessung - Gemeinde Dulliken (2573)', 'Amtliche Vermessung der Gemeinde Dulliken (2573)', 'http://www.geocat.ch/geonetwork/srv/ger/csw?service=CSW&amp;version=2.0.2&amp;request=GetRecordById&amp;elementSetName=full&amp;outputFormat=application/xml&amp;outputSchema=IsoRecord&amp;id=ab7a03e2-4bdd-4a49-bd92-4b0028bfcd51', 100, '2015-04-01 06:00:00', 'so', 'agi', 7.92814969082, 47.3313941096, 7.96467180178, 47.3591210631);
INSERT INTO metadb_relation (metadb_id_parent, metadb_id_child) VALUES ('3d69c24a-3bc0-42fc-a4f1-3aef480fc5b9', '4dd7cb77-b979-4d41-a58c-2515697f853a');
INSERT INTO online_dataset (metadb_id, uri, format_mime, format_txt, srs_epsg, srs_txt, modified) VALUES ('4dd7cb77-b979-4d41-a58c-2515697f853a', 'http://www.catais.org/geodaten/ch/so/agi/av/dm01avch24d/itf/lv03/ch_257300.itf', 'text/x-interlis1', 'INTERLIS1', 21781, 'CH1903/LV03', '2015-04-01 06:00:00');
INSERT INTO online_dataset (metadb_id, uri, format_mime, format_txt, srs_epsg, srs_txt, modified) VALUES ('4dd7cb77-b979-4d41-a58c-2515697f853a', 'http://www.catais.org/geodaten/ch/so/agi/av/dm01avch24d/itf/lv95/ch_lv95_257300.itf', 'text/x-interlis1', 'INTERLIS1', 2056, 'CH1903+/LV95', '2015-04-01 06:00:00');
INSERT INTO online_dataset (metadb_id, uri, format_mime, format_txt, srs_epsg, srs_txt, modified) VALUES ('4dd7cb77-b979-4d41-a58c-2515697f853a', 'http://www.catais.org/geodaten/ch/so/agi/av/geobau/dxf/2573.dxf', 'application/x-dxf', 'DXF-GEOBAU', 21781, 'CH1903/LV03', '2015-04-01 06:00:00');
INSERT INTO online_dataset (metadb_id, uri, format_mime, format_txt, srs_epsg, srs_txt, modified) VALUES ('4dd7cb77-b979-4d41-a58c-2515697f853a', 'http://www.catais.org/geodaten/ch/so/agi/av/mopublic/gpkg/lv03/d/2573.gpkg', 'application/x-sqlite3', 'GeoPackage', 21781, 'CH1903/LV03', '2015-04-01 06:00:00');
INSERT INTO metadb (identifier, namespace, title, abstract, metadata_link, "type", modified, canton, data_responsibility, x_min, y_min, x_max, y_max) VALUES ('8149d7b8-9fb4-4a22-9866-b7b529606331', 'http://www.geo.so.ch', 'Amtliche Vermessung - Gemeinde Eppenberg-Wöschnau (2574)', 'Amtliche Vermessung der Gemeinde Eppenberg-Wöschnau (2574)', 'http://www.geocat.ch/geonetwork/srv/ger/csw?service=CSW&amp;version=2.0.2&amp;request=GetRecordById&amp;elementSetName=full&amp;outputFormat=application/xml&amp;outputSchema=IsoRecord&amp;id=ab7a03e2-4bdd-4a49-bd92-4b0028bfcd51', 100, '2015-04-01 06:00:00', 'so', 'agi', 8.01663351921, 47.3674284747, 8.03136731739, 47.3932152478);
INSERT INTO metadb_relation (metadb_id_parent, metadb_id_child) VALUES ('3d69c24a-3bc0-42fc-a4f1-3aef480fc5b9', '8149d7b8-9fb4-4a22-9866-b7b529606331');
INSERT INTO online_dataset (metadb_id, uri, format_mime, format_txt, srs_epsg, srs_txt, modified) VALUES ('8149d7b8-9fb4-4a22-9866-b7b529606331', 'http://www.catais.org/geodaten/ch/so/agi/av/dm01avch24d/itf/lv03/ch_257400.itf', 'text/x-interlis1', 'INTERLIS1', 21781, 'CH1903/LV03', '2015-04-01 06:00:00');
INSERT INTO online_dataset (metadb_id, uri, format_mime, format_txt, srs_epsg, srs_txt, modified) VALUES ('8149d7b8-9fb4-4a22-9866-b7b529606331', 'http://www.catais.org/geodaten/ch/so/agi/av/dm01avch24d/itf/lv95/ch_lv95_257400.itf', 'text/x-interlis1', 'INTERLIS1', 2056, 'CH1903+/LV95', '2015-04-01 06:00:00');
INSERT INTO online_dataset (metadb_id, uri, format_mime, format_txt, srs_epsg, srs_txt, modified) VALUES ('8149d7b8-9fb4-4a22-9866-b7b529606331', 'http://www.catais.org/geodaten/ch/so/agi/av/geobau/dxf/2574.dxf', 'application/x-dxf', 'DXF-GEOBAU', 21781, 'CH1903/LV03', '2015-04-01 06:00:00');
INSERT INTO online_dataset (metadb_id, uri, format_mime, format_txt, srs_epsg, srs_txt, modified) VALUES ('8149d7b8-9fb4-4a22-9866-b7b529606331', 'http://www.catais.org/geodaten/ch/so/agi/av/mopublic/gpkg/lv03/d/2574.gpkg', 'application/x-sqlite3', 'GeoPackage', 21781, 'CH1903/LV03', '2015-04-01 06:00:00');
INSERT INTO metadb (identifier, namespace, title, abstract, metadata_link, "type", modified, canton, data_responsibility, x_min, y_min, x_max, y_max) VALUES ('5aae1a6c-b350-4c7e-9854-d3b05b83e193', 'http://www.geo.so.ch', 'Amtliche Vermessung - Gemeinde Fulenbach (2575)', 'Amtliche Vermessung der Gemeinde Fulenbach (2575)', 'http://www.geocat.ch/geonetwork/srv/ger/csw?service=CSW&amp;version=2.0.2&amp;request=GetRecordById&amp;elementSetName=full&amp;outputFormat=application/xml&amp;outputSchema=IsoRecord&amp;id=ab7a03e2-4bdd-4a49-bd92-4b0028bfcd51', 100, '2015-04-01 06:00:00', 'so', 'agi', 7.81390690698, 47.2664301462, 7.84954585529, 47.2944692265);
INSERT INTO metadb_relation (metadb_id_parent, metadb_id_child) VALUES ('3d69c24a-3bc0-42fc-a4f1-3aef480fc5b9', '5aae1a6c-b350-4c7e-9854-d3b05b83e193');
INSERT INTO online_dataset (metadb_id, uri, format_mime, format_txt, srs_epsg, srs_txt, modified) VALUES ('5aae1a6c-b350-4c7e-9854-d3b05b83e193', 'http://www.catais.org/geodaten/ch/so/agi/av/dm01avch24d/itf/lv03/ch_257500.itf', 'text/x-interlis1', 'INTERLIS1', 21781, 'CH1903/LV03', '2015-04-01 06:00:00');
INSERT INTO online_dataset (metadb_id, uri, format_mime, format_txt, srs_epsg, srs_txt, modified) VALUES ('5aae1a6c-b350-4c7e-9854-d3b05b83e193', 'http://www.catais.org/geodaten/ch/so/agi/av/dm01avch24d/itf/lv95/ch_lv95_257500.itf', 'text/x-interlis1', 'INTERLIS1', 2056, 'CH1903+/LV95', '2015-04-01 06:00:00');
INSERT INTO online_dataset (metadb_id, uri, format_mime, format_txt, srs_epsg, srs_txt, modified) VALUES ('5aae1a6c-b350-4c7e-9854-d3b05b83e193', 'http://www.catais.org/geodaten/ch/so/agi/av/geobau/dxf/2575.dxf', 'application/x-dxf', 'DXF-GEOBAU', 21781, 'CH1903/LV03', '2015-04-01 06:00:00');
INSERT INTO online_dataset (metadb_id, uri, format_mime, format_txt, srs_epsg, srs_txt, modified) VALUES ('5aae1a6c-b350-4c7e-9854-d3b05b83e193', 'http://www.catais.org/geodaten/ch/so/agi/av/mopublic/gpkg/lv03/d/2575.gpkg', 'application/x-sqlite3', 'GeoPackage', 21781, 'CH1903/LV03', '2015-04-01 06:00:00');
INSERT INTO metadb (identifier, namespace, title, abstract, metadata_link, "type", modified, canton, data_responsibility, x_min, y_min, x_max, y_max) VALUES ('205e505b-2986-4ff3-93b3-d746c3056fdc', 'http://www.geo.so.ch', 'Amtliche Vermessung - Gemeinde Gretzenbach (2576)', 'Amtliche Vermessung der Gemeinde Gretzenbach (2576)', 'http://www.geocat.ch/geonetwork/srv/ger/csw?service=CSW&amp;version=2.0.2&amp;request=GetRecordById&amp;elementSetName=full&amp;outputFormat=application/xml&amp;outputSchema=IsoRecord&amp;id=ab7a03e2-4bdd-4a49-bd92-4b0028bfcd51', 100, '2015-04-01 06:00:00', 'so', 'agi', 7.96791230229, 47.3326037379, 8.01914599823, 47.3674357094);
INSERT INTO metadb_relation (metadb_id_parent, metadb_id_child) VALUES ('3d69c24a-3bc0-42fc-a4f1-3aef480fc5b9', '205e505b-2986-4ff3-93b3-d746c3056fdc');
INSERT INTO online_dataset (metadb_id, uri, format_mime, format_txt, srs_epsg, srs_txt, modified) VALUES ('205e505b-2986-4ff3-93b3-d746c3056fdc', 'http://www.catais.org/geodaten/ch/so/agi/av/dm01avch24d/itf/lv03/ch_257600.itf', 'text/x-interlis1', 'INTERLIS1', 21781, 'CH1903/LV03', '2015-04-01 06:00:00');
INSERT INTO online_dataset (metadb_id, uri, format_mime, format_txt, srs_epsg, srs_txt, modified) VALUES ('205e505b-2986-4ff3-93b3-d746c3056fdc', 'http://www.catais.org/geodaten/ch/so/agi/av/dm01avch24d/itf/lv95/ch_lv95_257600.itf', 'text/x-interlis1', 'INTERLIS1', 2056, 'CH1903+/LV95', '2015-04-01 06:00:00');
INSERT INTO online_dataset (metadb_id, uri, format_mime, format_txt, srs_epsg, srs_txt, modified) VALUES ('205e505b-2986-4ff3-93b3-d746c3056fdc', 'http://www.catais.org/geodaten/ch/so/agi/av/geobau/dxf/2576.dxf', 'application/x-dxf', 'DXF-GEOBAU', 21781, 'CH1903/LV03', '2015-04-01 06:00:00');
INSERT INTO online_dataset (metadb_id, uri, format_mime, format_txt, srs_epsg, srs_txt, modified) VALUES ('205e505b-2986-4ff3-93b3-d746c3056fdc', 'http://www.catais.org/geodaten/ch/so/agi/av/mopublic/gpkg/lv03/d/2576.gpkg', 'application/x-sqlite3', 'GeoPackage', 21781, 'CH1903/LV03', '2015-04-01 06:00:00');
INSERT INTO metadb (identifier, namespace, title, abstract, metadata_link, "type", modified, canton, data_responsibility, x_min, y_min, x_max, y_max) VALUES ('de33154e-bab0-4571-a64d-99f3b793e757', 'http://www.geo.so.ch', 'Amtliche Vermessung - Gemeinde Gunzgen (2578)', 'Amtliche Vermessung der Gemeinde Gunzgen (2578)', 'http://www.geocat.ch/geonetwork/srv/ger/csw?service=CSW&amp;version=2.0.2&amp;request=GetRecordById&amp;elementSetName=full&amp;outputFormat=application/xml&amp;outputSchema=IsoRecord&amp;id=ab7a03e2-4bdd-4a49-bd92-4b0028bfcd51', 100, '2015-04-01 06:00:00', 'so', 'agi', 7.81784042652, 47.2938647939, 7.85092087678, 47.327617729);
INSERT INTO metadb_relation (metadb_id_parent, metadb_id_child) VALUES ('3d69c24a-3bc0-42fc-a4f1-3aef480fc5b9', 'de33154e-bab0-4571-a64d-99f3b793e757');
INSERT INTO online_dataset (metadb_id, uri, format_mime, format_txt, srs_epsg, srs_txt, modified) VALUES ('de33154e-bab0-4571-a64d-99f3b793e757', 'http://www.catais.org/geodaten/ch/so/agi/av/dm01avch24d/itf/lv03/ch_257800.itf', 'text/x-interlis1', 'INTERLIS1', 21781, 'CH1903/LV03', '2015-04-01 06:00:00');
INSERT INTO online_dataset (metadb_id, uri, format_mime, format_txt, srs_epsg, srs_txt, modified) VALUES ('de33154e-bab0-4571-a64d-99f3b793e757', 'http://www.catais.org/geodaten/ch/so/agi/av/dm01avch24d/itf/lv95/ch_lv95_257800.itf', 'text/x-interlis1', 'INTERLIS1', 2056, 'CH1903+/LV95', '2015-04-01 06:00:00');
INSERT INTO online_dataset (metadb_id, uri, format_mime, format_txt, srs_epsg, srs_txt, modified) VALUES ('de33154e-bab0-4571-a64d-99f3b793e757', 'http://www.catais.org/geodaten/ch/so/agi/av/geobau/dxf/2578.dxf', 'application/x-dxf', 'DXF-GEOBAU', 21781, 'CH1903/LV03', '2015-04-01 06:00:00');
INSERT INTO online_dataset (metadb_id, uri, format_mime, format_txt, srs_epsg, srs_txt, modified) VALUES ('de33154e-bab0-4571-a64d-99f3b793e757', 'http://www.catais.org/geodaten/ch/so/agi/av/mopublic/gpkg/lv03/d/2578.gpkg', 'application/x-sqlite3', 'GeoPackage', 21781, 'CH1903/LV03', '2015-04-01 06:00:00');
INSERT INTO metadb (identifier, namespace, title, abstract, metadata_link, "type", modified, canton, data_responsibility, x_min, y_min, x_max, y_max) VALUES ('3de74bf3-b448-4165-86d1-ae1f45c19565', 'http://www.geo.so.ch', 'Amtliche Vermessung - Gemeinde Hägendorf (2579)', 'Amtliche Vermessung der Gemeinde Hägendorf (2579)', 'http://www.geocat.ch/geonetwork/srv/ger/csw?service=CSW&amp;version=2.0.2&amp;request=GetRecordById&amp;elementSetName=full&amp;outputFormat=application/xml&amp;outputSchema=IsoRecord&amp;id=ab7a03e2-4bdd-4a49-bd92-4b0028bfcd51', 100, '2015-04-01 06:00:00', 'so', 'agi', 7.79350215913, 47.3241055972, 7.8573269132, 47.3674828321);
INSERT INTO metadb_relation (metadb_id_parent, metadb_id_child) VALUES ('3d69c24a-3bc0-42fc-a4f1-3aef480fc5b9', '3de74bf3-b448-4165-86d1-ae1f45c19565');
INSERT INTO online_dataset (metadb_id, uri, format_mime, format_txt, srs_epsg, srs_txt, modified) VALUES ('3de74bf3-b448-4165-86d1-ae1f45c19565', 'http://www.catais.org/geodaten/ch/so/agi/av/dm01avch24d/itf/lv03/ch_257900.itf', 'text/x-interlis1', 'INTERLIS1', 21781, 'CH1903/LV03', '2015-04-01 06:00:00');
INSERT INTO online_dataset (metadb_id, uri, format_mime, format_txt, srs_epsg, srs_txt, modified) VALUES ('3de74bf3-b448-4165-86d1-ae1f45c19565', 'http://www.catais.org/geodaten/ch/so/agi/av/dm01avch24d/itf/lv95/ch_lv95_257900.itf', 'text/x-interlis1', 'INTERLIS1', 2056, 'CH1903+/LV95', '2015-04-01 06:00:00');
INSERT INTO online_dataset (metadb_id, uri, format_mime, format_txt, srs_epsg, srs_txt, modified) VALUES ('3de74bf3-b448-4165-86d1-ae1f45c19565', 'http://www.catais.org/geodaten/ch/so/agi/av/geobau/dxf/2579.dxf', 'application/x-dxf', 'DXF-GEOBAU', 21781, 'CH1903/LV03', '2015-04-01 06:00:00');
INSERT INTO online_dataset (metadb_id, uri, format_mime, format_txt, srs_epsg, srs_txt, modified) VALUES ('3de74bf3-b448-4165-86d1-ae1f45c19565', 'http://www.catais.org/geodaten/ch/so/agi/av/mopublic/gpkg/lv03/d/2579.gpkg', 'application/x-sqlite3', 'GeoPackage', 21781, 'CH1903/LV03', '2015-04-01 06:00:00');
INSERT INTO metadb (identifier, namespace, title, abstract, metadata_link, "type", modified, canton, data_responsibility, x_min, y_min, x_max, y_max) VALUES ('34ce2be4-56ef-4547-8702-7c40c8ba9a72', 'http://www.geo.so.ch', 'Amtliche Vermessung - Gemeinde Kappel (SO) (2580)', 'Amtliche Vermessung der Gemeinde Kappel (SO) (2580)', 'http://www.geocat.ch/geonetwork/srv/ger/csw?service=CSW&amp;version=2.0.2&amp;request=GetRecordById&amp;elementSetName=full&amp;outputFormat=application/xml&amp;outputSchema=IsoRecord&amp;id=ab7a03e2-4bdd-4a49-bd92-4b0028bfcd51', 100, '2015-04-01 06:00:00', 'so', 'agi', 7.83209874592, 47.3108068808, 7.88082440186, 47.3333720058);
INSERT INTO metadb_relation (metadb_id_parent, metadb_id_child) VALUES ('3d69c24a-3bc0-42fc-a4f1-3aef480fc5b9', '34ce2be4-56ef-4547-8702-7c40c8ba9a72');
INSERT INTO online_dataset (metadb_id, uri, format_mime, format_txt, srs_epsg, srs_txt, modified) VALUES ('34ce2be4-56ef-4547-8702-7c40c8ba9a72', 'http://www.catais.org/geodaten/ch/so/agi/av/dm01avch24d/itf/lv03/ch_258000.itf', 'text/x-interlis1', 'INTERLIS1', 21781, 'CH1903/LV03', '2015-04-01 06:00:00');
INSERT INTO online_dataset (metadb_id, uri, format_mime, format_txt, srs_epsg, srs_txt, modified) VALUES ('34ce2be4-56ef-4547-8702-7c40c8ba9a72', 'http://www.catais.org/geodaten/ch/so/agi/av/dm01avch24d/itf/lv95/ch_lv95_258000.itf', 'text/x-interlis1', 'INTERLIS1', 2056, 'CH1903+/LV95', '2015-04-01 06:00:00');
INSERT INTO online_dataset (metadb_id, uri, format_mime, format_txt, srs_epsg, srs_txt, modified) VALUES ('34ce2be4-56ef-4547-8702-7c40c8ba9a72', 'http://www.catais.org/geodaten/ch/so/agi/av/geobau/dxf/2580.dxf', 'application/x-dxf', 'DXF-GEOBAU', 21781, 'CH1903/LV03', '2015-04-01 06:00:00');
INSERT INTO online_dataset (metadb_id, uri, format_mime, format_txt, srs_epsg, srs_txt, modified) VALUES ('34ce2be4-56ef-4547-8702-7c40c8ba9a72', 'http://www.catais.org/geodaten/ch/so/agi/av/mopublic/gpkg/lv03/d/2580.gpkg', 'application/x-sqlite3', 'GeoPackage', 21781, 'CH1903/LV03', '2015-04-01 06:00:00');
INSERT INTO metadb (identifier, namespace, title, abstract, metadata_link, "type", modified, canton, data_responsibility, x_min, y_min, x_max, y_max) VALUES ('cd7089e8-bfff-4b1a-b336-e3f2f2f82d91', 'http://www.geo.so.ch', 'Amtliche Vermessung - Gemeinde Olten (2581)', 'Amtliche Vermessung der Gemeinde Olten (2581)', 'http://www.geocat.ch/geonetwork/srv/ger/csw?service=CSW&amp;version=2.0.2&amp;request=GetRecordById&amp;elementSetName=full&amp;outputFormat=application/xml&amp;outputSchema=IsoRecord&amp;id=ab7a03e2-4bdd-4a49-bd92-4b0028bfcd51', 100, '2015-04-01 06:00:00', 'so', 'agi', 7.87485114049, 47.3110251495, 7.92907788573, 47.3689214795);
INSERT INTO metadb_relation (metadb_id_parent, metadb_id_child) VALUES ('3d69c24a-3bc0-42fc-a4f1-3aef480fc5b9', 'cd7089e8-bfff-4b1a-b336-e3f2f2f82d91');
INSERT INTO online_dataset (metadb_id, uri, format_mime, format_txt, srs_epsg, srs_txt, modified) VALUES ('cd7089e8-bfff-4b1a-b336-e3f2f2f82d91', 'http://www.catais.org/geodaten/ch/so/agi/av/dm01avch24d/itf/lv03/ch_258100.itf', 'text/x-interlis1', 'INTERLIS1', 21781, 'CH1903/LV03', '2015-04-01 06:00:00');
INSERT INTO online_dataset (metadb_id, uri, format_mime, format_txt, srs_epsg, srs_txt, modified) VALUES ('cd7089e8-bfff-4b1a-b336-e3f2f2f82d91', 'http://www.catais.org/geodaten/ch/so/agi/av/dm01avch24d/itf/lv95/ch_lv95_258100.itf', 'text/x-interlis1', 'INTERLIS1', 2056, 'CH1903+/LV95', '2015-04-01 06:00:00');
INSERT INTO online_dataset (metadb_id, uri, format_mime, format_txt, srs_epsg, srs_txt, modified) VALUES ('cd7089e8-bfff-4b1a-b336-e3f2f2f82d91', 'http://www.catais.org/geodaten/ch/so/agi/av/geobau/dxf/2581.dxf', 'application/x-dxf', 'DXF-GEOBAU', 21781, 'CH1903/LV03', '2015-04-01 06:00:00');
INSERT INTO online_dataset (metadb_id, uri, format_mime, format_txt, srs_epsg, srs_txt, modified) VALUES ('cd7089e8-bfff-4b1a-b336-e3f2f2f82d91', 'http://www.catais.org/geodaten/ch/so/agi/av/mopublic/gpkg/lv03/d/2581.gpkg', 'application/x-sqlite3', 'GeoPackage', 21781, 'CH1903/LV03', '2015-04-01 06:00:00');
INSERT INTO metadb (identifier, namespace, title, abstract, metadata_link, "type", modified, canton, data_responsibility, x_min, y_min, x_max, y_max) VALUES ('eadae4bb-03a4-4658-9572-a9096ea4cb33', 'http://www.geo.so.ch', 'Amtliche Vermessung - Gemeinde Rickenbach (SO) (2582)', 'Amtliche Vermessung der Gemeinde Rickenbach (SO) (2582)', 'http://www.geocat.ch/geonetwork/srv/ger/csw?service=CSW&amp;version=2.0.2&amp;request=GetRecordById&amp;elementSetName=full&amp;outputFormat=application/xml&amp;outputSchema=IsoRecord&amp;id=ab7a03e2-4bdd-4a49-bd92-4b0028bfcd51', 100, '2015-04-01 06:00:00', 'so', 'agi', 7.84002648257, 47.3236179382, 7.87331610731, 47.3595246379);
INSERT INTO metadb_relation (metadb_id_parent, metadb_id_child) VALUES ('3d69c24a-3bc0-42fc-a4f1-3aef480fc5b9', 'eadae4bb-03a4-4658-9572-a9096ea4cb33');
INSERT INTO online_dataset (metadb_id, uri, format_mime, format_txt, srs_epsg, srs_txt, modified) VALUES ('eadae4bb-03a4-4658-9572-a9096ea4cb33', 'http://www.catais.org/geodaten/ch/so/agi/av/dm01avch24d/itf/lv03/ch_258200.itf', 'text/x-interlis1', 'INTERLIS1', 21781, 'CH1903/LV03', '2015-04-01 06:00:00');
INSERT INTO online_dataset (metadb_id, uri, format_mime, format_txt, srs_epsg, srs_txt, modified) VALUES ('eadae4bb-03a4-4658-9572-a9096ea4cb33', 'http://www.catais.org/geodaten/ch/so/agi/av/dm01avch24d/itf/lv95/ch_lv95_258200.itf', 'text/x-interlis1', 'INTERLIS1', 2056, 'CH1903+/LV95', '2015-04-01 06:00:00');
INSERT INTO online_dataset (metadb_id, uri, format_mime, format_txt, srs_epsg, srs_txt, modified) VALUES ('eadae4bb-03a4-4658-9572-a9096ea4cb33', 'http://www.catais.org/geodaten/ch/so/agi/av/geobau/dxf/2582.dxf', 'application/x-dxf', 'DXF-GEOBAU', 21781, 'CH1903/LV03', '2015-04-01 06:00:00');
INSERT INTO online_dataset (metadb_id, uri, format_mime, format_txt, srs_epsg, srs_txt, modified) VALUES ('eadae4bb-03a4-4658-9572-a9096ea4cb33', 'http://www.catais.org/geodaten/ch/so/agi/av/mopublic/gpkg/lv03/d/2582.gpkg', 'application/x-sqlite3', 'GeoPackage', 21781, 'CH1903/LV03', '2015-04-01 06:00:00');
INSERT INTO metadb (identifier, namespace, title, abstract, metadata_link, "type", modified, canton, data_responsibility, x_min, y_min, x_max, y_max) VALUES ('743e8afb-a00b-416f-a97b-b438ad020eb0', 'http://www.geo.so.ch', 'Amtliche Vermessung - Gemeinde Schönenwerd (2583)', 'Amtliche Vermessung der Gemeinde Schönenwerd (2583)', 'http://www.geocat.ch/geonetwork/srv/ger/csw?service=CSW&amp;version=2.0.2&amp;request=GetRecordById&amp;elementSetName=full&amp;outputFormat=application/xml&amp;outputSchema=IsoRecord&amp;id=ab7a03e2-4bdd-4a49-bd92-4b0028bfcd51', 100, '2015-04-01 06:00:00', 'so', 'agi', 7.99428481758, 47.3606034176, 8.025212193, 47.3863917491);
INSERT INTO metadb_relation (metadb_id_parent, metadb_id_child) VALUES ('3d69c24a-3bc0-42fc-a4f1-3aef480fc5b9', '743e8afb-a00b-416f-a97b-b438ad020eb0');
INSERT INTO online_dataset (metadb_id, uri, format_mime, format_txt, srs_epsg, srs_txt, modified) VALUES ('743e8afb-a00b-416f-a97b-b438ad020eb0', 'http://www.catais.org/geodaten/ch/so/agi/av/dm01avch24d/itf/lv03/ch_258300.itf', 'text/x-interlis1', 'INTERLIS1', 21781, 'CH1903/LV03', '2015-04-01 06:00:00');
INSERT INTO online_dataset (metadb_id, uri, format_mime, format_txt, srs_epsg, srs_txt, modified) VALUES ('743e8afb-a00b-416f-a97b-b438ad020eb0', 'http://www.catais.org/geodaten/ch/so/agi/av/dm01avch24d/itf/lv95/ch_lv95_258300.itf', 'text/x-interlis1', 'INTERLIS1', 2056, 'CH1903+/LV95', '2015-04-01 06:00:00');
INSERT INTO online_dataset (metadb_id, uri, format_mime, format_txt, srs_epsg, srs_txt, modified) VALUES ('743e8afb-a00b-416f-a97b-b438ad020eb0', 'http://www.catais.org/geodaten/ch/so/agi/av/geobau/dxf/2583.dxf', 'application/x-dxf', 'DXF-GEOBAU', 21781, 'CH1903/LV03', '2015-04-01 06:00:00');
INSERT INTO online_dataset (metadb_id, uri, format_mime, format_txt, srs_epsg, srs_txt, modified) VALUES ('743e8afb-a00b-416f-a97b-b438ad020eb0', 'http://www.catais.org/geodaten/ch/so/agi/av/mopublic/gpkg/lv03/d/2583.gpkg', 'application/x-sqlite3', 'GeoPackage', 21781, 'CH1903/LV03', '2015-04-01 06:00:00');
INSERT INTO metadb (identifier, namespace, title, abstract, metadata_link, "type", modified, canton, data_responsibility, x_min, y_min, x_max, y_max) VALUES ('c0ba001f-b072-4ccf-b65e-11230157a4d3', 'http://www.geo.so.ch', 'Amtliche Vermessung - Gemeinde Starrkirch-Wil (2584)', 'Amtliche Vermessung der Gemeinde Starrkirch-Wil (2584)', 'http://www.geocat.ch/geonetwork/srv/ger/csw?service=CSW&amp;version=2.0.2&amp;request=GetRecordById&amp;elementSetName=full&amp;outputFormat=application/xml&amp;outputSchema=IsoRecord&amp;id=ab7a03e2-4bdd-4a49-bd92-4b0028bfcd51', 100, '2015-04-01 06:00:00', 'so', 'agi', 7.91582849876, 47.3330356916, 7.93454597273, 47.3568572144);
INSERT INTO metadb_relation (metadb_id_parent, metadb_id_child) VALUES ('3d69c24a-3bc0-42fc-a4f1-3aef480fc5b9', 'c0ba001f-b072-4ccf-b65e-11230157a4d3');
INSERT INTO online_dataset (metadb_id, uri, format_mime, format_txt, srs_epsg, srs_txt, modified) VALUES ('c0ba001f-b072-4ccf-b65e-11230157a4d3', 'http://www.catais.org/geodaten/ch/so/agi/av/dm01avch24d/itf/lv03/ch_258400.itf', 'text/x-interlis1', 'INTERLIS1', 21781, 'CH1903/LV03', '2015-04-01 06:00:00');
INSERT INTO online_dataset (metadb_id, uri, format_mime, format_txt, srs_epsg, srs_txt, modified) VALUES ('c0ba001f-b072-4ccf-b65e-11230157a4d3', 'http://www.catais.org/geodaten/ch/so/agi/av/dm01avch24d/itf/lv95/ch_lv95_258400.itf', 'text/x-interlis1', 'INTERLIS1', 2056, 'CH1903+/LV95', '2015-04-01 06:00:00');
INSERT INTO online_dataset (metadb_id, uri, format_mime, format_txt, srs_epsg, srs_txt, modified) VALUES ('c0ba001f-b072-4ccf-b65e-11230157a4d3', 'http://www.catais.org/geodaten/ch/so/agi/av/geobau/dxf/2584.dxf', 'application/x-dxf', 'DXF-GEOBAU', 21781, 'CH1903/LV03', '2015-04-01 06:00:00');
INSERT INTO online_dataset (metadb_id, uri, format_mime, format_txt, srs_epsg, srs_txt, modified) VALUES ('c0ba001f-b072-4ccf-b65e-11230157a4d3', 'http://www.catais.org/geodaten/ch/so/agi/av/mopublic/gpkg/lv03/d/2584.gpkg', 'application/x-sqlite3', 'GeoPackage', 21781, 'CH1903/LV03', '2015-04-01 06:00:00');
INSERT INTO metadb (identifier, namespace, title, abstract, metadata_link, "type", modified, canton, data_responsibility, x_min, y_min, x_max, y_max) VALUES ('a60a7083-e5a6-4691-a51c-7e838f6d96d1', 'http://www.geo.so.ch', 'Amtliche Vermessung - Gemeinde Walterswil (SO) (2585)', 'Amtliche Vermessung der Gemeinde Walterswil (SO) (2585)', 'http://www.geocat.ch/geonetwork/srv/ger/csw?service=CSW&amp;version=2.0.2&amp;request=GetRecordById&amp;elementSetName=full&amp;outputFormat=application/xml&amp;outputSchema=IsoRecord&amp;id=ab7a03e2-4bdd-4a49-bd92-4b0028bfcd51', 100, '2015-04-01 06:00:00', 'so', 'agi', 7.94708177258, 47.3171426573, 7.99184088669, 47.3392846022);
INSERT INTO metadb_relation (metadb_id_parent, metadb_id_child) VALUES ('3d69c24a-3bc0-42fc-a4f1-3aef480fc5b9', 'a60a7083-e5a6-4691-a51c-7e838f6d96d1');
INSERT INTO online_dataset (metadb_id, uri, format_mime, format_txt, srs_epsg, srs_txt, modified) VALUES ('a60a7083-e5a6-4691-a51c-7e838f6d96d1', 'http://www.catais.org/geodaten/ch/so/agi/av/dm01avch24d/itf/lv03/ch_258500.itf', 'text/x-interlis1', 'INTERLIS1', 21781, 'CH1903/LV03', '2015-04-01 06:00:00');
INSERT INTO online_dataset (metadb_id, uri, format_mime, format_txt, srs_epsg, srs_txt, modified) VALUES ('a60a7083-e5a6-4691-a51c-7e838f6d96d1', 'http://www.catais.org/geodaten/ch/so/agi/av/dm01avch24d/itf/lv95/ch_lv95_258500.itf', 'text/x-interlis1', 'INTERLIS1', 2056, 'CH1903+/LV95', '2015-04-01 06:00:00');
INSERT INTO online_dataset (metadb_id, uri, format_mime, format_txt, srs_epsg, srs_txt, modified) VALUES ('a60a7083-e5a6-4691-a51c-7e838f6d96d1', 'http://www.catais.org/geodaten/ch/so/agi/av/geobau/dxf/2585.dxf', 'application/x-dxf', 'DXF-GEOBAU', 21781, 'CH1903/LV03', '2015-04-01 06:00:00');
INSERT INTO online_dataset (metadb_id, uri, format_mime, format_txt, srs_epsg, srs_txt, modified) VALUES ('a60a7083-e5a6-4691-a51c-7e838f6d96d1', 'http://www.catais.org/geodaten/ch/so/agi/av/mopublic/gpkg/lv03/d/2585.gpkg', 'application/x-sqlite3', 'GeoPackage', 21781, 'CH1903/LV03', '2015-04-01 06:00:00');
INSERT INTO metadb (identifier, namespace, title, abstract, metadata_link, "type", modified, canton, data_responsibility, x_min, y_min, x_max, y_max) VALUES ('12f00832-b289-4601-8618-23c0d4f8072e', 'http://www.geo.so.ch', 'Amtliche Vermessung - Gemeinde Wangen bei Olten (2586)', 'Amtliche Vermessung der Gemeinde Wangen bei Olten (2586)', 'http://www.geocat.ch/geonetwork/srv/ger/csw?service=CSW&amp;version=2.0.2&amp;request=GetRecordById&amp;elementSetName=full&amp;outputFormat=application/xml&amp;outputSchema=IsoRecord&amp;id=ab7a03e2-4bdd-4a49-bd92-4b0028bfcd51', 100, '2015-04-01 06:00:00', 'so', 'agi', 7.84876584888, 47.3176525173, 7.88927919475, 47.3611193823);
INSERT INTO metadb_relation (metadb_id_parent, metadb_id_child) VALUES ('3d69c24a-3bc0-42fc-a4f1-3aef480fc5b9', '12f00832-b289-4601-8618-23c0d4f8072e');
INSERT INTO online_dataset (metadb_id, uri, format_mime, format_txt, srs_epsg, srs_txt, modified) VALUES ('12f00832-b289-4601-8618-23c0d4f8072e', 'http://www.catais.org/geodaten/ch/so/agi/av/dm01avch24d/itf/lv03/ch_258600.itf', 'text/x-interlis1', 'INTERLIS1', 21781, 'CH1903/LV03', '2015-04-01 06:00:00');
INSERT INTO online_dataset (metadb_id, uri, format_mime, format_txt, srs_epsg, srs_txt, modified) VALUES ('12f00832-b289-4601-8618-23c0d4f8072e', 'http://www.catais.org/geodaten/ch/so/agi/av/dm01avch24d/itf/lv95/ch_lv95_258600.itf', 'text/x-interlis1', 'INTERLIS1', 2056, 'CH1903+/LV95', '2015-04-01 06:00:00');
INSERT INTO online_dataset (metadb_id, uri, format_mime, format_txt, srs_epsg, srs_txt, modified) VALUES ('12f00832-b289-4601-8618-23c0d4f8072e', 'http://www.catais.org/geodaten/ch/so/agi/av/geobau/dxf/2586.dxf', 'application/x-dxf', 'DXF-GEOBAU', 21781, 'CH1903/LV03', '2015-04-01 06:00:00');
INSERT INTO online_dataset (metadb_id, uri, format_mime, format_txt, srs_epsg, srs_txt, modified) VALUES ('12f00832-b289-4601-8618-23c0d4f8072e', 'http://www.catais.org/geodaten/ch/so/agi/av/mopublic/gpkg/lv03/d/2586.gpkg', 'application/x-sqlite3', 'GeoPackage', 21781, 'CH1903/LV03', '2015-04-01 06:00:00');
INSERT INTO metadb (identifier, namespace, title, abstract, metadata_link, "type", modified, canton, data_responsibility, x_min, y_min, x_max, y_max) VALUES ('e20e8f3c-9356-434a-87b1-5415c9aeb06a', 'http://www.geo.so.ch', 'Amtliche Vermessung - Gemeinde Solothurn (2601)', 'Amtliche Vermessung der Gemeinde Solothurn (2601)', 'http://www.geocat.ch/geonetwork/srv/ger/csw?service=CSW&amp;version=2.0.2&amp;request=GetRecordById&amp;elementSetName=full&amp;outputFormat=application/xml&amp;outputSchema=IsoRecord&amp;id=ab7a03e2-4bdd-4a49-bd92-4b0028bfcd51', 100, '2015-04-01 06:00:00', 'so', 'agi', 7.50930601952, 47.1959407405, 7.55230554931, 47.2202200426);
INSERT INTO metadb_relation (metadb_id_parent, metadb_id_child) VALUES ('3d69c24a-3bc0-42fc-a4f1-3aef480fc5b9', 'e20e8f3c-9356-434a-87b1-5415c9aeb06a');
INSERT INTO online_dataset (metadb_id, uri, format_mime, format_txt, srs_epsg, srs_txt, modified) VALUES ('e20e8f3c-9356-434a-87b1-5415c9aeb06a', 'http://www.catais.org/geodaten/ch/so/agi/av/dm01avch24d/itf/lv03/ch_260100.itf', 'text/x-interlis1', 'INTERLIS1', 21781, 'CH1903/LV03', '2015-04-01 06:00:00');
INSERT INTO online_dataset (metadb_id, uri, format_mime, format_txt, srs_epsg, srs_txt, modified) VALUES ('e20e8f3c-9356-434a-87b1-5415c9aeb06a', 'http://www.catais.org/geodaten/ch/so/agi/av/dm01avch24d/itf/lv95/ch_lv95_260100.itf', 'text/x-interlis1', 'INTERLIS1', 2056, 'CH1903+/LV95', '2015-04-01 06:00:00');
INSERT INTO online_dataset (metadb_id, uri, format_mime, format_txt, srs_epsg, srs_txt, modified) VALUES ('e20e8f3c-9356-434a-87b1-5415c9aeb06a', 'http://www.catais.org/geodaten/ch/so/agi/av/geobau/dxf/2601.dxf', 'application/x-dxf', 'DXF-GEOBAU', 21781, 'CH1903/LV03', '2015-04-01 06:00:00');
INSERT INTO online_dataset (metadb_id, uri, format_mime, format_txt, srs_epsg, srs_txt, modified) VALUES ('e20e8f3c-9356-434a-87b1-5415c9aeb06a', 'http://www.catais.org/geodaten/ch/so/agi/av/mopublic/gpkg/lv03/d/2601.gpkg', 'application/x-sqlite3', 'GeoPackage', 21781, 'CH1903/LV03', '2015-04-01 06:00:00');
INSERT INTO metadb (identifier, namespace, title, abstract, metadata_link, "type", modified, canton, data_responsibility, x_min, y_min, x_max, y_max) VALUES ('5f5a5a36-4ace-4799-89f0-b04ccc863649', 'http://www.geo.so.ch', 'Amtliche Vermessung - Gemeinde Bärschwil (2611)', 'Amtliche Vermessung der Gemeinde Bärschwil (2611)', 'http://www.geocat.ch/geonetwork/srv/ger/csw?service=CSW&amp;version=2.0.2&amp;request=GetRecordById&amp;elementSetName=full&amp;outputFormat=application/xml&amp;outputSchema=IsoRecord&amp;id=ab7a03e2-4bdd-4a49-bd92-4b0028bfcd51', 100, '2015-04-01 06:00:00', 'so', 'agi', 7.43612705233, 47.3696850317, 7.49722631367, 47.4041967152);
INSERT INTO metadb_relation (metadb_id_parent, metadb_id_child) VALUES ('3d69c24a-3bc0-42fc-a4f1-3aef480fc5b9', '5f5a5a36-4ace-4799-89f0-b04ccc863649');
INSERT INTO online_dataset (metadb_id, uri, format_mime, format_txt, srs_epsg, srs_txt, modified) VALUES ('5f5a5a36-4ace-4799-89f0-b04ccc863649', 'http://www.catais.org/geodaten/ch/so/agi/av/dm01avch24d/itf/lv03/ch_261100.itf', 'text/x-interlis1', 'INTERLIS1', 21781, 'CH1903/LV03', '2015-04-01 06:00:00');
INSERT INTO online_dataset (metadb_id, uri, format_mime, format_txt, srs_epsg, srs_txt, modified) VALUES ('5f5a5a36-4ace-4799-89f0-b04ccc863649', 'http://www.catais.org/geodaten/ch/so/agi/av/dm01avch24d/itf/lv95/ch_lv95_261100.itf', 'text/x-interlis1', 'INTERLIS1', 2056, 'CH1903+/LV95', '2015-04-01 06:00:00');
INSERT INTO online_dataset (metadb_id, uri, format_mime, format_txt, srs_epsg, srs_txt, modified) VALUES ('5f5a5a36-4ace-4799-89f0-b04ccc863649', 'http://www.catais.org/geodaten/ch/so/agi/av/geobau/dxf/2611.dxf', 'application/x-dxf', 'DXF-GEOBAU', 21781, 'CH1903/LV03', '2015-04-01 06:00:00');
INSERT INTO online_dataset (metadb_id, uri, format_mime, format_txt, srs_epsg, srs_txt, modified) VALUES ('5f5a5a36-4ace-4799-89f0-b04ccc863649', 'http://www.catais.org/geodaten/ch/so/agi/av/mopublic/gpkg/lv03/d/2611.gpkg', 'application/x-sqlite3', 'GeoPackage', 21781, 'CH1903/LV03', '2015-04-01 06:00:00');
INSERT INTO metadb (identifier, namespace, title, abstract, metadata_link, "type", modified, canton, data_responsibility, x_min, y_min, x_max, y_max) VALUES ('d6e6980a-3dae-46e8-aa7d-b33cbfafc909', 'http://www.geo.so.ch', 'Amtliche Vermessung - Gemeinde Beinwil (SO) (2612)', 'Amtliche Vermessung der Gemeinde Beinwil (SO) (2612)', 'http://www.geocat.ch/geonetwork/srv/ger/csw?service=CSW&amp;version=2.0.2&amp;request=GetRecordById&amp;elementSetName=full&amp;outputFormat=application/xml&amp;outputSchema=IsoRecord&amp;id=ab7a03e2-4bdd-4a49-bd92-4b0028bfcd51', 100, '2015-04-01 06:00:00', 'so', 'agi', 7.53686471943, 47.3293449245, 7.64442481125, 47.3790704868);
INSERT INTO metadb_relation (metadb_id_parent, metadb_id_child) VALUES ('3d69c24a-3bc0-42fc-a4f1-3aef480fc5b9', 'd6e6980a-3dae-46e8-aa7d-b33cbfafc909');
INSERT INTO online_dataset (metadb_id, uri, format_mime, format_txt, srs_epsg, srs_txt, modified) VALUES ('d6e6980a-3dae-46e8-aa7d-b33cbfafc909', 'http://www.catais.org/geodaten/ch/so/agi/av/dm01avch24d/itf/lv03/ch_261200.itf', 'text/x-interlis1', 'INTERLIS1', 21781, 'CH1903/LV03', '2015-04-01 06:00:00');
INSERT INTO online_dataset (metadb_id, uri, format_mime, format_txt, srs_epsg, srs_txt, modified) VALUES ('d6e6980a-3dae-46e8-aa7d-b33cbfafc909', 'http://www.catais.org/geodaten/ch/so/agi/av/dm01avch24d/itf/lv95/ch_lv95_261200.itf', 'text/x-interlis1', 'INTERLIS1', 2056, 'CH1903+/LV95', '2015-04-01 06:00:00');
INSERT INTO online_dataset (metadb_id, uri, format_mime, format_txt, srs_epsg, srs_txt, modified) VALUES ('d6e6980a-3dae-46e8-aa7d-b33cbfafc909', 'http://www.catais.org/geodaten/ch/so/agi/av/geobau/dxf/2612.dxf', 'application/x-dxf', 'DXF-GEOBAU', 21781, 'CH1903/LV03', '2015-04-01 06:00:00');
INSERT INTO online_dataset (metadb_id, uri, format_mime, format_txt, srs_epsg, srs_txt, modified) VALUES ('d6e6980a-3dae-46e8-aa7d-b33cbfafc909', 'http://www.catais.org/geodaten/ch/so/agi/av/mopublic/gpkg/lv03/d/2612.gpkg', 'application/x-sqlite3', 'GeoPackage', 21781, 'CH1903/LV03', '2015-04-01 06:00:00');
INSERT INTO metadb (identifier, namespace, title, abstract, metadata_link, "type", modified, canton, data_responsibility, x_min, y_min, x_max, y_max) VALUES ('904e1cfc-1d58-47a4-bcde-fcfccff41a79', 'http://www.geo.so.ch', 'Amtliche Vermessung - Gemeinde Breitenbach (2613)', 'Amtliche Vermessung der Gemeinde Breitenbach (2613)', 'http://www.geocat.ch/geonetwork/srv/ger/csw?service=CSW&amp;version=2.0.2&amp;request=GetRecordById&amp;elementSetName=full&amp;outputFormat=application/xml&amp;outputSchema=IsoRecord&amp;id=ab7a03e2-4bdd-4a49-bd92-4b0028bfcd51', 100, '2015-04-01 06:00:00', 'so', 'agi', 7.52523562358, 47.3945708106, 7.58771303707, 47.4147033683);
INSERT INTO metadb_relation (metadb_id_parent, metadb_id_child) VALUES ('3d69c24a-3bc0-42fc-a4f1-3aef480fc5b9', '904e1cfc-1d58-47a4-bcde-fcfccff41a79');
INSERT INTO online_dataset (metadb_id, uri, format_mime, format_txt, srs_epsg, srs_txt, modified) VALUES ('904e1cfc-1d58-47a4-bcde-fcfccff41a79', 'http://www.catais.org/geodaten/ch/so/agi/av/dm01avch24d/itf/lv03/ch_261300.itf', 'text/x-interlis1', 'INTERLIS1', 21781, 'CH1903/LV03', '2015-04-01 06:00:00');
INSERT INTO online_dataset (metadb_id, uri, format_mime, format_txt, srs_epsg, srs_txt, modified) VALUES ('904e1cfc-1d58-47a4-bcde-fcfccff41a79', 'http://www.catais.org/geodaten/ch/so/agi/av/dm01avch24d/itf/lv95/ch_lv95_261300.itf', 'text/x-interlis1', 'INTERLIS1', 2056, 'CH1903+/LV95', '2015-04-01 06:00:00');
INSERT INTO online_dataset (metadb_id, uri, format_mime, format_txt, srs_epsg, srs_txt, modified) VALUES ('904e1cfc-1d58-47a4-bcde-fcfccff41a79', 'http://www.catais.org/geodaten/ch/so/agi/av/geobau/dxf/2613.dxf', 'application/x-dxf', 'DXF-GEOBAU', 21781, 'CH1903/LV03', '2015-04-01 06:00:00');
INSERT INTO online_dataset (metadb_id, uri, format_mime, format_txt, srs_epsg, srs_txt, modified) VALUES ('904e1cfc-1d58-47a4-bcde-fcfccff41a79', 'http://www.catais.org/geodaten/ch/so/agi/av/mopublic/gpkg/lv03/d/2613.gpkg', 'application/x-sqlite3', 'GeoPackage', 21781, 'CH1903/LV03', '2015-04-01 06:00:00');
INSERT INTO metadb (identifier, namespace, title, abstract, metadata_link, "type", modified, canton, data_responsibility, x_min, y_min, x_max, y_max) VALUES ('c865c041-b7f2-473d-a6d9-484346a1f47e', 'http://www.geo.so.ch', 'Amtliche Vermessung - Gemeinde Büsserach (2614)', 'Amtliche Vermessung der Gemeinde Büsserach (2614)', 'http://www.geocat.ch/geonetwork/srv/ger/csw?service=CSW&amp;version=2.0.2&amp;request=GetRecordById&amp;elementSetName=full&amp;outputFormat=application/xml&amp;outputSchema=IsoRecord&amp;id=ab7a03e2-4bdd-4a49-bd92-4b0028bfcd51', 100, '2015-04-01 06:00:00', 'so', 'agi', 7.51722447887, 47.3788282077, 7.57801699535, 47.4009875844);
INSERT INTO metadb_relation (metadb_id_parent, metadb_id_child) VALUES ('3d69c24a-3bc0-42fc-a4f1-3aef480fc5b9', 'c865c041-b7f2-473d-a6d9-484346a1f47e');
INSERT INTO online_dataset (metadb_id, uri, format_mime, format_txt, srs_epsg, srs_txt, modified) VALUES ('c865c041-b7f2-473d-a6d9-484346a1f47e', 'http://www.catais.org/geodaten/ch/so/agi/av/dm01avch24d/itf/lv03/ch_261400.itf', 'text/x-interlis1', 'INTERLIS1', 21781, 'CH1903/LV03', '2015-04-01 06:00:00');
INSERT INTO online_dataset (metadb_id, uri, format_mime, format_txt, srs_epsg, srs_txt, modified) VALUES ('c865c041-b7f2-473d-a6d9-484346a1f47e', 'http://www.catais.org/geodaten/ch/so/agi/av/dm01avch24d/itf/lv95/ch_lv95_261400.itf', 'text/x-interlis1', 'INTERLIS1', 2056, 'CH1903+/LV95', '2015-04-01 06:00:00');
INSERT INTO online_dataset (metadb_id, uri, format_mime, format_txt, srs_epsg, srs_txt, modified) VALUES ('c865c041-b7f2-473d-a6d9-484346a1f47e', 'http://www.catais.org/geodaten/ch/so/agi/av/geobau/dxf/2614.dxf', 'application/x-dxf', 'DXF-GEOBAU', 21781, 'CH1903/LV03', '2015-04-01 06:00:00');
INSERT INTO online_dataset (metadb_id, uri, format_mime, format_txt, srs_epsg, srs_txt, modified) VALUES ('c865c041-b7f2-473d-a6d9-484346a1f47e', 'http://www.catais.org/geodaten/ch/so/agi/av/mopublic/gpkg/lv03/d/2614.gpkg', 'application/x-sqlite3', 'GeoPackage', 21781, 'CH1903/LV03', '2015-04-01 06:00:00');
INSERT INTO metadb (identifier, namespace, title, abstract, metadata_link, "type", modified, canton, data_responsibility, x_min, y_min, x_max, y_max) VALUES ('445d5330-3234-4c71-b23e-9ac38d2b282b', 'http://www.geo.so.ch', 'Amtliche Vermessung - Gemeinde Erschwil (2615)', 'Amtliche Vermessung der Gemeinde Erschwil (2615)', 'http://www.geocat.ch/geonetwork/srv/ger/csw?service=CSW&amp;version=2.0.2&amp;request=GetRecordById&amp;elementSetName=full&amp;outputFormat=application/xml&amp;outputSchema=IsoRecord&amp;id=ab7a03e2-4bdd-4a49-bd92-4b0028bfcd51', 100, '2015-04-01 06:00:00', 'so', 'agi', 7.51771267994, 47.3583047427, 7.57062322063, 47.3849092018);
INSERT INTO metadb_relation (metadb_id_parent, metadb_id_child) VALUES ('3d69c24a-3bc0-42fc-a4f1-3aef480fc5b9', '445d5330-3234-4c71-b23e-9ac38d2b282b');
INSERT INTO online_dataset (metadb_id, uri, format_mime, format_txt, srs_epsg, srs_txt, modified) VALUES ('445d5330-3234-4c71-b23e-9ac38d2b282b', 'http://www.catais.org/geodaten/ch/so/agi/av/dm01avch24d/itf/lv03/ch_261500.itf', 'text/x-interlis1', 'INTERLIS1', 21781, 'CH1903/LV03', '2015-04-01 06:00:00');
INSERT INTO online_dataset (metadb_id, uri, format_mime, format_txt, srs_epsg, srs_txt, modified) VALUES ('445d5330-3234-4c71-b23e-9ac38d2b282b', 'http://www.catais.org/geodaten/ch/so/agi/av/dm01avch24d/itf/lv95/ch_lv95_261500.itf', 'text/x-interlis1', 'INTERLIS1', 2056, 'CH1903+/LV95', '2015-04-01 06:00:00');
INSERT INTO online_dataset (metadb_id, uri, format_mime, format_txt, srs_epsg, srs_txt, modified) VALUES ('445d5330-3234-4c71-b23e-9ac38d2b282b', 'http://www.catais.org/geodaten/ch/so/agi/av/geobau/dxf/2615.dxf', 'application/x-dxf', 'DXF-GEOBAU', 21781, 'CH1903/LV03', '2015-04-01 06:00:00');
INSERT INTO online_dataset (metadb_id, uri, format_mime, format_txt, srs_epsg, srs_txt, modified) VALUES ('445d5330-3234-4c71-b23e-9ac38d2b282b', 'http://www.catais.org/geodaten/ch/so/agi/av/mopublic/gpkg/lv03/d/2615.gpkg', 'application/x-sqlite3', 'GeoPackage', 21781, 'CH1903/LV03', '2015-04-01 06:00:00');
INSERT INTO metadb (identifier, namespace, title, abstract, metadata_link, "type", modified, canton, data_responsibility, x_min, y_min, x_max, y_max) VALUES ('046e228c-772e-4f01-a635-43340f3adc0e', 'http://www.geo.so.ch', 'Amtliche Vermessung - Gemeinde Fehren (2616)', 'Amtliche Vermessung der Gemeinde Fehren (2616)', 'http://www.geocat.ch/geonetwork/srv/ger/csw?service=CSW&amp;version=2.0.2&amp;request=GetRecordById&amp;elementSetName=full&amp;outputFormat=application/xml&amp;outputSchema=IsoRecord&amp;id=ab7a03e2-4bdd-4a49-bd92-4b0028bfcd51', 100, '2015-04-01 06:00:00', 'so', 'agi', 7.56926557934, 47.3903636784, 7.5901339279, 47.4051413637);
INSERT INTO metadb_relation (metadb_id_parent, metadb_id_child) VALUES ('3d69c24a-3bc0-42fc-a4f1-3aef480fc5b9', '046e228c-772e-4f01-a635-43340f3adc0e');
INSERT INTO online_dataset (metadb_id, uri, format_mime, format_txt, srs_epsg, srs_txt, modified) VALUES ('046e228c-772e-4f01-a635-43340f3adc0e', 'http://www.catais.org/geodaten/ch/so/agi/av/dm01avch24d/itf/lv03/ch_261600.itf', 'text/x-interlis1', 'INTERLIS1', 21781, 'CH1903/LV03', '2015-04-01 06:00:00');
INSERT INTO online_dataset (metadb_id, uri, format_mime, format_txt, srs_epsg, srs_txt, modified) VALUES ('046e228c-772e-4f01-a635-43340f3adc0e', 'http://www.catais.org/geodaten/ch/so/agi/av/dm01avch24d/itf/lv95/ch_lv95_261600.itf', 'text/x-interlis1', 'INTERLIS1', 2056, 'CH1903+/LV95', '2015-04-01 06:00:00');
INSERT INTO online_dataset (metadb_id, uri, format_mime, format_txt, srs_epsg, srs_txt, modified) VALUES ('046e228c-772e-4f01-a635-43340f3adc0e', 'http://www.catais.org/geodaten/ch/so/agi/av/geobau/dxf/2616.dxf', 'application/x-dxf', 'DXF-GEOBAU', 21781, 'CH1903/LV03', '2015-04-01 06:00:00');
INSERT INTO online_dataset (metadb_id, uri, format_mime, format_txt, srs_epsg, srs_txt, modified) VALUES ('046e228c-772e-4f01-a635-43340f3adc0e', 'http://www.catais.org/geodaten/ch/so/agi/av/mopublic/gpkg/lv03/d/2616.gpkg', 'application/x-sqlite3', 'GeoPackage', 21781, 'CH1903/LV03', '2015-04-01 06:00:00');
INSERT INTO metadb (identifier, namespace, title, abstract, metadata_link, "type", modified, canton, data_responsibility, x_min, y_min, x_max, y_max) VALUES ('c8326862-f28c-4382-bf12-22c2728f5af4', 'http://www.geo.so.ch', 'Amtliche Vermessung - Gemeinde Grindel (2617)', 'Amtliche Vermessung der Gemeinde Grindel (2617)', 'http://www.geocat.ch/geonetwork/srv/ger/csw?service=CSW&amp;version=2.0.2&amp;request=GetRecordById&amp;elementSetName=full&amp;outputFormat=application/xml&amp;outputSchema=IsoRecord&amp;id=ab7a03e2-4bdd-4a49-bd92-4b0028bfcd51', 100, '2015-04-01 06:00:00', 'so', 'agi', 7.48869536773, 47.370647528, 7.52134062445, 47.3897430558);
INSERT INTO metadb_relation (metadb_id_parent, metadb_id_child) VALUES ('3d69c24a-3bc0-42fc-a4f1-3aef480fc5b9', 'c8326862-f28c-4382-bf12-22c2728f5af4');
INSERT INTO online_dataset (metadb_id, uri, format_mime, format_txt, srs_epsg, srs_txt, modified) VALUES ('c8326862-f28c-4382-bf12-22c2728f5af4', 'http://www.catais.org/geodaten/ch/so/agi/av/dm01avch24d/itf/lv03/ch_261700.itf', 'text/x-interlis1', 'INTERLIS1', 21781, 'CH1903/LV03', '2015-04-01 06:00:00');
INSERT INTO online_dataset (metadb_id, uri, format_mime, format_txt, srs_epsg, srs_txt, modified) VALUES ('c8326862-f28c-4382-bf12-22c2728f5af4', 'http://www.catais.org/geodaten/ch/so/agi/av/dm01avch24d/itf/lv95/ch_lv95_261700.itf', 'text/x-interlis1', 'INTERLIS1', 2056, 'CH1903+/LV95', '2015-04-01 06:00:00');
INSERT INTO online_dataset (metadb_id, uri, format_mime, format_txt, srs_epsg, srs_txt, modified) VALUES ('c8326862-f28c-4382-bf12-22c2728f5af4', 'http://www.catais.org/geodaten/ch/so/agi/av/geobau/dxf/2617.dxf', 'application/x-dxf', 'DXF-GEOBAU', 21781, 'CH1903/LV03', '2015-04-01 06:00:00');
INSERT INTO online_dataset (metadb_id, uri, format_mime, format_txt, srs_epsg, srs_txt, modified) VALUES ('c8326862-f28c-4382-bf12-22c2728f5af4', 'http://www.catais.org/geodaten/ch/so/agi/av/mopublic/gpkg/lv03/d/2617.gpkg', 'application/x-sqlite3', 'GeoPackage', 21781, 'CH1903/LV03', '2015-04-01 06:00:00');
INSERT INTO metadb (identifier, namespace, title, abstract, metadata_link, "type", modified, canton, data_responsibility, x_min, y_min, x_max, y_max) VALUES ('701b7a89-1600-4df8-93ab-3f5ff15735d1', 'http://www.geo.so.ch', 'Amtliche Vermessung - Gemeinde Himmelried (2618)', 'Amtliche Vermessung der Gemeinde Himmelried (2618)', 'http://www.geocat.ch/geonetwork/srv/ger/csw?service=CSW&amp;version=2.0.2&amp;request=GetRecordById&amp;elementSetName=full&amp;outputFormat=application/xml&amp;outputSchema=IsoRecord&amp;id=ab7a03e2-4bdd-4a49-bd92-4b0028bfcd51', 100, '2015-04-01 06:00:00', 'so', 'agi', 7.56746303281, 47.4113421892, 7.6175395681, 47.4369000863);
INSERT INTO metadb_relation (metadb_id_parent, metadb_id_child) VALUES ('3d69c24a-3bc0-42fc-a4f1-3aef480fc5b9', '701b7a89-1600-4df8-93ab-3f5ff15735d1');
INSERT INTO online_dataset (metadb_id, uri, format_mime, format_txt, srs_epsg, srs_txt, modified) VALUES ('701b7a89-1600-4df8-93ab-3f5ff15735d1', 'http://www.catais.org/geodaten/ch/so/agi/av/dm01avch24d/itf/lv03/ch_261800.itf', 'text/x-interlis1', 'INTERLIS1', 21781, 'CH1903/LV03', '2015-04-01 06:00:00');
INSERT INTO online_dataset (metadb_id, uri, format_mime, format_txt, srs_epsg, srs_txt, modified) VALUES ('701b7a89-1600-4df8-93ab-3f5ff15735d1', 'http://www.catais.org/geodaten/ch/so/agi/av/dm01avch24d/itf/lv95/ch_lv95_261800.itf', 'text/x-interlis1', 'INTERLIS1', 2056, 'CH1903+/LV95', '2015-04-01 06:00:00');
INSERT INTO online_dataset (metadb_id, uri, format_mime, format_txt, srs_epsg, srs_txt, modified) VALUES ('701b7a89-1600-4df8-93ab-3f5ff15735d1', 'http://www.catais.org/geodaten/ch/so/agi/av/geobau/dxf/2618.dxf', 'application/x-dxf', 'DXF-GEOBAU', 21781, 'CH1903/LV03', '2015-04-01 06:00:00');
INSERT INTO online_dataset (metadb_id, uri, format_mime, format_txt, srs_epsg, srs_txt, modified) VALUES ('701b7a89-1600-4df8-93ab-3f5ff15735d1', 'http://www.catais.org/geodaten/ch/so/agi/av/mopublic/gpkg/lv03/d/2618.gpkg', 'application/x-sqlite3', 'GeoPackage', 21781, 'CH1903/LV03', '2015-04-01 06:00:00');
INSERT INTO metadb (identifier, namespace, title, abstract, metadata_link, "type", modified, canton, data_responsibility, x_min, y_min, x_max, y_max) VALUES ('ca882be3-f9cc-4262-ad74-af8e3317ffc5', 'http://www.geo.so.ch', 'Amtliche Vermessung - Gemeinde Kleinlützel (2619)', 'Amtliche Vermessung der Gemeinde Kleinlützel (2619)', 'http://www.geocat.ch/geonetwork/srv/ger/csw?service=CSW&amp;version=2.0.2&amp;request=GetRecordById&amp;elementSetName=full&amp;outputFormat=application/xml&amp;outputSchema=IsoRecord&amp;id=ab7a03e2-4bdd-4a49-bd92-4b0028bfcd51', 100, '2015-04-01 06:00:00', 'so', 'agi', 7.37594626537, 47.4109286737, 7.45558670963, 47.4463252567);
INSERT INTO metadb_relation (metadb_id_parent, metadb_id_child) VALUES ('3d69c24a-3bc0-42fc-a4f1-3aef480fc5b9', 'ca882be3-f9cc-4262-ad74-af8e3317ffc5');
INSERT INTO online_dataset (metadb_id, uri, format_mime, format_txt, srs_epsg, srs_txt, modified) VALUES ('ca882be3-f9cc-4262-ad74-af8e3317ffc5', 'http://www.catais.org/geodaten/ch/so/agi/av/dm01avch24d/itf/lv03/ch_261900.itf', 'text/x-interlis1', 'INTERLIS1', 21781, 'CH1903/LV03', '2015-04-01 06:00:00');
INSERT INTO online_dataset (metadb_id, uri, format_mime, format_txt, srs_epsg, srs_txt, modified) VALUES ('ca882be3-f9cc-4262-ad74-af8e3317ffc5', 'http://www.catais.org/geodaten/ch/so/agi/av/dm01avch24d/itf/lv95/ch_lv95_261900.itf', 'text/x-interlis1', 'INTERLIS1', 2056, 'CH1903+/LV95', '2015-04-01 06:00:00');
INSERT INTO online_dataset (metadb_id, uri, format_mime, format_txt, srs_epsg, srs_txt, modified) VALUES ('ca882be3-f9cc-4262-ad74-af8e3317ffc5', 'http://www.catais.org/geodaten/ch/so/agi/av/geobau/dxf/2619.dxf', 'application/x-dxf', 'DXF-GEOBAU', 21781, 'CH1903/LV03', '2015-04-01 06:00:00');
INSERT INTO online_dataset (metadb_id, uri, format_mime, format_txt, srs_epsg, srs_txt, modified) VALUES ('ca882be3-f9cc-4262-ad74-af8e3317ffc5', 'http://www.catais.org/geodaten/ch/so/agi/av/mopublic/gpkg/lv03/d/2619.gpkg', 'application/x-sqlite3', 'GeoPackage', 21781, 'CH1903/LV03', '2015-04-01 06:00:00');
INSERT INTO metadb (identifier, namespace, title, abstract, metadata_link, "type", modified, canton, data_responsibility, x_min, y_min, x_max, y_max) VALUES ('080a01e5-9f8a-418c-8678-d6f28108e419', 'http://www.geo.so.ch', 'Amtliche Vermessung - Gemeinde Meltingen (2620)', 'Amtliche Vermessung der Gemeinde Meltingen (2620)', 'http://www.geocat.ch/geonetwork/srv/ger/csw?service=CSW&amp;version=2.0.2&amp;request=GetRecordById&amp;elementSetName=full&amp;outputFormat=application/xml&amp;outputSchema=IsoRecord&amp;id=ab7a03e2-4bdd-4a49-bd92-4b0028bfcd51', 100, '2015-04-01 06:00:00', 'so', 'agi', 7.56845376641, 47.3667840165, 7.61509708165, 47.3951669154);
INSERT INTO metadb_relation (metadb_id_parent, metadb_id_child) VALUES ('3d69c24a-3bc0-42fc-a4f1-3aef480fc5b9', '080a01e5-9f8a-418c-8678-d6f28108e419');
INSERT INTO online_dataset (metadb_id, uri, format_mime, format_txt, srs_epsg, srs_txt, modified) VALUES ('080a01e5-9f8a-418c-8678-d6f28108e419', 'http://www.catais.org/geodaten/ch/so/agi/av/dm01avch24d/itf/lv03/ch_262000.itf', 'text/x-interlis1', 'INTERLIS1', 21781, 'CH1903/LV03', '2015-04-01 06:00:00');
INSERT INTO online_dataset (metadb_id, uri, format_mime, format_txt, srs_epsg, srs_txt, modified) VALUES ('080a01e5-9f8a-418c-8678-d6f28108e419', 'http://www.catais.org/geodaten/ch/so/agi/av/dm01avch24d/itf/lv95/ch_lv95_262000.itf', 'text/x-interlis1', 'INTERLIS1', 2056, 'CH1903+/LV95', '2015-04-01 06:00:00');
INSERT INTO online_dataset (metadb_id, uri, format_mime, format_txt, srs_epsg, srs_txt, modified) VALUES ('080a01e5-9f8a-418c-8678-d6f28108e419', 'http://www.catais.org/geodaten/ch/so/agi/av/geobau/dxf/2620.dxf', 'application/x-dxf', 'DXF-GEOBAU', 21781, 'CH1903/LV03', '2015-04-01 06:00:00');
INSERT INTO online_dataset (metadb_id, uri, format_mime, format_txt, srs_epsg, srs_txt, modified) VALUES ('080a01e5-9f8a-418c-8678-d6f28108e419', 'http://www.catais.org/geodaten/ch/so/agi/av/mopublic/gpkg/lv03/d/2620.gpkg', 'application/x-sqlite3', 'GeoPackage', 21781, 'CH1903/LV03', '2015-04-01 06:00:00');
INSERT INTO metadb (identifier, namespace, title, abstract, metadata_link, "type", modified, canton, data_responsibility, x_min, y_min, x_max, y_max) VALUES ('6e6cf1ca-badc-4322-a493-f8accade93fa', 'http://www.geo.so.ch', 'Amtliche Vermessung - Gemeinde Nunningen (2621)', 'Amtliche Vermessung der Gemeinde Nunningen (2621)', 'http://www.geocat.ch/geonetwork/srv/ger/csw?service=CSW&amp;version=2.0.2&amp;request=GetRecordById&amp;elementSetName=full&amp;outputFormat=application/xml&amp;outputSchema=IsoRecord&amp;id=ab7a03e2-4bdd-4a49-bd92-4b0028bfcd51', 100, '2015-04-01 06:00:00', 'so', 'agi', 7.58468037359, 47.3684123663, 7.64176142822, 47.4158468141);
INSERT INTO metadb_relation (metadb_id_parent, metadb_id_child) VALUES ('3d69c24a-3bc0-42fc-a4f1-3aef480fc5b9', '6e6cf1ca-badc-4322-a493-f8accade93fa');
INSERT INTO online_dataset (metadb_id, uri, format_mime, format_txt, srs_epsg, srs_txt, modified) VALUES ('6e6cf1ca-badc-4322-a493-f8accade93fa', 'http://www.catais.org/geodaten/ch/so/agi/av/dm01avch24d/itf/lv03/ch_262100.itf', 'text/x-interlis1', 'INTERLIS1', 21781, 'CH1903/LV03', '2015-04-01 06:00:00');
INSERT INTO online_dataset (metadb_id, uri, format_mime, format_txt, srs_epsg, srs_txt, modified) VALUES ('6e6cf1ca-badc-4322-a493-f8accade93fa', 'http://www.catais.org/geodaten/ch/so/agi/av/dm01avch24d/itf/lv95/ch_lv95_262100.itf', 'text/x-interlis1', 'INTERLIS1', 2056, 'CH1903+/LV95', '2015-04-01 06:00:00');
INSERT INTO online_dataset (metadb_id, uri, format_mime, format_txt, srs_epsg, srs_txt, modified) VALUES ('6e6cf1ca-badc-4322-a493-f8accade93fa', 'http://www.catais.org/geodaten/ch/so/agi/av/geobau/dxf/2621.dxf', 'application/x-dxf', 'DXF-GEOBAU', 21781, 'CH1903/LV03', '2015-04-01 06:00:00');
INSERT INTO online_dataset (metadb_id, uri, format_mime, format_txt, srs_epsg, srs_txt, modified) VALUES ('6e6cf1ca-badc-4322-a493-f8accade93fa', 'http://www.catais.org/geodaten/ch/so/agi/av/mopublic/gpkg/lv03/d/2621.gpkg', 'application/x-sqlite3', 'GeoPackage', 21781, 'CH1903/LV03', '2015-04-01 06:00:00');
INSERT INTO metadb (identifier, namespace, title, abstract, metadata_link, "type", modified, canton, data_responsibility, x_min, y_min, x_max, y_max) VALUES ('b14e40ff-f90d-4862-a91c-8561ac2b7f63', 'http://www.geo.so.ch', 'Amtliche Vermessung - Gemeinde Zullwil (2622)', 'Amtliche Vermessung der Gemeinde Zullwil (2622)', 'http://www.geocat.ch/geonetwork/srv/ger/csw?service=CSW&amp;version=2.0.2&amp;request=GetRecordById&amp;elementSetName=full&amp;outputFormat=application/xml&amp;outputSchema=IsoRecord&amp;id=ab7a03e2-4bdd-4a49-bd92-4b0028bfcd51', 100, '2015-04-01 06:00:00', 'so', 'agi', 7.58606410589, 47.3713055914, 7.61951082749, 47.4045952933);
INSERT INTO metadb_relation (metadb_id_parent, metadb_id_child) VALUES ('3d69c24a-3bc0-42fc-a4f1-3aef480fc5b9', 'b14e40ff-f90d-4862-a91c-8561ac2b7f63');
INSERT INTO online_dataset (metadb_id, uri, format_mime, format_txt, srs_epsg, srs_txt, modified) VALUES ('b14e40ff-f90d-4862-a91c-8561ac2b7f63', 'http://www.catais.org/geodaten/ch/so/agi/av/dm01avch24d/itf/lv03/ch_262200.itf', 'text/x-interlis1', 'INTERLIS1', 21781, 'CH1903/LV03', '2015-04-01 06:00:00');
INSERT INTO online_dataset (metadb_id, uri, format_mime, format_txt, srs_epsg, srs_txt, modified) VALUES ('b14e40ff-f90d-4862-a91c-8561ac2b7f63', 'http://www.catais.org/geodaten/ch/so/agi/av/dm01avch24d/itf/lv95/ch_lv95_262200.itf', 'text/x-interlis1', 'INTERLIS1', 2056, 'CH1903+/LV95', '2015-04-01 06:00:00');
INSERT INTO online_dataset (metadb_id, uri, format_mime, format_txt, srs_epsg, srs_txt, modified) VALUES ('b14e40ff-f90d-4862-a91c-8561ac2b7f63', 'http://www.catais.org/geodaten/ch/so/agi/av/geobau/dxf/2622.dxf', 'application/x-dxf', 'DXF-GEOBAU', 21781, 'CH1903/LV03', '2015-04-01 06:00:00');
INSERT INTO online_dataset (metadb_id, uri, format_mime, format_txt, srs_epsg, srs_txt, modified) VALUES ('b14e40ff-f90d-4862-a91c-8561ac2b7f63', 'http://www.catais.org/geodaten/ch/so/agi/av/mopublic/gpkg/lv03/d/2622.gpkg', 'application/x-sqlite3', 'GeoPackage', 21781, 'CH1903/LV03', '2015-04-01 06:00:00');
